order_id,order_date,region,city,category,product,channel,segment,units,unit_price,discount_pct,revenue,cost,profit,returned,customer_id
ORD-100000,2023-01-01,South,Hyderabad,Apparel,Cotton T-Shirt,Online,Home Office,2,986.68,0.15,1677.36,762.01,915.35,No,CUST-1161
ORD-100001,2023-01-02,South,Chennai,Electronics,Smart Watch,Online,Corporate,4,3164.69,0.0,12658.76,7395.05,5263.71,No,CUST-1870
ORD-100002,2023-01-02,West,Pune,Electronics,Smart Watch,Online,Consumer,2,1831.57,0.0,3663.14,1947.4,1715.74,No,CUST-1095
ORD-100003,2023-01-02,East,Kolkata,Apparel,Denim Jeans,Retail Store,Consumer,5,1083.13,0.0,5415.65,3695.22,-1110.9,Yes,CUST-1729
ORD-100004,2023-01-02,North,Delhi,Beauty,Face Wash,Retail Store,Consumer,2,400.25,0.0,800.5,364.47,436.03,No,CUST-1628
ORD-100005,2023-01-02,North,Chandigarh,Home & Kitchen,Chef Knife,Online,Consumer,6,2771.74,0.05,15798.92,9533.35,6265.57,No,CUST-1114
ORD-100006,2023-01-03,East,Patna,Apparel,Rain Jacket,Partner,Corporate,5,901.34,0.3,3154.69,2144.94,1009.75,No,CUST-1824
ORD-100007,2023-01-03,South,Bengaluru,Home & Kitchen,Espresso Machine,Online,Consumer,8,1628.94,0.3,9122.06,4245.52,4876.54,No,CUST-1146
ORD-100008,2023-01-03,North,Jaipur,Apparel,Wool Sweater,Retail Store,Consumer,2,993.74,0.2,1589.98,1186.35,403.63,No,CUST-1144
ORD-100009,2023-01-04,South,Kochi,Home & Kitchen,Cookware Set,Online,Consumer,3,1728.45,0.15,4407.55,2508.76,1898.79,No,CUST-1489
ORD-100010,2023-01-04,East,Patna,Apparel,Wool Sweater,Online,Home Office,2,1250.88,0.0,2501.76,1262.23,1239.53,No,CUST-1092
ORD-100011,2023-01-05,West,Mumbai,Home & Kitchen,Air Fryer,Online,Corporate,6,2166.06,0.05,12346.54,6474.57,5871.97,No,CUST-1092
ORD-100012,2023-01-05,South,Hyderabad,Apparel,Rain Jacket,Retail Store,Home Office,1,945.68,0.2,756.54,425.05,331.49,No,CUST-1561
ORD-100013,2023-01-05,South,Bengaluru,Sports,Dumbbell Set,Online,Consumer,6,1500.94,0.3,6303.95,3249.46,3054.49,No,CUST-1867
ORD-100014,2023-01-05,North,Delhi,Apparel,Cotton T-Shirt,Online,Consumer,7,762.38,0.3,3735.66,2310.47,1425.19,No,CUST-1047
ORD-100015,2023-01-05,South,Bengaluru,Electronics,Wireless Earbuds,Retail Store,Consumer,6,2104.03,0.05,11992.97,7901.78,4091.19,No,CUST-1574
ORD-100016,2023-01-05,North,Chandigarh,Electronics,4K Monitor,Retail Store,Home Office,2,3201.59,0.1,5762.86,3417.56,2345.3,No,CUST-1541
ORD-100017,2023-01-05,South,Bengaluru,Apparel,Cotton T-Shirt,Retail Store,Consumer,4,742.49,0.1,2672.96,1579.51,1093.45,No,CUST-1059
ORD-100018,2023-01-06,East,Guwahati,Home & Kitchen,Air Fryer,Retail Store,Corporate,5,1644.3,0.0,8221.5,5820.5,2401.0,No,CUST-1134
ORD-100019,2023-01-07,North,Delhi,Home & Kitchen,Cookware Set,Retail Store,Consumer,4,2569.19,0.0,10276.76,5645.39,4631.37,No,CUST-1399
ORD-100020,2023-01-07,North,Jaipur,Home & Kitchen,Cookware Set,Retail Store,Consumer,4,2420.96,0.0,9683.84,6347.89,-4804.1,Yes,CUST-1623
ORD-100021,2023-01-07,North,Chandigarh,Electronics,Bluetooth Speaker,Online,Consumer,7,2129.77,0.2,11926.71,8881.39,3045.32,No,CUST-1199
ORD-100022,2023-01-07,West,Pune,Home & Kitchen,Espresso Machine,Online,Consumer,7,1875.51,0.0,13128.57,6867.55,6261.02,No,CUST-1390
ORD-100023,2023-01-08,East,Guwahati,Home & Kitchen,Espresso Machine,Online,Corporate,3,1739.96,0.2,4175.9,2733.41,1442.49,No,CUST-1441
ORD-100024,2023-01-08,North,Chandigarh,Apparel,Wool Sweater,Online,Home Office,3,1364.38,0.05,3888.48,2966.25,922.23,No,CUST-1640
ORD-100025,2023-01-08,West,Ahmedabad,Apparel,Rain Jacket,Online,Corporate,2,1176.82,0.25,1765.23,1102.97,662.26,No,CUST-1222
ORD-100026,2023-01-08,South,Bengaluru,Electronics,4K Monitor,Online,Consumer,4,2671.77,0.0,10687.08,8254.45,-1151.42,Yes,CUST-1620
ORD-100027,2023-01-09,South,Kochi,Apparel,Rain Jacket,Online,Corporate,5,1106.13,0.0,5530.65,3054.66,2475.99,No,CUST-1748
ORD-100028,2023-01-10,West,Surat,Beauty,Hair Oil,Retail Store,Consumer,6,344.47,0.0,2066.82,1314.95,751.87,No,CUST-1524
ORD-100029,2023-01-10,North,Chandigarh,Sports,Cricket Bat,Retail Store,Corporate,3,1135.65,0.05,3236.6,1788.68,1447.92,No,CUST-1648
ORD-100030,2023-01-10,North,Chandigarh,Home & Kitchen,Espresso Machine,Online,Corporate,2,2225.4,0.15,3783.18,1707.07,2076.11,No,CUST-1150
ORD-100031,2023-01-12,South,Hyderabad,Electronics,Wireless Earbuds,Partner,Consumer,1,3241.01,0.0,3241.01,2525.11,-477.77,Yes,CUST-1815
ORD-100032,2023-01-12,North,Jaipur,Home & Kitchen,Espresso Machine,Online,Consumer,1,2129.55,0.2,1703.64,901.6,802.04,No,CUST-1271
ORD-100033,2023-01-12,East,Guwahati,Beauty,Hair Oil,Online,Consumer,1,518.33,0.3,362.83,279.79,83.04,No,CUST-1178
ORD-100034,2023-01-13,North,Jaipur,Apparel,Wool Sweater,Online,Consumer,2,1000.19,0.0,2000.38,1331.25,669.13,No,CUST-1493
ORD-100035,2023-01-13,North,Delhi,Beauty,Hair Oil,Online,Home Office,6,474.04,0.0,2844.24,2128.34,715.9,No,CUST-1346
ORD-100036,2023-01-14,North,Lucknow,Electronics,4K Monitor,Online,Corporate,7,2758.82,0.3,13518.22,10397.9,3120.32,No,CUST-1415
ORD-100037,2023-01-14,South,Chennai,Electronics,Smart Watch,Retail Store,Consumer,8,2674.95,0.15,18189.66,11593.79,6595.87,No,CUST-1724
ORD-100038,2023-01-15,North,Jaipur,Electronics,Wireless Earbuds,Online,Consumer,5,3103.08,0.3,10860.78,8470.3,2390.48,No,CUST-1482
ORD-100039,2023-01-16,North,,Electronics,Wireless Earbuds,Online,Corporate,4,3220.0,0.2,10304.0,7245.97,3058.03,No,CUST-1336
ORD-100040,2023-01-17,West,Ahmedabad,Beauty,Sunscreen SPF50,Online,Consumer,8,513.78,0.2,3288.19,2048.08,1240.11,No,CUST-1720
ORD-100041,2023-01-17,North,Chandigarh,Apparel,Cotton T-Shirt,Online,Consumer,2,729.46,0.0,1458.92,971.83,487.09,No,CUST-1341
ORD-100042,2023-01-17,South,Bengaluru,Electronics,Bluetooth Speaker,Retail Store,Corporate,6,2305.69,0.1,12450.73,6401.04,6049.69,No,CUST-1862
ORD-100043,2023-01-17,North,Jaipur,Apparel,Cotton T-Shirt,Retail Store,Consumer,7,1071.72,0.05,7126.94,3233.07,3893.87,No,CUST-1887
ORD-100044,2023-01-18,South,Hyderabad,Apparel,Cotton T-Shirt,Retail Store,Consumer,5,1304.55,0.25,4892.06,2615.98,2276.08,No,CUST-1422
ORD-100045,2023-01-18,North,Jaipur,Apparel,Rain Jacket,Retail Store,Consumer,3,1018.76,0.0,3056.28,1814.03,1242.25,No,CUST-1693
ORD-100046,2023-01-19,East,Kolkata,Electronics,Power Bank,Online,Consumer,5,2689.92,0.0,13449.6,7064.5,-2343.87,Yes,CUST-1637
ORD-100047,2023-01-19,North,Lucknow,Home & Kitchen,Chef Knife,Online,Home Office,8,2291.4,0.15,15581.52,9654.81,5926.71,No,CUST-1774
ORD-100048,2023-01-20,West,Pune,Electronics,Bluetooth Speaker,Retail Store,Corporate,2,2219.06,0.3,3106.68,2072.53,1034.15,No,CUST-1415
ORD-100049,2023-01-20,West,Ahmedabad,Beauty,Hair Oil,Online,Home Office,5,635.36,0.3,2223.76,1481.94,741.82,No,CUST-1366
ORD-100050,2023-01-20,North,Jaipur,Electronics,Power Bank,Online,Home Office,1,3082.01,0.15,2619.71,1951.53,668.18,No,CUST-1248
ORD-100051,2023-01-21,North,Chandigarh,Home & Kitchen,Chef Knife,Online,Consumer,2,1863.71,0.05,3541.05,2722.66,818.39,No,CUST-1527
ORD-100052,2023-01-21,North,Lucknow,Beauty,Hair Oil,Retail Store,Consumer,7,475.52,0.0,3328.64,2476.27,852.37,No,CUST-1554
ORD-100053,2023-01-21,East,Patna,Electronics,Wireless Earbuds,Online,Corporate,4,2619.0,0.3,7333.2,4800.74,2532.46,No,CUST-1405
ORD-100054,2023-01-21,North,Delhi,Electronics,Smart Watch,Partner,Consumer,2,3818.24,0.0,7636.48,3954.95,3681.53,No,CUST-1279
ORD-100055,2023-01-22,West,Ahmedabad,Sports,Running Shoes,Online,Home Office,3,1281.13,0.0,3843.39,2926.12,917.27,No,CUST-1405
ORD-100056,2023-01-22,East,Patna,Apparel,Wool Sweater,Online,Consumer,1,1021.94,0.1,919.75,466.96,452.79,No,CUST-1451
ORD-100057,2023-01-22,East,Bhubaneswar,Home & Kitchen,Chef Knife,Online,Consumer,7,2464.82,0.05,16391.05,8195.05,8196.0,No,CUST-1114
ORD-100058,2023-01-22,South,,Electronics,Power Bank,Online,Corporate,8,2482.51,0.1,17874.07,9916.5,-2356.34,Yes,CUST-1594
ORD-100059,2023-01-22,West,Mumbai,Electronics,4K Monitor,Online,Home Office,1,3092.94,0.3,2165.06,1384.1,780.96,No,CUST-1757
ORD-100060,2023-01-23,North,Delhi,Apparel,Wool Sweater,Retail Store,Corporate,2,1048.78,0.0,2097.56,1415.61,681.95,No,CUST-1289
ORD-100061,2023-01-23,South,Bengaluru,Beauty,Sunscreen SPF50,Online,Consumer,7,325.53,0.25,1709.03,776.56,932.47,No,CUST-1351
ORD-100062,2023-01-23,North,Lucknow,Electronics,Wireless Earbuds,Online,Consumer,8,3133.56,0.0,25068.48,17717.08,7351.4,No,CUST-1083
ORD-100063,2023-01-23,West,Surat,Beauty,Vitamin C Serum,Online,Consumer,7,489.88,0.0,3429.16,1741.18,1687.98,No,CUST-1523
ORD-100064,2023-01-25,South,Hyderabad,Home & Kitchen,Espresso Machine,Online,Corporate,6,2254.72,0.0,13528.32,7411.35,6116.97,No,CUST-1384
ORD-100065,2023-01-25,East,Bhubaneswar,Electronics,Wireless Earbuds,Partner,Consumer,7,2993.83,,16765.45,9326.43,7439.02,No,CUST-1771
ORD-100066,2023-01-27,North,Lucknow,Electronics,Power Bank,Online,Corporate,3,3140.62,0.25,7066.4,3955.11,3111.29,No,CUST-1816
ORD-100067,2023-01-27,West,Pune,Electronics,Smart Watch,Retail Store,Consumer,8,3846.26,0.25,23077.56,16175.55,6902.01,No,CUST-1696
ORD-100068,2023-01-28,South,Chennai,Apparel,Wool Sweater,Online,Consumer,8,733.73,0.0,5869.84,2720.74,3149.1,No,CUST-1189
ORD-100069,2023-01-28,South,Hyderabad,Home & Kitchen,Cookware Set,Online,Home Office,2,2029.33,0.2,3246.93,1671.68,1575.25,No,CUST-1178
ORD-100070,2023-01-28,West,Pune,Apparel,Rain Jacket,Retail Store,Consumer,1,1136.68,0.0,1136.68,519.88,-312.91,Yes,CUST-1437
ORD-100071,2023-01-28,South,Bengaluru,Electronics,Power Bank,Online,Corporate,218,3289.29,0.15,609505.44,377893.37,231612.07,No,CUST-1556
ORD-100072,2023-01-29,South,Hyderabad,Home & Kitchen,Espresso Machine,Retail Store,Consumer,7,2417.96,0.2,13540.58,10488.92,3051.66,No,CUST-1028
ORD-100073,2023-01-29,South,Kochi,Home & Kitchen,Air Fryer,Online,Home Office,7,3527.12,0.0,24689.84,16484.19,8205.65,No,CUST-1446
ORD-100074,2023-01-29,North,Delhi,Apparel,Rain Jacket,Online,Consumer,2,1126.25,0.0,2252.5,1452.29,800.21,No,CUST-1078
ORD-100075,2023-01-30,North,Delhi,Home & Kitchen,Cookware Set,Partner,Consumer,4,2744.24,0.0,10976.96,8229.01,2747.95,No,CUST-1234
ORD-100076,2023-01-30,North,Jaipur,Electronics,4K Monitor,Online,Corporate,7,2776.74,0.2,15549.74,8305.66,7244.08,No,CUST-1323
ORD-100077,2023-02-01,North,Lucknow,Home & Kitchen,Air Fryer,Partner,Corporate,1,2034.11,0.15,1728.99,815.97,913.02,No,CUST-1036
ORD-100078,2023-02-01,West,Ahmedabad,Apparel,Denim Jeans,Partner,Consumer,6,1094.35,0.0,6566.1,4059.75,2506.35,No,CUST-1236
ORD-100079,2023-02-02,South,Hyderabad,Apparel,Wool Sweater,Online,Consumer,3,1360.09,0.1,3672.24,1968.01,1704.23,No,CUST-1566
ORD-100080,2023-02-02,South,Hyderabad,Electronics,4K Monitor,Online,Consumer,1,3844.34,0.25,2883.26,1726.66,1156.6,No,CUST-1898
ORD-100081,2023-02-02,South,,Home & Kitchen,Cookware Set,Retail Store,Home Office,2,2836.07,0.0,5672.14,3406.57,2265.57,No,CUST-1701
ORD-100082,2023-02-02,South,Hyderabad,Home & Kitchen,Chef Knife,Online,Corporate,6,2482.69,0.15,12661.72,7029.97,5631.75,No,CUST-1275
ORD-100083,2023-02-02,East,Kolkata,Apparel,Denim Jeans,Retail Store,Home Office,7,1080.18,0.0,7561.26,4616.05,2945.21,No,CUST-1847
ORD-100084,2023-02-03,West,Mumbai,Beauty,Sunscreen SPF50,Online,Home Office,1,565.33,0.0,565.33,325.32,240.01,No,CUST-1396
ORD-100085,2023-02-03,West,Surat,Beauty,Hair Oil,Online,Consumer,4,682.59,0.05,2593.84,1264.0,1329.84,No,CUST-1319
ORD-100086,2023-02-03,South,Hyderabad,Electronics,Power Bank,Online,Consumer,2,4186.81,0.05,7954.94,5854.99,2099.95,No,CUST-1762
ORD-100087,2023-02-04,North,Delhi,Home & Kitchen,Espresso Machine,Retail Store,Corporate,6,2031.04,0.1,10967.62,7473.56,3494.06,No,CUST-1359
ORD-100088,2023-02-05,South,Chennai,Apparel,Cotton T-Shirt,Retail Store,Corporate,7,1375.91,0.0,9631.37,4465.41,5165.96,No,CUST-1664
ORD-100089,2023-02-06,South,Bengaluru,Sports,Running Shoes,Retail Store,Corporate,8,1370.49,0.05,10415.72,5085.05,5330.67,No,CUST-1146
ORD-100090,2023-02-06,South,Hyderabad,Electronics,Power Bank,Online,Consumer,3,3901.3,0.15,9948.32,4793.6,5154.72,No,CUST-1299
ORD-100091,2023-02-07,East,Patna,Electronics,4K Monitor,Online,Home Office,3,3387.87,0.05,9655.43,4541.68,5113.75,No,CUST-1886
ORD-100092,2023-02-07,South,Chennai,Apparel,Cotton T-Shirt,Online,Corporate,3,1585.61,0.15,4043.31,1898.29,2145.02,No,CUST-1219
ORD-100093,2023-02-07,North,Jaipur,Electronics,4K Monitor,Online,Corporate,7,3213.36,0.0,22493.52,11288.31,11205.21,No,CUST-1764
ORD-100094,2023-02-07,South,Bengaluru,Home & Kitchen,Chef Knife,Online,,4,2715.25,0.0,10861.0,7926.32,2934.68,No,CUST-1419
ORD-100095,2023-02-07,South,Chennai,Apparel,Cotton T-Shirt,Retail Store,Consumer,1,1337.64,0.25,1003.23,725.65,277.58,No,CUST-1861
ORD-100096,2023-02-08,North,Jaipur,Electronics,4K Monitor,Online,Corporate,8,2860.35,0.1,20594.52,14589.95,6004.57,No,CUST-1374
ORD-100097,2023-02-09,North,Delhi,Apparel,Wool Sweater,Online,Corporate,1,1161.75,0.15,987.49,644.69,342.8,No,CUST-1445
ORD-100098,2023-02-09,East,,Beauty,Face Wash,Retail Store,Consumer,8,555.84,0.2,3557.38,2450.16,1107.22,No,CUST-1355
ORD-100099,2023-02-09,South,Kochi,Beauty,Hair Oil,Online,Consumer,2,523.84,0.0,1047.68,726.77,-467.42,Yes,CUST-1188
ORD-100100,2023-02-09,North,Lucknow,Apparel,Rain Jacket,Partner,Corporate,5,1067.17,0.3,3735.1,2776.95,958.15,No,CUST-1759
ORD-100101,2023-02-09,South,Chennai,Electronics,Bluetooth Speaker,Online,Home Office,3,4412.51,0.05,12575.65,8698.24,3877.41,No,CUST-1515
ORD-100102,2023-02-10,East,Patna,Electronics,Bluetooth Speaker,Online,Consumer,6,3079.05,0.3,12932.01,8962.29,3969.72,No,CUST-1454
ORD-100103,2023-02-10,North,Delhi,Beauty,Hair Oil,Partner,Consumer,4,664.79,,2526.2,1807.11,719.09,No,CUST-1334
ORD-100104,2023-02-10,West,Surat,Home & Kitchen,Air Fryer,Retail Store,Consumer,3,2799.68,0.05,7979.09,5055.53,2923.56,No,CUST-1695
ORD-100105,2023-02-10,West,Pune,Home & Kitchen,Espresso Machine,Retail Store,Consumer,4,1814.12,0.15,6168.01,3209.21,2958.8,No,CUST-1313
ORD-100106,2023-02-10,South,Hyderabad,Beauty,Sunscreen SPF50,Online,Consumer,8,659.09,0.0,5272.72,2519.83,-2258.33,Yes,CUST-1213
ORD-100107,2023-02-11,East,Kolkata,Electronics,Power Bank,Online,Consumer,2,2446.02,0.15,4158.23,2446.22,1712.01,No,CUST-1074
ORD-100108,2023-02-12,North,Lucknow,Home & Kitchen,Cookware Set,Retail Store,Corporate,2,2982.94,0.3,4176.12,2005.61,2170.51,No,CUST-1785
ORD-100109,2023-02-13,West,Pune,Electronics,Bluetooth Speaker,Online,Consumer,1,3155.26,0.15,2681.97,1356.73,1325.24,No,CUST-1065
ORD-100110,2023-02-13,South,Kochi,Electronics,Power Bank,Online,Consumer,6,3558.89,0.0,21353.34,9776.99,11576.35,No,CUST-1760
ORD-100111,2023-02-14,West,Mumbai,Apparel,Cotton T-Shirt,Online,Home Office,6,847.14,0.2,4066.27,2232.66,1833.61,No,CUST-1340
ORD-100112,2023-02-14,South,Hyderabad,Apparel,Denim Jeans,Online,Consumer,5,1216.54,0.0,6082.7,4684.28,1398.42,No,CUST-1002
ORD-100113,2023-02-14,North,Delhi,Sports,Running Shoes,Online,Corporate,1,1936.03,0.0,1936.03,1113.31,822.72,No,CUST-1833
ORD-100114,2023-02-14,North,Lucknow,Apparel,Denim Jeans,Retail Store,Consumer,7,974.77,0.0,6823.39,3612.95,3210.44,No,CUST-1666
ORD-100115,2023-02-15,East,Guwahati,Beauty,Face Wash,Online,Corporate,7,513.55,0.0,3594.85,2096.29,-1430.4,Yes,CUST-1650
ORD-100116,2023-02-15,South,Hyderabad,Beauty,Face Wash,Partner,Corporate,8,652.15,0.0,5217.2,2866.55,2350.65,No,CUST-1493
ORD-100117,2023-02-16,North,Lucknow,Home & Kitchen,Cookware Set,Online,Consumer,8,2903.17,0.0,23225.36,15616.25,7609.11,No,CUST-1684
ORD-100118,2023-02-16,East,Bhubaneswar,Sports,Running Shoes,Online,Corporate,3,747.76,0.25,1682.46,1109.37,573.09,No,CUST-1119
ORD-100119,2023-02-16,West,Mumbai,Apparel,Cotton T-Shirt,Online,Corporate,6,1712.58,0.1,9247.93,4245.01,5002.92,No,CUST-1210
ORD-100120,2023-02-16,South,Bengaluru,Apparel,Wool Sweater,Retail Store,Consumer,4,1324.76,0.0,5299.04,3278.71,-545.61,Yes,CUST-1489
ORD-100121,2023-02-17,South,Bengaluru,Electronics,4K Monitor,Retail Store,Corporate,5,4107.07,0.05,19508.58,9011.91,10496.67,No,CUST-1661
ORD-100122,2023-02-17,North,Lucknow,Electronics,Bluetooth Speaker,Online,Consumer,3,3449.4,0.2,8278.56,5575.86,2702.7,No,CUST-1529
ORD-100123,2023-02-17,East,Patna,Beauty,Face Wash,Online,Consumer,6,351.41,0.2,1686.77,1279.95,406.82,No,CUST-1365
ORD-100124,2023-02-18,North,Jaipur,Apparel,Wool Sweater,Retail Store,Home Office,8,1364.14,0.0,10913.12,8179.07,2734.05,No,CUST-1604
ORD-100125,2023-02-18,West,Surat,Apparel,Rain Jacket,Online,Consumer,6,1040.36,0.0,6242.16,3232.72,3009.44,No,CUST-1053
ORD-100126,2023-02-18,South,Bengaluru,Electronics,Smart Watch,Retail Store,Consumer,8,3991.66,0.3,22353.3,15537.17,6816.13,No,CUST-1457
ORD-100127,2023-02-19,South,Hyderabad,Apparel,Cotton T-Shirt,Retail Store,Consumer,8,1131.4,0.15,7693.52,5475.57,2217.95,No,CUST-1355
ORD-100128,2023-02-19,North,Jaipur,Home & Kitchen,Espresso Machine,Online,Home Office,1,2770.38,0.3,1939.27,1425.83,513.44,No,CUST-1448
ORD-100129,2023-02-20,North,Delhi,Electronics,Bluetooth Speaker,Retail Store,Consumer,8,2959.19,0.0,23673.52,12681.14,-10565.08,Yes,CUST-1118
ORD-100130,2023-02-20,East,Guwahati,Beauty,Vitamin C Serum,Retail Store,Consumer,7,707.8,0.0,4954.6,2966.69,1987.91,No,CUST-1813
ORD-100131,2023-02-20,South,,Home & Kitchen,Chef Knife,Online,Corporate,4,1945.56,0.05,7393.13,3867.32,3525.81,No,CUST-1768
ORD-100132,2023-02-21,South,Chennai,Beauty,Face Wash,Online,Corporate,5,888.9,0.0,4444.5,2035.68,2408.82,No,CUST-1848
ORD-100133,2023-02-22,West,Mumbai,Electronics,Smart Watch,Online,Consumer,5,5328.6,,21314.4,14226.81,7087.59,No,CUST-1756
ORD-100134,2023-02-22,West,Pune,Home & Kitchen,Air Fryer,Retail Store,Home Office,7,3582.88,0.2,20064.13,11885.65,-5188.58,Yes,CUST-1597
ORD-100135,2023-02-22,West,Mumbai,Electronics,Power Bank,Online,Consumer,7,4574.58,0.0,32022.06,17031.85,14990.21,No,CUST-1258
ORD-100136,2023-02-22,North,Lucknow,Apparel,Denim Jeans,Online,Corporate,1,1168.84,0.15,993.51,724.81,268.7,No,CUST-1102
ORD-100137,2023-02-23,South,Chennai,Home & Kitchen,Espresso Machine,Online,Consumer,1,3314.76,0.05,3149.02,1932.16,1216.86,No,CUST-1550
ORD-100138,2023-02-24,West,Mumbai,Home & Kitchen,Cookware Set,Online,Consumer,2,2582.56,0.15,4390.35,3416.73,973.62,No,CUST-1851
ORD-100139,2023-02-24,South,Hyderabad,Electronics,Smart Watch,Online,Home Office,5,2353.41,0.05,11178.7,7957.09,3221.61,No,CUST-1327
ORD-100140,2023-02-25,North,Lucknow,Beauty,Sunscreen SPF50,Online,Consumer,7,793.14,0.1,4996.78,3681.83,1314.95,No,CUST-1893
ORD-100141,2023-02-25,East,Guwahati,Electronics,4K Monitor,Online,Consumer,6,4465.27,0.2,21433.3,15114.76,6318.54,No,CUST-1138
ORD-100142,2023-02-25,South,Kochi,Home & Kitchen,Cookware Set,Online,Consumer,2,2622.52,0.0,5245.04,2543.61,2701.43,No,CUST-1254
ORD-100143,2023-02-25,South,Hyderabad,Sports,Cricket Bat,Retail Store,Consumer,6,1182.52,0.0,7095.12,3345.06,3750.06,No,CUST-1584
ORD-100144,2023-02-26,West,Ahmedabad,Apparel,Denim Jeans,Retail Store,Home Office,4,1039.25,0.2,3325.6,2500.77,824.83,No,CUST-1443
ORD-100145,2023-02-26,East,Guwahati,Beauty,Vitamin C Serum,Online,Consumer,3,357.62,0.3,751.0,372.2,-294.88,Yes,CUST-1684
ORD-100146,2023-02-28,South,Bengaluru,Home & Kitchen,Espresso Machine,Retail Store,Home Office,7,3192.61,0.05,21230.86,12294.89,8935.97,No,CUST-1310
ORD-100147,2023-02-28,South,Chennai,Beauty,Vitamin C Serum,Online,Consumer,3,386.39,0.3,811.42,528.45,-317.08,Yes,CUST-1697
ORD-100148,2023-03-01,South,Kochi,Home & Kitchen,Espresso Machine,Online,Home Office,5,3407.4,0.0,17037.0,8857.99,8179.01,No,CUST-1270
ORD-100149,2023-03-01,North,Lucknow,Home & Kitchen,Cookware Set,Partner,Corporate,2,2610.81,0.25,3916.22,2053.45,1862.77,No,CUST-1134
ORD-100150,2023-03-01,East,Patna,Electronics,Smart Watch,Online,Consumer,4,2980.79,0.3,8346.21,5039.94,3306.27,No,CUST-1511
ORD-100151,2023-03-02,West,Surat,Beauty,Face Wash,Online,Consumer,5,762.2,0.0,3811.0,2168.82,1642.18,No,CUST-1461
ORD-100152,2023-03-02,North,Jaipur,Electronics,Wireless Earbuds,Online,Corporate,5,4027.13,0.0,20135.65,13556.73,6578.92,No,CUST-1510
ORD-100153,2023-03-03,North,Jaipur,Sports,Running Shoes,Retail Store,Consumer,8,2329.27,,15839.04,7519.98,8319.06,No,CUST-1021
ORD-100154,2023-03-03,West,Surat,Electronics,Smart Watch,Online,Consumer,3,3135.62,0.25,7055.14,4312.74,2742.4,No,CUST-1370
ORD-100155,2023-03-03,North,Chandigarh,Electronics,Power Bank,Partner,Corporate,8,3624.57,0.0,28996.56,14715.92,14280.64,No,CUST-1081
ORD-100156,2023-03-03,South,Chennai,Beauty,Hair Oil,Online,Home Office,7,344.18,0.15,2047.87,1331.56,-350.2,Yes,CUST-1724
ORD-100157,2023-03-03,South,Chennai,Electronics,Power Bank,Online,Corporate,3,2260.16,0.25,5085.36,2483.44,-1556.92,Yes,CUST-1072
ORD-100158,2023-03-05,East,Patna,Apparel,Denim Jeans,Online,Home Office,2,2024.59,0.0,4049.18,2086.21,1962.97,No,CUST-1838
ORD-100159,2023-03-06,North,Delhi,Home & Kitchen,Cookware Set,Retail Store,Consumer,3,4685.75,0.1,12651.52,9049.42,3602.1,No,CUST-1051
ORD-100160,2023-03-07,East,Kolkata,Electronics,Wireless Earbuds,Online,Corporate,6,4442.82,0.0,26656.92,14064.33,12592.59,No,CUST-1549
ORD-100161,2023-03-07,South,Hyderabad,Electronics,Power Bank,Partner,Consumer,7,3565.66,0.0,24959.62,17302.8,7656.82,No,CUST-1300
ORD-100162,2023-03-07,East,Kolkata,Apparel,Cotton T-Shirt,Partner,Corporate,5,1356.64,0.1,6104.88,3297.31,2807.57,No,CUST-1099
ORD-100163,2023-03-08,North,Delhi,Electronics,Wireless Earbuds,Online,Corporate,6,5194.22,0.0,31165.32,16441.55,14723.77,No,CUST-1321
ORD-100164,2023-03-08,South,Kochi,Electronics,Power Bank,Online,Consumer,1,3864.69,0.0,3864.69,2120.64,1744.05,No,CUST-1035
ORD-100165,2023-03-09,South,Chennai,Electronics,Wireless Earbuds,Online,Home Office,5,4586.69,0.25,17200.09,12740.24,4459.85,No,CUST-1628
ORD-100166,2023-03-09,North,Chandigarh,Apparel,Wool Sweater,Retail Store,Consumer,7,1449.18,0.0,10144.26,5894.47,4249.79,No,CUST-1783
ORD-100167,2023-03-09,North,Jaipur,Apparel,Cotton T-Shirt,Retail Store,Consumer,4,1271.68,0.25,3815.04,2023.65,-1794.87,Yes,CUST-1296
ORD-100168,2023-03-11,North,Delhi,Electronics,Wireless Earbuds,Online,Consumer,8,3856.78,0.0,30854.24,19348.42,11505.82,No,CUST-1395
ORD-100169,2023-03-11,South,Bengaluru,Home & Kitchen,Espresso Machine,Partner,Consumer,1,3427.85,0.1,3085.06,1780.89,1304.17,No,CUST-1126
ORD-100170,2023-03-12,North,Lucknow,Home & Kitchen,Chef Knife,Online,Consumer,8,2528.58,0.2,16182.91,11502.25,4680.66,No,CUST-1433
ORD-100171,2023-03-13,West,Mumbai,Electronics,4K Monitor,Retail Store,Home Office,7,4798.34,0.1,30229.54,23483.73,6745.81,No,CUST-1852
ORD-100172,2023-03-14,South,Hyderabad,Apparel,Denim Jeans,Retail Store,Consumer,6,1304.21,0.05,7434.0,4637.1,2796.9,No,CUST-1484
ORD-100173,2023-03-14,East,Guwahati,Beauty,Face Wash,Online,Corporate,5,748.14,0.2,2992.56,1792.77,1199.79,No,CUST-1787
ORD-100174,2023-03-14,West,Pune,Home & Kitchen,Espresso Machine,Online,Consumer,8,4205.11,0.0,33640.88,18946.6,14694.28,No,CUST-1702
ORD-100175,2023-03-15,North,Lucknow,Apparel,Cotton T-Shirt,Online,Home Office,4,1402.27,0.25,4206.81,3244.3,962.51,No,CUST-1111
ORD-100176,2023-03-15,East,Bhubaneswar,Apparel,Denim Jeans,Partner,Corporate,2,1751.19,0.2,2801.9,1707.71,1094.19,No,CUST-1047
ORD-100177,2023-03-16,West,Ahmedabad,Electronics,Bluetooth Speaker,Online,Consumer,8,2647.36,0.2,16943.1,8619.62,8323.48,No,CUST-1326
ORD-100178,2023-03-17,East,Guwahati,Beauty,Face Wash,Retail Store,Consumer,1,653.16,0.05,620.5,477.69,142.81,No,CUST-1846
ORD-100179,2023-03-17,South,Chennai,Sports,Yoga Mat,Online,Corporate,6,1989.99,0.05,11342.94,8701.07,2641.87,No,CUST-1151
ORD-100180,2023-03-18,South,Hyderabad,Sports,Yoga Mat,Online,Consumer,3,2815.49,0.15,7179.5,4263.11,2916.39,No,CUST-1040
ORD-100181,2023-03-18,North,Delhi,Electronics,Smart Watch,Partner,Consumer,8,2488.1,0.15,16919.08,9557.61,7361.47,No,CUST-1863
ORD-100182,2023-03-19,South,Bengaluru,Apparel,Cotton T-Shirt,Online,Consumer,8,1427.52,0.3,7994.11,5392.38,2601.73,No,CUST-1178
ORD-100183,2023-03-19,West,Ahmedabad,Electronics,Smart Watch,Retail Store,Consumer,4,5778.57,0.25,17335.71,12543.17,-3557.62,Yes,CUST-1320
ORD-100184,2023-03-19,West,Ahmedabad,Apparel,Cotton T-Shirt,Online,Home Office,5,1207.05,0.0,6035.25,3708.76,2326.49,No,CUST-1702
ORD-100185,2023-03-19,North,Delhi,Apparel,Wool Sweater,Online,Home Office,4,1391.02,0.0,5564.08,3111.26,2452.82,No,CUST-1088
ORD-100186,2023-03-20,East,Patna,Home & Kitchen,Espresso Machine,Online,Corporate,4,3468.03,,9710.48,5335.52,4374.96,No,CUST-1153
ORD-100187,2023-03-20,North,Chandigarh,Electronics,Wireless Earbuds,Online,Consumer,8,4557.78,0.05,34639.13,19320.93,15318.2,No,CUST-1654
ORD-100188,2023-03-20,West,Mumbai,Sports,Dumbbell Set,Retail Store,Home Office,3,2664.55,0.15,6794.6,3322.23,3472.37,No,CUST-1005
ORD-100189,2023-03-20,North,Lucknow,Electronics,Power Bank,Online,Corporate,8,4814.25,0.0,38514.0,27227.27,11286.73,No,CUST-1640
ORD-100190,2023-03-21,West,Surat,Electronics,Power Bank,Online,Home Office,6,5663.16,0.0,33978.96,16467.45,17511.51,No,CUST-1488
ORD-100191,2023-03-21,West,Pune,Beauty,Face Wash,Online,Consumer,8,672.77,0.05,5113.05,2972.95,2140.1,No,CUST-1216
ORD-100192,2023-03-21,North,Jaipur,Home & Kitchen,Cookware Set,Retail Store,Consumer,5,2709.14,0.2,10836.56,7862.26,2974.3,No,CUST-1552
ORD-100193,2023-03-22,North,Jaipur,Apparel,Rain Jacket,Retail Store,Corporate,7,1389.32,0.2,7780.19,4538.61,3241.58,No,CUST-1289
ORD-100194,2023-03-23,West,Ahmedabad,Home & Kitchen,Chef Knife,Retail Store,Home Office,4,2412.17,0.3,6754.08,3696.31,3057.77,No,CUST-1854
ORD-100195,2023-03-23,North,Delhi,Electronics,Wireless Earbuds,Partner,Consumer,4,4854.42,0.0,19417.68,14814.21,4603.47,No,CUST-1373
ORD-100196,2023-03-23,South,Chennai,Electronics,Power Bank,Online,Consumer,3,4016.08,0.0,12048.24,5924.84,6123.4,No,CUST-1673
ORD-100197,2023-03-23,West,Mumbai,Apparel,Wool Sweater,Online,Consumer,2,1246.95,0.1,2244.51,1665.43,579.08,No,CUST-1240
ORD-100198,2023-03-23,South,Bengaluru,Apparel,Denim Jeans,Online,Home Office,1,1624.08,0.1,1461.67,687.69,773.98,No,CUST-1750
ORD-100199,2023-03-24,South,Chennai,Home & Kitchen,Cookware Set,Online,Corporate,4,2425.79,0.0,9703.16,5690.56,4012.6,No,CUST-1259
ORD-100200,2023-03-24,South,Hyderabad,Electronics,Smart Watch,Retail Store,Home Office,8,5137.07,0.1,36986.9,24354.69,12632.21,No,CUST-1457
ORD-100201,2023-03-24,North,Lucknow,Home & Kitchen,Air Fryer,Retail Store,Corporate,8,2901.54,0.3,16248.62,9296.04,6952.58,No,CUST-1721
ORD-100202,2023-03-24,West,Mumbai,Beauty,Face Wash,Online,Corporate,6,919.17,,5515.02,3454.72,2060.3,No,CUST-1833
ORD-100203,2023-03-24,North,Delhi,Electronics,Power Bank,Partner,Consumer,3,4015.62,0.25,9035.14,4674.06,4361.08,No,CUST-1676
ORD-100204,2023-03-24,North,Jaipur,Electronics,Wireless Earbuds,Online,Consumer,5,5007.53,0.1,22533.88,14371.69,8162.19,No,CUST-1600
ORD-100205,2023-03-25,North,Chandigarh,Apparel,Wool Sweater,Retail Store,Corporate,7,1523.67,,9599.12,4745.85,4853.27,No,CUST-1623
ORD-100206,2023-03-25,West,Surat,Beauty,Face Wash,Online,Consumer,1,853.01,0.15,725.06,516.76,208.3,No,CUST-1365
ORD-100207,2023-03-25,North,Chandigarh,Home & Kitchen,Air Fryer,Retail Store,Consumer,8,3325.6,0.2,21283.84,13678.07,7605.77,No,CUST-1618
ORD-100208,2023-03-26,West,Ahmedabad,Home & Kitchen,Air Fryer,Online,Consumer,7,2059.25,0.15,12252.54,7462.26,4790.28,No,CUST-1517
ORD-100209,2023-03-26,East,Kolkata,Apparel,Rain Jacket,Partner,Corporate,8,1792.64,0.0,14341.12,6712.22,7628.9,No,CUST-1469
ORD-100210,2023-03-27,West,Mumbai,Electronics,4K Monitor,Partner,Corporate,1,4317.21,0.0,4317.21,2654.76,1662.45,No,CUST-1281
ORD-100211,2023-03-27,West,Mumbai,Apparel,Denim Jeans,Online,Consumer,8,1722.63,,10335.78,6573.33,3762.45,No,CUST-1315
ORD-100212,2023-03-27,West,Ahmedabad,Electronics,Wireless Earbuds,Online,Home Office,5,5072.82,0.0,25364.1,13637.52,11726.58,No,CUST-1111
ORD-100213,2023-03-27,West,Pune,Home & Kitchen,Chef Knife,Retail Store,Consumer,5,2698.19,0.2,10792.76,7270.06,3522.7,No,CUST-1648
ORD-100214,2023-03-28,North,Delhi,Electronics,4K Monitor,Retail Store,Consumer,2,3519.25,0.1,6334.65,3011.07,3323.58,No,CUST-1019
ORD-100215,2023-03-28,East,Bhubaneswar,Electronics,Power Bank,Online,Consumer,4,5042.32,0.0,20169.28,10465.18,9704.1,No,CUST-1104
ORD-100216,2023-03-28,South,Kochi,Apparel,Wool Sweater,Retail Store,Consumer,3,1371.28,0.0,4113.84,2852.5,-1587.99,Yes,CUST-1263
ORD-100217,2023-03-28,South,Chennai,Apparel,Cotton T-Shirt,Retail Store,Consumer,8,1772.38,0.3,9925.33,4948.6,4976.73,No,CUST-1126
ORD-100218,2023-03-28,West,Surat,Home & Kitchen,Chef Knife,Retail Store,Corporate,3,3127.27,0.0,9381.81,4982.03,4399.78,No,CUST-1674
ORD-100219,2023-03-28,West,Ahmedabad,Apparel,Denim Jeans,Online,Corporate,2,1801.29,0.0,3602.58,2394.93,1207.65,No,CUST-1113
ORD-100220,2023-03-29,East,Bhubaneswar,Sports,Yoga Mat,Partner,Consumer,8,2181.65,0.0,17453.2,12051.74,5401.46,No,CUST-1410
ORD-100221,2023-03-29,South,Kochi,Beauty,Sunscreen SPF50,Online,Home Office,2,782.05,0.15,1329.48,620.86,708.62,No,CUST-1659
ORD-100222,2023-03-29,South,Bengaluru,Beauty,Hair Oil,Online,Home Office,8,675.08,0.3,3780.45,1859.13,1921.32,No,CUST-1530
ORD-100223,2023-03-30,South,Kochi,Home & Kitchen,Air Fryer,Partner,Consumer,8,3425.04,0.0,27400.32,16363.99,11036.33,No,CUST-1532
ORD-100224,2023-03-30,South,Kochi,Home & Kitchen,Chef Knife,Online,Consumer,3,4114.42,0.25,9257.44,5976.81,3280.63,No,CUST-1309
ORD-100225,2023-04-01,South,Kochi,Home & Kitchen,Air Fryer,Online,Consumer,6,3784.63,0.2,18166.22,10895.15,7271.07,No,CUST-1405
ORD-100226,2023-04-01,North,Chandigarh,Apparel,Rain Jacket,Online,Corporate,7,1932.39,0.0,13526.73,8975.43,4551.3,No,CUST-1690
ORD-100227,2023-04-01,North,Lucknow,Apparel,Rain Jacket,Retail Store,Consumer,5,1748.22,0.0,8741.1,6114.2,2626.9,No,CUST-1428
ORD-100228,2023-04-02,East,Patna,Home & Kitchen,Air Fryer,Online,Corporate,6,3937.89,0.1,21264.61,16232.33,5032.28,No,CUST-1629
ORD-100229,2023-04-02,South,Kochi,Electronics,Smart Watch,Online,Corporate,2,7163.29,0.0,14326.58,8101.12,-6922.9,Yes,CUST-1744
ORD-100230,2023-04-02,West,Surat,Electronics,Bluetooth Speaker,Online,Consumer,5,6568.6,0.0,32843.0,16547.11,16295.89,No,CUST-1220
ORD-100231,2023-04-03,East,Patna,Beauty,Vitamin C Serum,Online,Consumer,5,881.17,0.1,3965.26,2129.93,1835.33,No,CUST-1109
ORD-100232,2023-04-03,North,Jaipur,Electronics,4K Monitor,Online,Consumer,5,5442.59,,20409.71,10182.29,10227.42,No,CUST-1416
ORD-100233,2023-04-03,North,Chandigarh,Apparel,Wool Sweater,Online,Consumer,8,1465.27,0.3,8205.51,4760.03,3445.48,No,CUST-1344
ORD-100234,2023-04-04,North,Jaipur,Home & Kitchen,Chef Knife,Partner,Corporate,7,3691.79,0.15,21966.15,16209.86,5756.29,No,CUST-1134
ORD-100235,2023-04-04,West,Surat,Electronics,4K Monitor,Retail Store,Corporate,5,5554.77,0.0,27773.85,15679.17,12094.68,No,CUST-1684
ORD-100236,2023-04-05,North,Lucknow,Sports,Yoga Mat,Retail Store,Corporate,4,2793.61,0.0,11174.44,5577.29,5597.15,No,CUST-1561
ORD-100237,2023-04-06,South,Kochi,Electronics,Bluetooth Speaker,Partner,Corporate,4,6060.64,0.15,20606.18,12826.71,7779.47,No,CUST-1592
ORD-100238,2023-04-06,West,Ahmedabad,Beauty,Hair Oil,Partner,Consumer,1,655.69,0.0,655.69,509.7,145.99,No,CUST-1638
ORD-100239,2023-04-06,West,Pune,Beauty,Sunscreen SPF50,Retail Store,Consumer,5,1054.02,0.1,4743.09,2428.94,2314.15,No,CUST-1391
ORD-100240,2023-04-06,North,Delhi,Electronics,Smart Watch,Online,Consumer,3,5104.74,0.2,12251.38,8658.03,3593.35,No,CUST-1459
ORD-100241,2023-04-07,North,Chandigarh,Electronics,Wireless Earbuds,Retail Store,Consumer,8,4076.8,0.25,24460.8,17653.57,6807.23,No,CUST-1201
ORD-100242,2023-04-07,North,Chandigarh,Apparel,Rain Jacket,Online,Consumer,7,2246.69,0.0,15726.83,9159.96,6566.87,No,CUST-1658
ORD-100243,2023-04-07,North,Chandigarh,Apparel,Cotton T-Shirt,Online,Consumer,8,2295.66,0.0,18365.28,12019.19,6346.09,No,CUST-1851
ORD-100244,2023-04-07,North,Chandigarh,Electronics,Bluetooth Speaker,Online,Corporate,8,5513.31,0.0,44106.48,26141.17,17965.31,No,CUST-1786
ORD-100245,2023-04-08,South,Kochi,Sports,Running Shoes,Online,Consumer,4,2725.52,0.1,9811.87,5264.73,4547.14,No,CUST-1367
ORD-100246,2023-04-08,West,Mumbai,Electronics,4K Monitor,Online,Consumer,4,6093.4,0.0,24373.6,14395.52,9978.08,No,CUST-1044
ORD-100247,2023-04-08,South,Chennai,Beauty,Face Wash,Retail Store,Consumer,5,1135.92,0.3,3975.72,1914.09,-971.08,Yes,CUST-1790
ORD-100248,2023-04-08,East,Bhubaneswar,Electronics,4K Monitor,Online,Consumer,4,6050.86,0.3,16942.41,11576.67,5365.74,No,CUST-1517
ORD-100249,2023-04-09,North,Lucknow,Sports,Dumbbell Set,Online,Consumer,3,1670.59,0.0,5011.77,3626.69,1385.08,No,CUST-1700
ORD-100250,2023-04-10,East,Patna,Electronics,Bluetooth Speaker,Online,Consumer,6,7524.8,0.05,42891.36,23652.1,19239.26,No,CUST-1270
ORD-100251,2023-04-10,East,Patna,Apparel,Denim Jeans,Retail Store,Consumer,4,2147.47,0.05,8160.39,5197.66,2962.73,No,CUST-1775
ORD-100252,2023-04-10,West,Surat,Home & Kitchen,Chef Knife,Online,Home Office,8,3420.97,0.0,27367.76,14412.11,12955.65,No,CUST-1754
ORD-100253,2023-04-11,West,Surat,Electronics,4K Monitor,Online,Consumer,2,4038.45,0.25,6057.67,2980.75,3076.92,No,CUST-1015
ORD-100254,2023-04-11,South,Hyderabad,Beauty,Sunscreen SPF50,Retail Store,,4,967.04,0.25,2901.12,1940.83,-739.94,Yes,CUST-1508
ORD-100255,2023-04-11,North,Delhi,Electronics,Bluetooth Speaker,Retail Store,Consumer,5,4903.63,0.0,24518.15,12118.23,12399.92,No,CUST-1429
ORD-100256,2023-04-12,North,Chandigarh,Home & Kitchen,Chef Knife,Online,Consumer,8,4136.15,0.1,29780.28,21086.02,8694.26,No,CUST-1592
ORD-100257,2023-04-12,South,Hyderabad,Home & Kitchen,Air Fryer,Retail Store,Consumer,5,4487.84,0.05,21317.24,11504.47,9812.77,No,CUST-1233
ORD-100258,2023-04-12,West,,Home & Kitchen,Cookware Set,Online,Consumer,1,3377.11,0.0,3377.11,2431.89,945.22,No,CUST-1088
ORD-100259,2023-04-13,South,Kochi,Electronics,Bluetooth Speaker,Partner,Home Office,3,3944.23,0.0,11832.69,6763.64,5069.05,No,CUST-1246
ORD-100260,2023-04-13,East,Bhubaneswar,Electronics,Bluetooth Speaker,Online,Home Office,8,5672.89,0.0,45383.12,25946.35,19436.77,No,CUST-1472
ORD-100261,2023-04-14,South,Kochi,Electronics,Smart Watch,Retail Store,Corporate,3,4616.44,0.25,10386.99,7246.89,3140.1,No,CUST-1242
ORD-100262,2023-04-14,North,Delhi,Apparel,Cotton T-Shirt,Online,Consumer,3,1799.82,0.15,4589.54,2838.12,1751.42,No,CUST-1417
ORD-100263,2023-04-14,North,Lucknow,Electronics,4K Monitor,Retail Store,Consumer,2,3686.09,0.3,5160.53,2664.5,2496.03,No,CUST-1350
ORD-100264,2023-04-15,East,Guwahati,Sports,Running Shoes,Online,Consumer,6,2236.21,0.0,13417.26,9803.12,-3770.59,Yes,CUST-1624
ORD-100265,2023-04-15,East,Bhubaneswar,Apparel,Denim Jeans,Online,Corporate,2,2019.35,,3432.9,1930.15,1502.75,No,CUST-1369
ORD-100266,2023-04-15,South,Hyderabad,Home & Kitchen,Air Fryer,Retail Store,Consumer,3,4379.7,0.15,11168.23,5404.49,5763.74,No,CUST-1130
ORD-100267,2023-04-16,North,Chandigarh,Apparel,Rain Jacket,Retail Store,Corporate,6,1442.89,0.15,7358.74,4321.64,3037.1,No,CUST-1570
ORD-100268,2023-04-16,East,Patna,Electronics,Bluetooth Speaker,Online,Consumer,8,3891.81,0.3,21794.14,13935.33,7858.81,No,CUST-1191
ORD-100269,2023-04-16,North,Delhi,Apparel,Denim Jeans,Retail Store,Consumer,2,1752.46,0.05,3329.67,2168.49,-1410.5,Yes,CUST-1270
ORD-100270,2023-04-16,West,Ahmedabad,Electronics,4K Monitor,Online,Consumer,3,5887.16,0.0,17661.48,12817.83,4843.65,No,CUST-1636
ORD-100271,2023-04-16,North,Lucknow,Apparel,Wool Sweater,Online,Consumer,1,1902.9,0.0,1902.9,1196.29,706.61,No,CUST-1245
ORD-100272,2023-04-17,North,Delhi,Apparel,Cotton T-Shirt,Online,Corporate,4,1550.63,0.1,5582.27,2924.13,2658.14,No,CUST-1055
ORD-100273,2023-04-18,South,Chennai,Apparel,Rain Jacket,Online,Consumer,8,1862.44,0.0,14899.52,7991.36,6908.16,No,CUST-1324
ORD-100274,2023-04-18,South,Chennai,Sports,Cricket Bat,Partner,Consumer,3,3156.9,0.0,9470.7,4576.98,4893.72,No,CUST-1349
ORD-100275,2023-04-19,South,Hyderabad,Electronics,Bluetooth Speaker,Online,Consumer,3,5482.77,0.0,16448.31,11396.29,5052.02,No,CUST-1617
ORD-100276,2023-04-19,South,Kochi,Apparel,Cotton T-Shirt,Partner,,4,1120.63,0.0,4482.52,2173.85,2308.67,No,CUST-1638
ORD-100277,2023-04-19,West,Surat,Electronics,Wireless Earbuds,Online,Consumer,8,5482.89,0.0,43863.12,28507.44,15355.68,No,CUST-1000
ORD-100278,2023-04-19,South,Kochi,Apparel,Rain Jacket,Retail Store,Consumer,5,2536.63,0.1,11414.84,7385.32,4029.52,No,CUST-1681
ORD-100279,2023-04-19,South,Chennai,Home & Kitchen,Espresso Machine,Online,Consumer,5,2777.78,0.15,11805.56,8372.69,3432.87,No,CUST-1672
ORD-100280,2023-04-19,South,Hyderabad,Electronics,Wireless Earbuds,Retail Store,Consumer,7,5286.01,0.0,37002.07,17562.21,19439.86,No,CUST-1156
ORD-100281,2023-04-19,North,Delhi,Home & Kitchen,Cookware Set,Partner,Corporate,6,3684.01,0.0,22104.06,11426.93,10677.13,No,CUST-1305
ORD-100282,2023-04-20,South,Chennai,Apparel,Denim Jeans,Online,Consumer,5,1788.25,0.15,7600.06,5701.23,1898.83,No,CUST-1690
ORD-100283,2023-04-20,North,Delhi,Electronics,Smart Watch,Online,Consumer,5,5479.63,0.0,27398.15,17502.98,9895.17,No,CUST-1518
ORD-100284,2023-04-20,East,Kolkata,Sports,Dumbbell Set,Retail Store,Consumer,5,2974.14,0.2,11896.56,7150.28,-3280.05,Yes,CUST-1305
ORD-100285,2023-04-20,North,Lucknow,Apparel,Wool Sweater,Retail Store,Consumer,2,1785.13,0.05,3391.75,2363.14,1028.61,No,CUST-1685
ORD-100286,2023-04-21,West,Surat,Beauty,Vitamin C Serum,Online,Corporate,4,1122.68,0.05,4266.18,3190.4,1075.78,No,CUST-1568
ORD-100287,2023-04-21,South,Hyderabad,Apparel,Cotton T-Shirt,Retail Store,Consumer,7,1707.81,0.0,11954.67,6417.19,5537.48,No,CUST-1459
ORD-100288,2023-04-22,West,Mumbai,Sports,Running Shoes,Retail Store,Consumer,1,2196.53,0.0,2196.53,1641.88,554.65,No,CUST-1005
ORD-100289,2023-04-22,South,Bengaluru,Electronics,Smart Watch,Retail Store,Corporate,7,4487.19,0.0,31410.33,15261.31,16149.02,No,CUST-1582
ORD-100290,2023-04-22,North,Delhi,Apparel,Rain Jacket,Online,Corporate,5,1053.02,0.15,4475.34,3457.81,1017.53,No,CUST-1161
ORD-100291,2023-04-22,West,Ahmedabad,Beauty,Hair Oil,Online,Consumer,3,930.58,0.0,2791.74,1408.16,1383.58,No,CUST-1827
ORD-100292,2023-04-23,East,Kolkata,Apparel,Cotton T-Shirt,Partner,Corporate,1,2548.16,,2038.53,1096.44,942.09,No,CUST-1170
ORD-100293,2023-04-23,East,Guwahati,Apparel,Denim Jeans,Online,Consumer,7,1932.43,,13527.01,6518.34,7008.67,No,CUST-1026
ORD-100294,2023-04-24,South,Kochi,Sports,Dumbbell Set,Online,Corporate,1,2742.94,0.15,2331.5,1667.52,663.98,No,CUST-1338
ORD-100295,2023-04-24,East,Patna,Home & Kitchen,Air Fryer,Partner,Consumer,5,3535.39,0.1,15909.26,12326.44,-4685.25,Yes,CUST-1314
ORD-100296,2023-04-25,West,Surat,Home & Kitchen,Cookware Set,Online,Corporate,2,3680.5,0.15,6256.85,3428.77,2828.08,No,CUST-1317
ORD-100297,2023-04-25,East,Guwahati,Home & Kitchen,Air Fryer,Online,Consumer,8,4733.16,0.2,30292.22,16886.46,13405.76,No,CUST-1834
ORD-100298,2023-04-25,South,Hyderabad,Beauty,Sunscreen SPF50,Retail Store,Consumer,2,1266.97,0.15,2153.85,1167.52,986.33,No,CUST-1247
ORD-100299,2023-04-26,East,Kolkata,Beauty,Vitamin C Serum,Retail Store,Corporate,7,1166.55,0.25,6124.39,3068.89,3055.5,No,CUST-1753
ORD-100300,2023-04-26,East,Patna,Home & Kitchen,Chef Knife,Partner,Consumer,5,4582.57,0.0,22912.85,16264.84,6648.01,No,CUST-1146
ORD-100301,2023-04-27,West,,Electronics,Wireless Earbuds,Retail Store,Consumer,1,5316.21,0.2,4252.97,1999.06,2253.91,No,CUST-1555
ORD-100302,2023-04-27,South,Hyderabad,Electronics,Power Bank,Online,Consumer,6,5519.99,0.05,31463.94,24207.27,7256.67,No,CUST-1117
ORD-100303,2023-04-27,South,Hyderabad,Home & Kitchen,Chef Knife,Online,Consumer,8,3249.68,0.15,22097.82,16706.26,5391.56,No,CUST-1206
ORD-100304,2023-04-27,East,Patna,Beauty,Hair Oil,Online,Consumer,2,599.5,0.1,1079.1,527.77,551.33,No,CUST-1133
ORD-100305,2023-04-27,South,Chennai,Apparel,Wool Sweater,Partner,Consumer,8,1323.69,0.3,7412.66,4631.01,2781.65,No,CUST-1297
ORD-100306,2023-04-28,East,Kolkata,Electronics,Power Bank,Online,Consumer,7,5338.93,0.0,37372.51,29062.39,8310.12,No,CUST-1413
ORD-100307,2023-04-28,South,Kochi,Electronics,Bluetooth Speaker,Online,Corporate,6,4942.88,0.1,26691.55,19521.25,7170.3,No,CUST-1772
ORD-100308,2023-04-28,North,Chandigarh,Apparel,Cotton T-Shirt,Online,Home Office,3,1191.78,0.0,3575.34,2452.66,1122.68,No,CUST-1680
ORD-100309,2023-04-28,East,Guwahati,Beauty,Sunscreen SPF50,Online,Consumer,1,873.51,0.15,742.48,339.62,402.86,No,CUST-1628
ORD-100310,2023-04-29,North,Jaipur,Electronics,4K Monitor,Online,Consumer,4,4915.31,0.0,19661.24,9291.21,10370.03,No,CUST-1440
ORD-100311,2023-04-30,North,Jaipur,Home & Kitchen,Air Fryer,Retail Store,Consumer,7,2895.26,0.05,19253.48,13708.97,5544.51,No,CUST-1257
ORD-100312,2023-04-30,East,Guwahati,Beauty,Face Wash,Online,Consumer,5,809.54,0.0,4047.7,2324.3,1723.4,No,CUST-1266
ORD-100313,2023-04-30,East,Guwahati,Sports,Dumbbell Set,Partner,Corporate,6,2223.69,0.0,13342.14,8947.01,4395.13,No,CUST-1119
ORD-100314,2023-05-01,West,Pune,Electronics,Smart Watch,Partner,Home Office,7,5070.99,,31947.24,22169.15,9778.09,No,CUST-1598
ORD-100315,2023-05-01,North,Jaipur,Sports,Yoga Mat,Online,Corporate,3,3195.83,0.0,9587.49,5650.11,3937.38,No,CUST-1702
ORD-100316,2023-05-01,North,Delhi,Home & Kitchen,Chef Knife,Retail Store,Home Office,1,2518.56,0.05,2392.63,1189.89,1202.74,No,CUST-1493
ORD-100317,2023-05-01,West,Surat,Beauty,Sunscreen SPF50,Online,Consumer,8,550.98,0.0,4407.84,2546.01,-832.76,Yes,CUST-1518
ORD-100318,2023-05-01,North,Delhi,Electronics,Smart Watch,Online,Corporate,5,5876.15,0.2,23504.6,17333.37,6171.23,No,CUST-1335
ORD-100319,2023-05-03,North,Delhi,Apparel,Rain Jacket,Online,Consumer,5,1999.12,0.25,7496.7,4192.59,3304.11,No,CUST-1867
ORD-100320,2023-05-03,North,Delhi,Home & Kitchen,Cookware Set,Retail Store,Home Office,5,4721.46,0.1,21246.57,10000.21,11246.36,No,CUST-1798
ORD-100321,2023-05-03,South,Kochi,Apparel,Denim Jeans,Retail Store,Consumer,7,1726.32,,12084.24,9262.73,2821.51,No,CUST-1365
ORD-100322,2023-05-03,West,Pune,Apparel,Rain Jacket,Online,Consumer,299,1563.37,0.0,467447.63,289817.53,177630.1,No,CUST-1679
ORD-100323,2023-05-03,East,Guwahati,Home & Kitchen,Espresso Machine,Retail Store,Corporate,6,4331.67,0.2,20792.02,13067.43,7724.59,No,CUST-1314
ORD-100324,2023-05-04,East,Guwahati,Home & Kitchen,Cookware Set,Retail Store,Consumer,7,3918.0,0.3,19198.2,13891.92,5306.28,No,CUST-1111
ORD-100325,2023-05-05,North,Delhi,Electronics,4K Monitor,Retail Store,Home Office,3,7887.39,0.25,17746.63,10393.9,7352.73,No,CUST-1261
ORD-100326,2023-05-05,South,Chennai,Apparel,Denim Jeans,Online,Corporate,6,1820.79,0.05,10378.5,8044.25,2334.25,No,CUST-1751
ORD-100327,2023-05-06,South,Bengaluru,Electronics,4K Monitor,Retail Store,Corporate,8,5814.36,0.1,41863.39,30685.83,11177.56,No,CUST-1433
ORD-100328,2023-05-06,North,Lucknow,Sports,Running Shoes,Retail Store,Consumer,2,4111.72,0.0,8223.44,4461.87,3761.57,No,CUST-1778
ORD-100329,2023-05-06,North,Delhi,Sports,Yoga Mat,Online,Consumer,5,2548.5,0.0,12742.5,7294.39,-6311.84,Yes,CUST-1290
ORD-100330,2023-05-06,North,Jaipur,Electronics,Wireless Earbuds,Retail Store,Corporate,6,6607.25,0.2,31714.8,17157.55,14557.25,No,CUST-1413
ORD-100331,2023-05-07,North,Lucknow,Electronics,Wireless Earbuds,Online,Consumer,5,6725.45,0.05,31945.89,21326.52,10619.37,No,CUST-1065
ORD-100332,2023-05-07,South,Kochi,Electronics,4K Monitor,Retail Store,Consumer,8,6837.13,0.1,49227.34,32538.26,16689.08,No,CUST-1702
ORD-100333,2023-05-07,East,Bhubaneswar,Apparel,Cotton T-Shirt,Retail Store,Home Office,4,2088.63,0.05,7936.79,4940.07,2996.72,No,CUST-1280
ORD-100334,2023-05-07,North,Delhi,Beauty,Face Wash,Online,Home Office,2,1023.87,0.0,2047.74,1574.15,473.59,No,CUST-1081
ORD-100335,2023-05-08,South,Chennai,Apparel,Wool Sweater,Online,Home Office,2,2007.77,0.3,2810.88,1702.97,1107.91,No,CUST-1196
ORD-100336,2023-05-08,East,Kolkata,Electronics,Bluetooth Speaker,Retail Store,Consumer,7,5147.54,0.25,27024.58,19150.38,7874.2,No,CUST-1598
ORD-100337,2023-05-08,East,Bhubaneswar,Electronics,4K Monitor,Retail Store,Consumer,6,6317.96,0.2,30326.21,20232.78,-13857.31,Yes,CUST-1733
ORD-100338,2023-05-08,East,Guwahati,Electronics,4K Monitor,Retail Store,Home Office,198,8528.83,0.05,1604272.92,994649.21,609623.71,No,CUST-1859
ORD-100339,2023-05-08,South,Hyderabad,Beauty,Face Wash,Retail Store,Consumer,4,1244.87,,3983.58,1847.95,2135.63,No,CUST-1212
ORD-100340,2023-05-08,West,Ahmedabad,Home & Kitchen,Air Fryer,Online,Consumer,4,4645.54,0.05,17653.05,11774.11,5878.94,No,CUST-1531
ORD-100341,2023-05-08,North,Lucknow,Home & Kitchen,Air Fryer,Online,Consumer,8,5175.35,0.1,37262.52,24669.89,12592.63,No,CUST-1412
ORD-100342,2023-05-08,South,Chennai,Apparel,Cotton T-Shirt,Retail Store,Corporate,6,1591.14,0.0,9546.84,4689.49,4857.35,No,CUST-1643
ORD-100343,2023-05-09,North,Lucknow,Sports,Cricket Bat,Online,Consumer,8,2517.47,0.2,16111.81,11482.11,4629.7,No,CUST-1605
ORD-100344,2023-05-10,South,Chennai,Apparel,Wool Sweater,Retail Store,Consumer,7,2378.59,0.0,16650.13,10058.48,6591.65,No,CUST-1063
ORD-100345,2023-05-10,South,Hyderabad,Beauty,Hair Oil,Online,Consumer,7,1306.33,0.2,7315.45,4074.47,3240.98,No,CUST-1134
ORD-100346,2023-05-11,North,Chandigarh,Sports,Yoga Mat,Online,Consumer,5,2219.04,0.15,9430.92,6808.24,2622.68,No,CUST-1531
ORD-100347,2023-05-11,East,Patna,Apparel,Wool Sweater,Retail Store,Corporate,2,1759.9,0.0,3519.8,1982.75,1537.05,No,CUST-1478
ORD-100348,2023-05-12,North,Jaipur,Sports,Running Shoes,Retail Store,Consumer,6,3956.31,0.1,21364.07,13997.97,7366.1,No,CUST-1797
ORD-100349,2023-05-12,North,Lucknow,Electronics,Bluetooth Speaker,Retail Store,Consumer,6,6035.96,0.0,36215.76,23681.92,12533.84,No,CUST-1762
ORD-100350,2023-05-12,North,Jaipur,Home & Kitchen,Cookware Set,Online,Consumer,5,6114.08,0.1,27513.36,12860.46,14652.9,No,CUST-1052
ORD-100351,2023-05-12,South,Chennai,Electronics,Wireless Earbuds,Retail Store,Consumer,1,6182.4,0.0,6182.4,3644.74,2537.66,No,CUST-1525
ORD-100352,2023-05-12,North,Jaipur,Apparel,Cotton T-Shirt,Online,Consumer,8,2078.29,0.2,13301.06,6963.33,6337.73,No,CUST-1365
ORD-100353,2023-05-12,South,Hyderabad,Electronics,Wireless Earbuds,Retail Store,Home Office,7,5518.22,0.1,34764.79,17933.71,16831.08,No,CUST-1434
ORD-100354,2023-05-13,North,Chandigarh,Electronics,4K Monitor,Retail Store,Consumer,3,7144.03,,20360.49,13562.88,6797.61,No,CUST-1058
ORD-100355,2023-05-14,East,Kolkata,Electronics,4K Monitor,Online,Consumer,4,7686.18,0.25,23058.54,10463.17,12595.37,No,CUST-1754
ORD-100356,2023-05-14,West,Surat,Apparel,Denim Jeans,Retail Store,Consumer,1,1523.89,0.15,1295.31,997.12,298.19,No,CUST-1148
ORD-100357,2023-05-14,South,Kochi,Home & Kitchen,Air Fryer,Online,Home Office,8,4031.27,0.15,27412.64,15912.46,11500.18,No,CUST-1852
ORD-100358,2023-05-15,East,Kolkata,Apparel,Denim Jeans,Online,Corporate,2,2371.43,0.0,4742.86,2601.96,2140.9,No,CUST-1838
ORD-100359,2023-05-15,West,Surat,Apparel,Denim Jeans,Retail Store,Consumer,4,1918.17,0.1,6905.41,5203.86,1701.55,No,CUST-1738
ORD-100360,2023-05-15,West,Ahmedabad,Sports,Dumbbell Set,Online,Consumer,4,2389.25,0.2,7645.6,4668.42,2977.18,No,CUST-1105
ORD-100361,2023-05-16,East,Kolkata,Sports,Running Shoes,Partner,Consumer,3,3276.13,0.3,6879.87,4490.68,2389.19,No,CUST-1367
ORD-100362,2023-05-16,West,Pune,Electronics,Power Bank,Online,Corporate,6,7365.95,0.15,37566.34,25531.24,12035.1,No,CUST-1021
ORD-100363,2023-05-16,West,Surat,Apparel,Denim Jeans,Online,Home Office,8,1780.64,,14245.12,10506.71,3738.41,No,CUST-1550
ORD-100364,2023-05-17,East,Guwahati,Home & Kitchen,Cookware Set,Retail Store,Corporate,7,4581.09,0.2,25654.1,12642.72,13011.38,No,CUST-1777
ORD-100365,2023-05-17,South,Kochi,Home & Kitchen,Espresso Machine,Online,Corporate,5,3213.71,0.0,16068.55,7663.82,-5464.94,Yes,CUST-1473
ORD-100366,2023-05-17,North,Jaipur,Apparel,Cotton T-Shirt,Partner,Consumer,2,1587.82,0.0,3175.64,2470.41,705.23,No,CUST-1020
ORD-100367,2023-05-18,North,Delhi,Beauty,Vitamin C Serum,Online,Consumer,7,1015.91,0.3,4977.96,2254.68,2723.28,No,CUST-1272
ORD-100368,2023-05-18,South,Chennai,Electronics,Bluetooth Speaker,Online,Corporate,3,5975.62,0.25,13445.14,9192.5,4252.64,No,CUST-1153
ORD-100369,2023-05-19,South,Hyderabad,Apparel,Cotton T-Shirt,Online,Corporate,8,1557.75,0.3,8723.4,5684.62,3038.78,No,CUST-1391
ORD-100370,2023-05-19,South,Hyderabad,Home & Kitchen,Chef Knife,Online,Consumer,4,3691.91,0.05,14029.26,8871.29,5157.97,No,CUST-1334
ORD-100371,2023-05-19,South,Kochi,Home & Kitchen,Espresso Machine,Online,Consumer,5,3356.09,0.2,13424.36,9522.21,3902.15,No,CUST-1746
ORD-100372,2023-05-19,South,Bengaluru,Beauty,Sunscreen SPF50,Online,Consumer,4,1089.05,0.2,3484.96,2709.61,775.35,No,CUST-1199
ORD-100373,2023-05-19,West,Surat,Electronics,Bluetooth Speaker,Online,Consumer,4,3369.19,0.0,13476.76,6273.06,7203.7,No,CUST-1270
ORD-100374,2023-05-20,North,Chandigarh,Electronics,Power Bank,Online,Home Office,2,4619.74,0.3,6467.64,4222.04,2245.6,No,CUST-1213
ORD-100375,2023-05-20,North,Delhi,Electronics,Wireless Earbuds,Online,Consumer,5,3507.51,0.3,12276.29,8428.12,3848.17,No,CUST-1800
ORD-100376,2023-05-20,East,Patna,Electronics,Bluetooth Speaker,Online,Corporate,4,6492.66,0.0,25970.64,14308.78,11661.86,No,CUST-1265
ORD-100377,2023-05-20,West,Pune,Electronics,Wireless Earbuds,Online,Consumer,7,3587.75,0.2,20091.4,14960.95,5130.45,No,CUST-1892
ORD-100378,2023-05-21,West,Ahmedabad,Apparel,Denim Jeans,Online,Corporate,4,1996.22,0.1,7186.39,4317.64,2868.75,No,CUST-1599
ORD-100379,2023-05-21,West,Ahmedabad,Apparel,Cotton T-Shirt,Online,Home Office,8,2697.99,0.2,17267.14,8707.44,8559.7,No,CUST-1276
ORD-100380,2023-05-21,West,Mumbai,Home & Kitchen,Espresso Machine,Online,Corporate,3,6008.15,,16222.0,11873.77,4348.23,No,CUST-1534
ORD-100381,2023-05-21,North,Delhi,Apparel,Denim Jeans,Online,Corporate,3,1195.54,0.0,3586.62,2730.01,856.61,No,CUST-1110
ORD-100382,2023-05-21,South,Hyderabad,Electronics,Smart Watch,Online,Consumer,1,6342.94,0.0,6342.94,3062.62,3280.32,No,CUST-1813
ORD-100383,2023-05-21,North,Jaipur,Home & Kitchen,Chef Knife,Partner,Consumer,6,3438.14,0.1,18565.96,12960.06,5605.9,No,CUST-1861
ORD-100384,2023-05-21,East,Kolkata,Electronics,Wireless Earbuds,Online,Corporate,1,4391.64,0.25,3293.73,1715.88,1577.85,No,CUST-1264
ORD-100385,2023-05-22,West,Mumbai,Beauty,Vitamin C Serum,Online,Corporate,3,967.88,0.25,2177.73,984.81,1192.92,No,CUST-1153
ORD-100386,2023-05-22,South,Kochi,Electronics,Smart Watch,Retail Store,Corporate,8,7566.97,0.0,60535.76,32447.32,28088.44,No,CUST-1385
ORD-100387,2023-05-23,South,Bengaluru,Apparel,Rain Jacket,Online,,5,2248.17,0.25,8430.64,6172.24,2258.4,No,CUST-1694
ORD-100388,2023-05-23,North,Delhi,Sports,Cricket Bat,Online,Consumer,5,2271.88,0.05,10791.43,5358.92,5432.51,No,CUST-1564
ORD-100389,2023-05-23,North,Chandigarh,Home & Kitchen,Espresso Machine,Retail Store,Consumer,7,5082.19,0.15,30239.03,14911.49,15327.54,No,CUST-1035
ORD-100390,2023-05-23,North,Delhi,Home & Kitchen,Espresso Machine,Retail Store,Home Office,7,2228.43,0.0,15599.01,10823.93,4775.08,No,CUST-1007
ORD-100391,2023-05-24,North,Chandigarh,Home & Kitchen,Espresso Machine,Partner,Consumer,8,3672.49,0.1,26441.93,15444.7,10997.23,No,CUST-1212
ORD-100392,2023-05-24,West,Ahmedabad,Electronics,Bluetooth Speaker,Partner,Corporate,6,4883.58,0.1,26371.33,13159.3,13212.03,No,CUST-1678
ORD-100393,2023-05-25,South,Hyderabad,Home & Kitchen,Air Fryer,Retail Store,Consumer,4,4479.33,0.2,14333.86,7538.18,6795.68,No,CUST-1234
ORD-100394,2023-05-26,West,Pune,Beauty,Hair Oil,Retail Store,Home Office,2,950.16,0.1,1710.29,1218.1,492.19,No,CUST-1804
ORD-100395,2023-05-27,East,Patna,Sports,Running Shoes,Online,Corporate,3,2615.99,0.1,7063.17,4631.17,2432.0,No,CUST-1267
ORD-100396,2023-05-27,North,Chandigarh,Apparel,Rain Jacket,Partner,Consumer,6,1913.42,0.15,9758.44,6841.71,2916.73,No,CUST-1803
ORD-100397,2023-05-27,North,Jaipur,Apparel,Wool Sweater,Online,Home Office,3,2000.14,0.05,5700.4,2749.1,2951.3,No,CUST-1827
ORD-100398,2023-05-28,East,Kolkata,Beauty,Vitamin C Serum,Online,Consumer,6,1113.65,0.1,6013.71,3615.29,2398.42,No,CUST-1655
ORD-100399,2023-05-28,North,Jaipur,Home & Kitchen,Espresso Machine,Online,Consumer,2,4553.86,0.0,9107.72,6494.21,2613.51,No,CUST-1157
ORD-100400,2023-05-29,West,Mumbai,Electronics,4K Monitor,Retail Store,Corporate,1,5600.99,0.25,4200.74,2258.79,1941.95,No,CUST-1064
ORD-100401,2023-05-29,North,Delhi,Electronics,Bluetooth Speaker,Online,Consumer,3,6504.2,0.0,19512.6,9870.1,9642.5,No,CUST-1156
ORD-100402,2023-05-29,East,Guwahati,Electronics,Smart Watch,Retail Store,Consumer,2,7063.61,0.25,10595.42,6102.84,4492.58,No,CUST-1569
ORD-100403,2023-05-29,East,Kolkata,Apparel,Denim Jeans,Online,Corporate,7,1749.06,0.2,9794.74,5485.21,4309.53,No,CUST-1622
ORD-100404,2023-05-29,North,Delhi,Electronics,Wireless Earbuds,Retail Store,Home Office,4,5901.62,0.3,16524.54,8447.44,8077.1,No,CUST-1886
ORD-100405,2023-05-30,North,Jaipur,Electronics,Smart Watch,Online,Consumer,4,7509.89,,30039.56,22974.31,7065.25,No,CUST-1857
ORD-100406,2023-05-30,West,Ahmedabad,Electronics,Power Bank,Retail Store,Corporate,4,4530.93,0.0,18123.72,11045.0,7078.72,No,CUST-1277
ORD-100407,2023-05-30,North,Delhi,Sports,Dumbbell Set,Online,Consumer,3,3781.54,0.0,11344.62,7381.55,3963.07,No,CUST-1350
ORD-100408,2023-05-31,South,Chennai,Electronics,Smart Watch,Online,Consumer,8,4221.59,0.05,32084.08,15720.09,16363.99,No,CUST-1695
ORD-100409,2023-05-31,South,Bengaluru,Electronics,Bluetooth Speaker,Online,Corporate,6,5531.22,0.3,23231.12,15130.7,8100.42,No,CUST-1695
ORD-100410,2023-05-31,North,Delhi,Apparel,Wool Sweater,Online,Consumer,2,1578.57,0.2,2525.71,1599.42,926.29,No,CUST-1282
ORD-100411,2023-05-31,East,Kolkata,Electronics,Wireless Earbuds,Online,Corporate,2,8871.1,0.2,14193.76,10752.29,3441.47,No,CUST-1027
ORD-100412,2023-05-31,East,Guwahati,Sports,Yoga Mat,Retail Store,Corporate,1,2409.61,0.25,1807.21,1059.14,748.07,No,CUST-1086
ORD-100413,2023-05-31,South,Hyderabad,Sports,Cricket Bat,Online,Home Office,3,2411.61,0.0,7234.83,5122.84,2111.99,No,CUST-1741
ORD-100414,2023-05-31,West,Surat,Apparel,Rain Jacket,Retail Store,Corporate,6,1834.52,0.25,8255.34,4543.57,3711.77,No,CUST-1313
ORD-100415,2023-06-01,North,Chandigarh,Apparel,Rain Jacket,Retail Store,Consumer,8,2113.28,0.0,16906.24,10837.75,6068.49,No,CUST-1651
ORD-100416,2023-06-01,North,Chandigarh,Apparel,Wool Sweater,Online,Corporate,4,1920.59,0.2,6145.89,4645.68,1500.21,No,CUST-1720
ORD-100417,2023-06-01,South,Kochi,Electronics,Bluetooth Speaker,Partner,Corporate,1,6030.24,0.2,4824.19,3165.99,1658.2,No,CUST-1806
ORD-100418,2023-06-02,West,Pune,Electronics,Bluetooth Speaker,Retail Store,Consumer,1,1389.1,0.2,1111.28,760.87,-538.11,Yes,CUST-1442
ORD-100419,2023-06-02,North,Lucknow,Electronics,Smart Watch,Retail Store,Consumer,4,6292.59,0.05,23911.84,17672.64,-8962.14,Yes,CUST-1573
ORD-100420,2023-06-02,North,Lucknow,Electronics,4K Monitor,Retail Store,Corporate,3,6240.09,0.15,15912.23,12019.94,3892.29,No,CUST-1176
ORD-100421,2023-06-02,South,Hyderabad,Home & Kitchen,Espresso Machine,Retail Store,Consumer,5,5637.23,0.1,25367.54,13158.92,12208.62,No,CUST-1847
ORD-100422,2023-06-03,East,Patna,Electronics,Smart Watch,Partner,Consumer,1,8009.18,0.15,6807.8,3503.47,3304.33,No,CUST-1794
ORD-100423,2023-06-04,North,Delhi,Electronics,Power Bank,Online,Consumer,2,5962.79,0.1,10733.02,6779.59,3953.43,No,CUST-1350
ORD-100424,2023-06-05,South,Kochi,Apparel,Rain Jacket,Online,Consumer,5,2446.01,0.05,11618.55,9045.28,2573.27,No,CUST-1330
ORD-100425,2023-06-05,East,Bhubaneswar,Apparel,Cotton T-Shirt,Retail Store,Corporate,3,1571.44,0.0,4714.32,2883.99,1830.33,No,CUST-1659
ORD-100426,2023-06-06,South,Bengaluru,Electronics,Wireless Earbuds,Online,Consumer,3,7274.16,0.05,20731.36,11592.95,9138.41,No,CUST-1372
ORD-100427,2023-06-06,North,Delhi,Electronics,Bluetooth Speaker,Retail Store,Corporate,2,5440.85,0.2,8705.36,5460.84,3244.52,No,CUST-1653
ORD-100428,2023-06-07,North,Chandigarh,Electronics,Power Bank,Online,Corporate,1,4603.39,0.25,3452.54,1627.01,-1669.79,Yes,CUST-1081
ORD-100429,2023-06-07,South,Chennai,Electronics,Power Bank,Online,Consumer,3,5973.17,0.0,17919.51,9111.68,8807.83,No,CUST-1241
ORD-100430,2023-06-07,South,Chennai,Beauty,Sunscreen SPF50,Partner,Consumer,3,1357.97,,4073.91,2033.47,2040.44,No,CUST-1702
ORD-100431,2023-06-07,West,Pune,Sports,Cricket Bat,Online,Consumer,8,2930.58,0.1,21100.18,9689.46,11410.72,No,CUST-1828
ORD-100432,2023-06-07,East,Patna,Apparel,Denim Jeans,Online,Consumer,8,2760.95,0.2,17670.08,12162.85,5507.23,No,CUST-1023
ORD-100433,2023-06-08,East,Guwahati,Apparel,Cotton T-Shirt,Retail Store,Consumer,4,1735.33,0.0,6941.32,3869.14,3072.18,No,CUST-1701
ORD-100434,2023-06-09,West,Mumbai,Home & Kitchen,Chef Knife,Retail Store,Consumer,3,5661.94,0.0,16985.82,8588.32,8397.5,No,CUST-1062
ORD-100435,2023-06-09,South,Chennai,Home & Kitchen,Espresso Machine,Retail Store,Corporate,4,3941.89,0.0,15767.56,9760.76,6006.8,No,CUST-1779
ORD-100436,2023-06-09,South,Bengaluru,Electronics,Power Bank,Online,Consumer,5,6545.69,,32728.45,18221.13,-5387.57,Yes,CUST-1227
ORD-100437,2023-06-10,West,Ahmedabad,Electronics,Bluetooth Speaker,Partner,Consumer,4,6535.19,,26140.76,15153.69,10987.07,No,CUST-1326
ORD-100438,2023-06-10,North,Lucknow,Apparel,Cotton T-Shirt,Retail Store,Consumer,7,2382.36,0.2,13341.22,7392.71,5948.51,No,CUST-1645
ORD-100439,2023-06-10,East,Patna,Home & Kitchen,Chef Knife,Retail Store,Corporate,8,4860.11,0.25,29160.66,13160.63,16000.03,No,CUST-1757
ORD-100440,2023-06-10,East,Bhubaneswar,Electronics,Wireless Earbuds,Online,Consumer,4,5226.69,0.1,18816.08,12741.28,6074.8,No,CUST-1373
ORD-100441,2023-06-11,North,Lucknow,Electronics,Wireless Earbuds,Online,Corporate,1,7452.1,,7452.1,3625.65,3826.45,No,CUST-1283
ORD-100442,2023-06-11,South,Chennai,Apparel,Rain Jacket,Online,Consumer,1,2874.4,0.3,2012.08,1050.94,-382.66,Yes,CUST-1881
ORD-100443,2023-06-11,North,Chandigarh,Electronics,Wireless Earbuds,Online,Home Office,7,5443.46,0.0,38104.22,19540.02,18564.2,No,CUST-1867
ORD-100444,2023-06-11,North,Delhi,Apparel,Cotton T-Shirt,Online,Consumer,4,1241.57,0.0,4966.28,2777.89,2188.39,No,CUST-1471
ORD-100445,2023-06-11,South,Hyderabad,Home & Kitchen,Air Fryer,Online,Consumer,3,5118.39,0.0,15355.17,7721.58,7633.59,No,CUST-1021
ORD-100446,2023-06-12,North,Chandigarh,Apparel,Rain Jacket,Retail Store,Consumer,5,1931.39,0.05,9174.1,5178.73,3995.37,No,CUST-1872
ORD-100447,2023-06-12,East,Kolkata,Electronics,Bluetooth Speaker,Online,Consumer,8,6070.53,0.2,38851.39,20602.01,18249.38,No,CUST-1557
ORD-100448,2023-06-12,West,Ahmedabad,Electronics,Wireless Earbuds,Online,Corporate,4,7017.12,0.05,26665.06,12537.94,14127.12,No,CUST-1497
ORD-100449,2023-06-13,East,Bhubaneswar,Beauty,Hair Oil,Online,Consumer,3,937.59,0.1,2531.49,1866.43,665.06,No,CUST-1101
ORD-100450,2023-06-13,North,Jaipur,Apparel,Denim Jeans,Retail Store,Consumer,7,1961.59,0.05,13044.57,7185.49,5859.08,No,CUST-1893
ORD-100451,2023-06-13,North,Chandigarh,Electronics,Wireless Earbuds,Retail Store,Consumer,1,6118.22,0.3,4282.75,2061.9,2220.85,No,CUST-1646
ORD-100452,2023-06-13,North,Jaipur,Electronics,Power Bank,Online,Corporate,7,8280.6,0.2,46371.36,28847.79,17523.57,No,CUST-1195
ORD-100453,2023-06-14,North,Jaipur,Beauty,Face Wash,Partner,Home Office,5,1050.0,,4462.5,2189.66,2272.84,No,CUST-1327
ORD-100454,2023-06-15,West,Mumbai,Beauty,Hair Oil,Retail Store,Consumer,1,759.69,0.05,721.71,508.89,212.82,No,CUST-1309
ORD-100455,2023-06-15,South,Chennai,Beauty,Vitamin C Serum,Online,Corporate,2,768.99,,1384.18,651.01,733.17,No,CUST-1783
ORD-100456,2023-06-15,North,Lucknow,Home & Kitchen,Air Fryer,Retail Store,Corporate,6,4763.92,0.25,21437.64,12933.97,8503.67,No,CUST-1428
ORD-100457,2023-06-16,West,Surat,Apparel,Rain Jacket,Partner,Consumer,7,1569.14,0.15,9336.38,7109.31,2227.07,No,CUST-1785
ORD-100458,2023-06-16,South,Hyderabad,Apparel,Wool Sweater,Online,Consumer,2,1370.58,0.25,2055.87,1032.99,1022.88,No,CUST-1619
ORD-100459,2023-06-16,North,Chandigarh,Electronics,4K Monitor,Retail Store,Consumer,6,7142.57,0.0,42855.42,22132.75,20722.67,No,CUST-1331
ORD-100460,2023-06-16,North,Chandigarh,Home & Kitchen,Espresso Machine,Online,Consumer,8,5322.82,0.25,31936.92,20700.02,11236.9,No,CUST-1365
ORD-100461,2023-06-17,East,Guwahati,Home & Kitchen,Espresso Machine,Retail Store,Corporate,6,4252.38,0.3,17860.0,13812.06,4047.94,No,CUST-1728
ORD-100462,2023-06-17,East,Guwahati,Electronics,Bluetooth Speaker,Retail Store,Consumer,6,6675.4,0.2,32041.92,18498.63,13543.29,No,CUST-1449
ORD-100463,2023-06-18,North,Chandigarh,Beauty,Hair Oil,Partner,Consumer,2,1088.53,0.3,1523.94,1011.98,-691.98,Yes,CUST-1613
ORD-100464,2023-06-18,West,Surat,Apparel,Rain Jacket,Retail Store,Corporate,6,2368.09,0.15,12077.26,6041.83,6035.43,No,CUST-1110
ORD-100465,2023-06-18,West,Pune,Electronics,Power Bank,Online,Consumer,6,7108.96,0.0,42653.76,28222.33,14431.43,No,CUST-1383
ORD-100466,2023-06-19,West,Ahmedabad,Apparel,Rain Jacket,Online,Corporate,1,892.64,0.15,758.74,404.7,354.04,No,CUST-1519
ORD-100467,2023-06-20,North,Jaipur,Beauty,Vitamin C Serum,Partner,Corporate,3,990.78,0.15,2526.49,1648.24,878.25,No,CUST-1308
ORD-100468,2023-06-20,North,,Sports,Cricket Bat,Online,Consumer,8,3163.69,0.0,25309.52,12129.79,13179.73,No,CUST-1763
ORD-100469,2023-06-21,West,Pune,Apparel,Cotton T-Shirt,Online,Consumer,8,1904.12,0.0,15232.96,9493.79,5739.17,No,CUST-1189
ORD-100470,2023-06-21,North,Delhi,Sports,Running Shoes,Retail Store,Consumer,2,2863.9,0.0,5727.8,3026.25,2701.55,No,CUST-1764
ORD-100471,2023-06-21,East,Guwahati,Beauty,Sunscreen SPF50,Online,Home Office,6,1219.92,0.1,6587.57,4446.37,-1765.14,Yes,CUST-1056
ORD-100472,2023-06-22,East,Bhubaneswar,Beauty,Face Wash,Online,Consumer,5,1065.86,0.0,5329.3,3713.09,1616.21,No,CUST-1384
ORD-100473,2023-06-22,North,Chandigarh,Beauty,Vitamin C Serum,Online,Home Office,5,1394.91,0.2,5579.64,4072.51,1507.13,No,CUST-1465
ORD-100474,2023-06-23,East,Patna,Apparel,Denim Jeans,Online,Home Office,5,2614.8,0.0,13074.0,10164.91,2909.09,No,CUST-1228
ORD-100475,2023-06-24,West,Mumbai,Beauty,Sunscreen SPF50,Retail Store,Consumer,7,1020.53,0.3,5000.6,3008.3,1992.3,No,CUST-1486
ORD-100476,2023-06-24,East,Patna,Home & Kitchen,Chef Knife,Online,Corporate,4,4439.28,0.2,14205.7,9536.23,4669.47,No,CUST-1810
ORD-100477,2023-06-25,South,Kochi,Home & Kitchen,Chef Knife,Online,Consumer,5,1731.31,0.05,8223.72,3750.67,4473.05,No,CUST-1399
ORD-100478,2023-06-25,West,Pune,Electronics,Bluetooth Speaker,Retail Store,Consumer,6,5839.21,0.05,33283.5,24918.65,8364.85,No,CUST-1485
ORD-100479,2023-06-25,South,Chennai,Home & Kitchen,Espresso Machine,Online,Home Office,5,3261.67,0.2,13046.68,8522.03,-3241.62,Yes,CUST-1855
ORD-100480,2023-06-25,East,,Sports,Running Shoes,Retail Store,Consumer,8,2985.72,,23885.76,14069.76,9816.0,No,CUST-1831
ORD-100481,2023-06-26,West,Ahmedabad,Apparel,Wool Sweater,Online,Home Office,2,2168.9,0.2,3470.24,2058.97,1411.27,No,CUST-1012
ORD-100482,2023-06-27,East,Patna,Sports,Dumbbell Set,Online,Corporate,8,3284.37,0.1,23647.46,16556.5,7090.96,No,CUST-1653
ORD-100483,2023-06-27,North,Chandigarh,Apparel,Wool Sweater,Online,Consumer,6,2744.22,0.0,16465.32,11938.1,4527.22,No,CUST-1765
ORD-100484,2023-06-27,North,Chandigarh,Electronics,4K Monitor,Retail Store,Consumer,8,6262.49,0.3,35069.94,25131.41,9938.53,No,CUST-1848
ORD-100485,2023-06-29,North,Chandigarh,Electronics,Power Bank,Partner,Consumer,3,9460.95,0.15,24125.42,14921.4,9204.02,No,CUST-1720
ORD-100486,2023-06-29,South,Bengaluru,Beauty,Hair Oil,Online,Consumer,4,1103.96,0.0,4415.84,2527.97,1887.87,No,CUST-1074
ORD-100487,2023-06-29,South,Hyderabad,Home & Kitchen,Chef Knife,Online,Corporate,1,3311.12,0.15,2814.45,2144.69,669.76,No,CUST-1682
ORD-100488,2023-06-30,South,Bengaluru,Apparel,Rain Jacket,Online,Consumer,8,1841.52,0.05,13995.55,9227.07,4768.48,No,CUST-1760
ORD-100489,2023-06-30,South,Kochi,Home & Kitchen,Chef Knife,Online,Home Office,7,4272.34,0.2,23925.1,15058.59,8866.51,No,CUST-1472
ORD-100490,2023-06-30,East,Patna,Apparel,Rain Jacket,Online,Consumer,3,2376.08,0.1,6415.42,4153.63,2261.79,No,CUST-1018
ORD-100491,2023-07-01,West,Ahmedabad,Apparel,Rain Jacket,Partner,Consumer,1,1606.67,0.3,1124.67,739.87,384.8,No,CUST-1171
ORD-100492,2023-07-02,North,Jaipur,Beauty,Face Wash,Retail Store,Consumer,6,948.48,0.3,3983.62,2730.03,1253.59,No,CUST-1247
ORD-100493,2023-07-02,East,Bhubaneswar,Home & Kitchen,Cookware Set,Online,Consumer,6,4336.74,0.0,26020.44,16459.25,9561.19,No,CUST-1776
ORD-100494,2023-07-02,East,Bhubaneswar,Beauty,Sunscreen SPF50,Online,Consumer,5,915.33,0.05,4347.82,3212.46,1135.36,No,CUST-1113
ORD-100495,2023-07-03,South,Hyderabad,Home & Kitchen,Air Fryer,Online,Consumer,2,5300.81,0.0,10601.62,7778.47,2823.15,No,CUST-1670
ORD-100496,2023-07-03,North,Chandigarh,Sports,Dumbbell Set,Online,Corporate,8,3146.37,0.1,22653.86,13500.46,9153.4,No,CUST-1161
ORD-100497,2023-07-04,East,Kolkata,Electronics,Bluetooth Speaker,Retail Store,Consumer,4,7661.03,0.0,30644.12,15494.19,15149.93,No,CUST-1749
ORD-100498,2023-07-04,West,Mumbai,Electronics,Smart Watch,Partner,Consumer,6,5653.6,0.1,30529.44,19547.89,10981.55,No,CUST-1010
ORD-100499,2023-07-04,East,Guwahati,Electronics,Bluetooth Speaker,Online,Consumer,7,7712.43,0.0,53987.01,35353.07,18633.94,No,CUST-1212
ORD-100500,2023-07-04,West,Ahmedabad,Home & Kitchen,Cookware Set,Online,Consumer,5,3151.4,0.15,13393.45,8340.31,5053.14,No,CUST-1091
ORD-100501,2023-07-04,West,Pune,Home & Kitchen,Chef Knife,Online,Consumer,1,3127.89,0.1,2815.1,2094.13,720.97,No,CUST-1498
ORD-100502,2023-07-04,South,Hyderabad,Home & Kitchen,Cookware Set,Online,Corporate,8,3301.54,0.3,18488.62,8887.42,9601.2,No,CUST-1702
ORD-100503,2023-07-04,East,Guwahati,Apparel,Denim Jeans,Partner,Consumer,6,2038.77,0.25,9174.46,4998.69,4175.77,No,CUST-1374
ORD-100504,2023-07-04,South,Kochi,Electronics,Smart Watch,Retail Store,Consumer,8,7720.16,0.15,52497.09,38622.67,13874.42,No,CUST-1480
ORD-100505,2023-07-06,West,Pune,Home & Kitchen,Air Fryer,Retail Store,Consumer,5,3910.07,0.1,17595.32,13372.56,4222.76,No,CUST-1575
ORD-100506,2023-07-08,North,Lucknow,Sports,Yoga Mat,Retail Store,Consumer,8,2473.25,,15828.8,9347.78,6481.02,No,CUST-1409
ORD-100507,2023-07-08,South,Chennai,Electronics,Power Bank,Online,Home Office,7,5818.64,0.2,32584.38,16734.44,15849.94,No,CUST-1677
ORD-100508,2023-07-09,West,Pune,Electronics,Power Bank,Retail Store,Corporate,2,6880.23,0.0,13760.46,8100.9,5659.56,No,CUST-1255
ORD-100509,2023-07-09,North,Chandigarh,Electronics,4K Monitor,Retail Store,Corporate,2,5469.29,0.05,10391.65,6240.55,4151.1,No,CUST-1156
ORD-100510,2023-07-10,East,Guwahati,Apparel,Denim Jeans,Online,Consumer,2,1798.46,0.3,2517.84,1564.73,953.11,No,CUST-1168
ORD-100511,2023-07-10,South,Bengaluru,Electronics,Bluetooth Speaker,Online,Consumer,7,4304.32,0.0,30130.24,16286.49,13843.75,No,CUST-1156
ORD-100512,2023-07-11,West,Pune,Apparel,Rain Jacket,Retail Store,Consumer,2,1782.02,0.0,3564.04,1971.51,1592.53,No,CUST-1033
ORD-100513,2023-07-11,West,Surat,Home & Kitchen,Cookware Set,Partner,Corporate,4,5684.0,0.25,17052.0,11362.5,5689.5,No,CUST-1039
ORD-100514,2023-07-12,North,Delhi,Apparel,Rain Jacket,Online,Consumer,7,2080.04,,10192.2,6677.85,3514.35,No,CUST-1047
ORD-100515,2023-07-13,East,Guwahati,Apparel,Wool Sweater,Partner,Consumer,4,1707.67,0.15,5806.08,3881.33,1924.75,No,CUST-1141
ORD-100516,2023-07-13,North,Chandigarh,Electronics,4K Monitor,Partner,Consumer,1,7784.66,0.15,6616.96,3801.47,2815.49,No,CUST-1570
ORD-100517,2023-07-15,East,Bhubaneswar,Sports,Yoga Mat,Partner,Corporate,3,2412.72,0.05,6876.25,3857.79,3018.46,No,CUST-1216
ORD-100518,2023-07-16,East,Guwahati,Apparel,Denim Jeans,Online,Consumer,1,2678.48,0.05,2544.56,1440.24,1104.32,No,CUST-1526
ORD-100519,2023-07-17,West,Mumbai,Apparel,Rain Jacket,Online,Consumer,4,2671.69,0.3,7480.73,5714.44,1766.29,No,CUST-1065
ORD-100520,2023-07-18,North,Delhi,Electronics,Bluetooth Speaker,Retail Store,Home Office,6,6200.74,0.25,27903.33,16195.95,11707.38,No,CUST-1720
ORD-100521,2023-07-19,North,Jaipur,Home & Kitchen,Air Fryer,Online,Consumer,5,3031.15,0.1,13640.18,8866.44,4773.74,No,CUST-1320
ORD-100522,2023-07-19,East,Patna,Beauty,Vitamin C Serum,Online,Home Office,6,1535.71,0.0,9214.26,5736.23,-3701.68,Yes,CUST-1397
ORD-100523,2023-07-19,South,Bengaluru,Electronics,Bluetooth Speaker,Retail Store,,1,6651.22,0.0,6651.22,4916.27,1734.95,No,CUST-1607
ORD-100524,2023-07-20,South,,Electronics,Power Bank,Online,Home Office,7,5693.47,0.0,39854.29,22789.02,17065.27,No,CUST-1897
ORD-100525,2023-07-21,North,Chandigarh,Electronics,Wireless Earbuds,Online,Home Office,4,7421.29,0.1,26716.64,15850.12,10866.52,No,CUST-1713
ORD-100526,2023-07-22,South,Bengaluru,Home & Kitchen,Cookware Set,Partner,Consumer,3,5225.97,0.1,14110.12,10273.89,3836.23,No,CUST-1361
ORD-100527,2023-07-22,West,Pune,Sports,Cricket Bat,Online,Corporate,6,3575.23,0.2,17161.1,8634.02,8527.08,No,CUST-1311
ORD-100528,2023-07-22,North,Delhi,Apparel,Rain Jacket,Partner,Consumer,2,1747.09,0.25,2620.63,1693.23,927.4,No,CUST-1304
ORD-100529,2023-07-23,South,Kochi,Apparel,Wool Sweater,Online,Consumer,4,2188.83,0.05,8317.55,4840.56,3476.99,No,CUST-1075
ORD-100530,2023-07-23,West,Ahmedabad,Beauty,Sunscreen SPF50,Online,Consumer,4,756.08,0.0,3024.32,2344.79,679.53,No,CUST-1304
ORD-100531,2023-07-25,North,Jaipur,Beauty,Vitamin C Serum,Online,Consumer,2,1173.17,0.25,1759.76,1210.81,548.95,No,CUST-1683
ORD-100532,2023-07-26,East,Guwahati,Electronics,Power Bank,Online,Consumer,8,6109.32,0.2,39099.65,17731.05,-13768.17,Yes,CUST-1248
ORD-100533,2023-07-26,North,Chandigarh,Electronics,Smart Watch,Online,Consumer,3,6521.25,0.1,17607.38,12801.03,-4184.02,Yes,CUST-1352
ORD-100534,2023-07-27,West,Mumbai,Apparel,Cotton T-Shirt,Retail Store,Home Office,1,1981.68,0.0,1981.68,1351.6,630.08,No,CUST-1062
ORD-100535,2023-07-27,East,Guwahati,Beauty,Vitamin C Serum,Partner,Corporate,4,967.47,0.1,3482.89,2212.04,1270.85,No,CUST-1226
ORD-100536,2023-07-28,West,Mumbai,Home & Kitchen,Espresso Machine,Online,Consumer,8,3669.45,0.15,24952.26,13172.86,11779.4,No,CUST-1061
ORD-100537,2023-07-28,North,Chandigarh,Home & Kitchen,Espresso Machine,Online,Consumer,6,5325.68,0.25,23965.56,11965.39,12000.17,No,CUST-1423
ORD-100538,2023-07-29,South,Hyderabad,Beauty,Sunscreen SPF50,Retail Store,Consumer,6,1360.45,0.1,7346.43,4829.34,2517.09,No,CUST-1267
ORD-100539,2023-07-29,East,Guwahati,Electronics,Bluetooth Speaker,Online,Consumer,8,5396.03,0.1,38851.42,23123.6,15727.82,No,CUST-1872
ORD-100540,2023-07-30,North,Delhi,Apparel,Denim Jeans,Online,Home Office,1,2299.78,0.05,2184.79,1604.37,-566.18,Yes,CUST-1530
ORD-100541,2023-07-30,North,Jaipur,Electronics,Wireless Earbuds,Online,Home Office,5,6736.5,0.05,31998.38,17169.8,14828.58,No,CUST-1335
ORD-100542,2023-07-30,North,Lucknow,Beauty,Face Wash,Online,Consumer,3,1027.3,,3081.9,2035.23,1046.67,No,CUST-1483
ORD-100543,2023-08-01,West,Mumbai,Home & Kitchen,Espresso Machine,Online,Consumer,6,2720.2,0.0,16321.2,8684.81,7636.39,No,CUST-1863
ORD-100544,2023-08-01,East,Kolkata,Electronics,Smart Watch,Online,Consumer,7,3960.91,,22181.1,14639.19,7541.91,No,CUST-1162
ORD-100545,2023-08-01,East,Kolkata,Electronics,Smart Watch,Retail Store,Consumer,1,4597.55,0.05,4367.67,2035.13,2332.54,No,CUST-1227
ORD-100546,2023-08-01,East,Patna,Home & Kitchen,Espresso Machine,Online,Consumer,2,2169.7,0.25,3254.55,1885.24,1369.31,No,CUST-1490
ORD-100547,2023-08-01,South,Bengaluru,Beauty,Sunscreen SPF50,Online,Consumer,8,1212.33,0.05,9213.71,4671.22,4542.49,No,CUST-1094
ORD-100548,2023-08-02,South,Hyderabad,Home & Kitchen,Air Fryer,Online,Consumer,4,4431.6,0.3,12408.48,8064.99,4343.49,No,CUST-1467
ORD-100549,2023-08-02,South,Kochi,Electronics,Smart Watch,Online,Consumer,3,5519.26,0.0,16557.78,9181.62,7376.16,No,CUST-1141
ORD-100550,2023-08-02,East,Bhubaneswar,Sports,Running Shoes,Partner,Corporate,2,1302.57,0.0,2605.14,1835.6,769.54,No,CUST-1777
ORD-100551,2023-08-02,North,Jaipur,Beauty,Hair Oil,Retail Store,Corporate,3,554.66,0.15,1414.38,689.96,724.42,No,CUST-1696
ORD-100552,2023-08-02,West,Mumbai,Home & Kitchen,Chef Knife,Retail Store,Consumer,1,4101.16,0.25,3075.87,1948.72,1127.15,No,CUST-1043
ORD-100553,2023-08-03,East,Kolkata,Home & Kitchen,Air Fryer,Online,Consumer,2,5883.28,0.0,11766.56,7600.18,4166.38,No,CUST-1483
ORD-100554,2023-08-03,South,Bengaluru,Sports,Running Shoes,Online,Corporate,2,2129.23,0.1,3832.61,1752.63,2079.98,No,CUST-1188
ORD-100555,2023-08-03,South,Kochi,Sports,Running Shoes,Online,Consumer,1,2994.66,0.0,2994.66,1383.16,1611.5,No,CUST-1523
ORD-100556,2023-08-03,North,Delhi,Home & Kitchen,Air Fryer,Online,Home Office,8,3673.04,,23507.46,12969.52,10537.94,No,CUST-1490
ORD-100557,2023-08-04,West,,Apparel,Denim Jeans,Retail Store,Consumer,7,1877.52,0.15,11171.24,7272.42,3898.82,No,CUST-1870
ORD-100558,2023-08-04,West,Surat,Apparel,Denim Jeans,Online,Home Office,8,2351.16,0.15,15987.89,12273.39,-4210.47,Yes,CUST-1159
ORD-100559,2023-08-04,West,Pune,Beauty,Face Wash,Online,Consumer,2,857.25,0.0,1714.5,822.89,891.61,No,CUST-1454
ORD-100560,2023-08-04,North,Jaipur,Home & Kitchen,Cookware Set,Online,Corporate,3,3485.97,0.0,10457.91,7132.75,3325.16,No,CUST-1868
ORD-100561,2023-08-05,North,Chandigarh,Electronics,Bluetooth Speaker,Online,Consumer,3,7306.99,0.15,18632.82,12644.16,5988.66,No,CUST-1105
ORD-100562,2023-08-06,North,Chandigarh,Electronics,Smart Watch,Online,Corporate,5,5626.42,0.05,26725.5,17930.85,-4023.06,Yes,CUST-1228
ORD-100563,2023-08-06,North,Lucknow,Sports,Cricket Bat,Retail Store,Consumer,2,3125.63,0.2,5001.01,3102.27,1898.74,No,CUST-1646
ORD-100564,2023-08-06,North,Jaipur,Beauty,Vitamin C Serum,Partner,Consumer,2,788.79,0.0,1577.58,1213.24,364.34,No,CUST-1097
ORD-100565,2023-08-07,North,Chandigarh,Sports,Dumbbell Set,Online,Corporate,8,3301.91,0.0,26415.28,16260.87,10154.41,No,CUST-1187
ORD-100566,2023-08-07,West,Surat,Apparel,Cotton T-Shirt,Online,Consumer,3,1970.24,,5910.72,4294.95,1615.77,No,CUST-1861
ORD-100567,2023-08-07,North,Jaipur,Beauty,Face Wash,Online,Consumer,7,1018.27,0.0,7127.89,3825.05,3302.84,No,CUST-1523
ORD-100568,2023-08-08,North,Jaipur,Beauty,Sunscreen SPF50,Online,Consumer,2,956.48,0.0,1912.96,1369.84,543.12,No,CUST-1050
ORD-100569,2023-08-08,West,Surat,Apparel,Denim Jeans,Retail Store,Corporate,8,1652.72,0.1,11899.58,9268.11,2631.47,No,CUST-1768
ORD-100570,2023-08-08,South,Bengaluru,Electronics,Wireless Earbuds,Online,Corporate,6,5577.57,0.0,33465.42,25110.05,8355.37,No,CUST-1471
ORD-100571,2023-08-09,East,Kolkata,Sports,Cricket Bat,Partner,Consumer,7,2278.81,0.0,15951.67,8778.9,7172.77,No,CUST-1429
ORD-100572,2023-08-09,East,Bhubaneswar,Electronics,Smart Watch,Retail Store,Corporate,5,6760.24,,25350.9,18486.69,6864.21,No,CUST-1893
ORD-100573,2023-08-09,West,Surat,Home & Kitchen,Air Fryer,Online,Home Office,8,3936.72,0.1,28344.38,13645.97,14698.41,No,CUST-1282
ORD-100574,2023-08-10,East,Kolkata,Home & Kitchen,Espresso Machine,Partner,Corporate,3,2764.67,0.2,6635.21,4469.77,2165.44,No,CUST-1340
ORD-100575,2023-08-11,South,Kochi,Home & Kitchen,Chef Knife,Retail Store,Consumer,4,2599.33,0.2,8317.86,4682.19,3635.67,No,CUST-1517
ORD-100576,2023-08-11,East,Patna,Electronics,Bluetooth Speaker,Partner,Consumer,1,3464.26,0.0,3464.26,2311.91,1152.35,No,CUST-1217
ORD-100577,2023-08-11,South,Kochi,Home & Kitchen,Chef Knife,Online,Consumer,2,4684.84,0.15,7964.23,4667.37,3296.86,No,CUST-1114
ORD-100578,2023-08-11,South,Chennai,Electronics,Wireless Earbuds,Partner,Consumer,7,4172.9,0.25,21907.72,9923.78,11983.94,No,CUST-1124
ORD-100579,2023-08-11,South,Chennai,Beauty,Vitamin C Serum,Online,Consumer,3,993.14,0.1,2681.48,1411.32,1270.16,No,CUST-1276
ORD-100580,2023-08-11,North,Chandigarh,Electronics,Wireless Earbuds,Online,Corporate,1,5758.93,0.25,4319.2,2004.05,2315.15,No,CUST-1071
ORD-100581,2023-08-11,East,Kolkata,Home & Kitchen,Espresso Machine,Partner,Consumer,3,4068.73,0.3,8544.33,5049.69,3494.64,No,CUST-1453
ORD-100582,2023-08-12,North,Lucknow,Beauty,Sunscreen SPF50,Online,Corporate,3,1022.11,0.1,2759.7,2006.92,752.78,No,CUST-1894
ORD-100583,2023-08-12,North,Chandigarh,Electronics,4K Monitor,Online,Consumer,6,5789.17,0.0,34735.02,24090.09,10644.93,No,CUST-1228
ORD-100584,2023-08-12,North,Jaipur,Electronics,Smart Watch,Online,Consumer,1,2259.78,0.15,1920.81,1364.43,556.38,No,CUST-1036
ORD-100585,2023-08-12,West,Ahmedabad,Beauty,Face Wash,Online,Corporate,1,866.36,0.25,649.77,465.48,184.29,No,CUST-1035
ORD-100586,2023-08-12,North,Chandigarh,Electronics,Wireless Earbuds,Online,Consumer,6,6121.24,0.15,31218.32,17879.98,13338.34,No,CUST-1149
ORD-100587,2023-08-13,East,Bhubaneswar,Electronics,Wireless Earbuds,Online,Home Office,2,7619.28,0.25,11428.92,7051.51,4377.41,No,CUST-1526
ORD-100588,2023-08-13,West,Surat,Apparel,Cotton T-Shirt,Online,Consumer,4,2559.23,0.1,9213.23,5691.83,3521.4,No,CUST-1423
ORD-100589,2023-08-13,North,Lucknow,Sports,Cricket Bat,Retail Store,Consumer,6,1773.96,0.05,10111.57,4927.96,5183.61,No,CUST-1361
ORD-100590,2023-08-13,East,Patna,Home & Kitchen,Cookware Set,Online,Corporate,5,3816.85,0.3,13358.97,8648.42,4710.55,No,CUST-1679
ORD-100591,2023-08-13,North,Chandigarh,Apparel,Rain Jacket,Retail Store,Corporate,1,1224.25,0.0,1224.25,841.87,382.38,No,CUST-1351
ORD-100592,2023-08-14,North,Chandigarh,Sports,Cricket Bat,Online,Consumer,6,3383.14,0.1,18268.96,11904.41,-3504.38,Yes,CUST-1554
ORD-100593,2023-08-15,East,Guwahati,Apparel,Denim Jeans,Retail Store,Corporate,1,2284.91,0.0,2284.91,1590.68,694.23,No,CUST-1897
ORD-100594,2023-08-15,West,Mumbai,Apparel,Rain Jacket,Retail Store,Consumer,2,2013.07,0.15,3422.22,1674.27,1747.95,No,CUST-1152
ORD-100595,2023-08-15,North,Jaipur,Apparel,Rain Jacket,Partner,Consumer,1,1937.61,0.3,1356.33,951.15,405.18,No,CUST-1100
ORD-100596,2023-08-15,South,Kochi,Apparel,Rain Jacket,Online,Consumer,5,2437.57,0.3,8531.49,4425.17,4106.32,No,CUST-1195
ORD-100597,2023-08-16,North,Delhi,Apparel,Rain Jacket,Online,Corporate,6,2368.41,0.0,14210.46,10506.54,3703.92,No,CUST-1138
ORD-100598,2023-08-16,South,Hyderabad,Home & Kitchen,Air Fryer,Partner,Corporate,6,5196.85,0.2,24944.88,13241.42,11703.46,No,CUST-1746
ORD-100599,2023-08-16,East,Kolkata,Electronics,Wireless Earbuds,Retail Store,Consumer,2,6176.31,,9264.46,5673.16,3591.3,No,CUST-1788
ORD-100600,2023-08-17,East,Guwahati,Home & Kitchen,Chef Knife,Online,Corporate,3,3825.01,0.25,8606.27,5256.69,3349.58,No,CUST-1503
ORD-100601,2023-08-17,East,Kolkata,Electronics,Bluetooth Speaker,Retail Store,Corporate,2,6562.27,0.1,11812.09,6363.42,5448.67,No,CUST-1117
ORD-100602,2023-08-18,North,Chandigarh,Apparel,Rain Jacket,Retail Store,Consumer,3,2208.01,0.0,6624.03,3771.49,2852.54,No,CUST-1766
ORD-100603,2023-08-19,East,Patna,Electronics,Power Bank,Online,Consumer,2,5381.38,0.1,9686.48,4952.18,4734.3,No,CUST-1825
ORD-100604,2023-08-19,East,Patna,Home & Kitchen,Cookware Set,Retail Store,Consumer,6,3826.25,0.2,18366.0,11719.95,6646.05,No,CUST-1366
ORD-100605,2023-08-19,East,,Home & Kitchen,Chef Knife,Retail Store,Consumer,7,5181.61,0.15,30830.58,23162.99,7667.59,No,CUST-1604
ORD-100606,2023-08-20,North,Delhi,Apparel,Denim Jeans,Online,Home Office,7,2559.33,,17019.54,9437.0,7582.54,No,CUST-1547
ORD-100607,2023-08-20,South,Hyderabad,Electronics,Bluetooth Speaker,Online,Corporate,2,4694.68,0.0,9389.36,5799.44,3589.92,No,CUST-1475
ORD-100608,2023-08-20,South,Bengaluru,Electronics,4K Monitor,Online,Consumer,1,5296.82,0.15,4502.3,3306.58,1195.72,No,CUST-1317
ORD-100609,2023-08-21,North,Jaipur,Beauty,Hair Oil,Retail Store,Consumer,1,1009.65,0.05,959.17,574.85,384.32,No,CUST-1250
ORD-100610,2023-08-21,North,Chandigarh,Electronics,Power Bank,Online,Consumer,7,6227.02,0.1,39230.23,28415.08,10815.15,No,CUST-1248
ORD-100611,2023-08-21,South,Hyderabad,Beauty,Hair Oil,Retail Store,Consumer,8,829.91,0.3,4647.5,2775.99,1871.51,No,CUST-1323
ORD-100612,2023-08-22,East,Kolkata,Apparel,Denim Jeans,Online,Consumer,2,2652.96,0.0,5305.92,3158.51,-1671.43,Yes,CUST-1683
ORD-100613,2023-08-22,North,Lucknow,Electronics,4K Monitor,Retail Store,Consumer,8,6150.91,0.0,49207.28,24696.6,24510.68,No,CUST-1743
ORD-100614,2023-08-23,West,Pune,Home & Kitchen,Cookware Set,Retail Store,Consumer,5,4640.77,0.3,16242.7,7979.11,8263.59,No,CUST-1101
ORD-100615,2023-08-23,South,Kochi,Apparel,Wool Sweater,Retail Store,Consumer,2,2603.09,0.3,3644.33,2375.35,1268.98,No,CUST-1051
ORD-100616,2023-08-24,East,Bhubaneswar,Electronics,Power Bank,Online,Consumer,3,5075.29,0.0,15225.87,11008.61,4217.26,No,CUST-1430
ORD-100617,2023-08-24,South,Hyderabad,Sports,Dumbbell Set,Online,Consumer,3,2498.59,0.3,5247.04,2595.63,2651.41,No,CUST-1691
ORD-100618,2023-08-25,South,Hyderabad,Electronics,Wireless Earbuds,Retail Store,Consumer,7,4080.47,0.0,28563.29,21431.92,7131.37,No,CUST-1504
ORD-100619,2023-08-25,East,Patna,Apparel,Rain Jacket,Online,Consumer,2,1807.13,0.0,3614.26,2054.46,1559.8,No,CUST-1745
ORD-100620,2023-08-26,West,Mumbai,Apparel,Cotton T-Shirt,Online,Consumer,2,1263.32,0.0,2526.64,1491.56,1035.08,No,CUST-1642
ORD-100621,2023-08-27,South,Hyderabad,Apparel,Rain Jacket,Online,Consumer,6,2188.27,0.1,11816.66,8805.42,3011.24,No,CUST-1635
ORD-100622,2023-08-28,South,Bengaluru,Beauty,Hair Oil,Online,Home Office,3,1026.57,0.0,3079.71,2296.78,782.93,No,CUST-1484
ORD-100623,2023-08-28,East,Guwahati,Electronics,Bluetooth Speaker,Retail Store,Consumer,3,5295.81,0.0,15887.43,9901.1,5986.33,No,CUST-1049
ORD-100624,2023-08-29,East,Patna,Sports,Running Shoes,Online,Consumer,7,2495.37,0.25,13100.69,7091.83,6008.86,No,CUST-1161
ORD-100625,2023-08-29,North,Lucknow,Home & Kitchen,Chef Knife,Online,Consumer,8,4861.81,0.15,33060.31,16752.98,16307.33,No,CUST-1668
ORD-100626,2023-08-30,South,Chennai,Sports,Dumbbell Set,Online,Consumer,5,1914.9,0.15,8138.32,4391.61,3746.71,No,CUST-1277
ORD-100627,2023-08-30,South,Chennai,Beauty,Hair Oil,Online,Consumer,7,982.94,0.3,4816.41,3408.13,1408.28,No,CUST-1650
ORD-100628,2023-08-31,West,Ahmedabad,Sports,Running Shoes,Online,Corporate,7,2946.8,0.0,20627.6,11491.94,-8513.65,Yes,CUST-1305
ORD-100629,2023-08-31,South,Chennai,Home & Kitchen,Cookware Set,Retail Store,Home Office,5,2533.45,0.3,8867.07,6022.56,2844.51,No,CUST-1011
ORD-100630,2023-08-31,South,Bengaluru,Apparel,Wool Sweater,Partner,Consumer,7,2166.16,0.05,14404.96,7410.15,6994.81,No,CUST-1608
ORD-100631,2023-09-01,West,Pune,Apparel,Rain Jacket,Partner,Consumer,1,1012.28,0.3,708.6,430.76,277.84,No,CUST-1803
ORD-100632,2023-09-01,South,Chennai,Home & Kitchen,Chef Knife,Online,Corporate,1,3457.17,0.25,2592.88,1468.08,1124.8,No,CUST-1401
ORD-100633,2023-09-01,North,Chandigarh,Apparel,Wool Sweater,Online,Consumer,8,1192.78,0.0,9542.24,5879.85,3662.39,No,CUST-1118
ORD-100634,2023-09-01,North,Lucknow,Home & Kitchen,Air Fryer,Online,Consumer,2,4668.34,0.0,9336.68,5957.57,3379.11,No,CUST-1373
ORD-100635,2023-09-02,North,Chandigarh,Electronics,Power Bank,Retail Store,Corporate,6,3586.42,0.1,19366.67,15048.07,4318.6,No,CUST-1864
ORD-100636,2023-09-02,North,Jaipur,Beauty,Face Wash,Retail Store,Consumer,4,510.86,0.1,1839.1,1373.74,465.36,No,CUST-1286
ORD-100637,2023-09-03,South,Hyderabad,Electronics,Smart Watch,Retail Store,Consumer,7,4954.32,0.0,34680.24,23569.94,-9281.1,Yes,CUST-1063
ORD-100638,2023-09-03,East,Patna,Sports,Dumbbell Set,Online,Consumer,6,1979.58,0.0,11877.48,5947.47,5930.01,No,CUST-1691
ORD-100639,2023-09-03,East,Guwahati,Electronics,Wireless Earbuds,Online,Consumer,1,3221.2,0.3,2254.84,1698.52,556.32,No,CUST-1214
ORD-100640,2023-09-04,North,Jaipur,Electronics,4K Monitor,Partner,Home Office,3,5373.11,0.2,12895.46,9601.36,3294.1,No,CUST-1033
ORD-100641,2023-09-04,South,Bengaluru,Beauty,Vitamin C Serum,Online,Consumer,6,451.08,0.0,2706.48,2009.86,696.62,No,CUST-1621
ORD-100642,2023-09-04,North,Lucknow,Beauty,Hair Oil,Retail Store,Consumer,8,619.93,0.2,3967.55,2412.57,1554.98,No,CUST-1304
ORD-100643,2023-09-05,West,Surat,Home & Kitchen,Air Fryer,Retail Store,Consumer,7,3106.69,0.0,21746.83,11011.14,10735.69,No,CUST-1123
ORD-100644,2023-09-06,North,Delhi,Sports,Yoga Mat,Online,Consumer,8,2565.23,0.1,18469.66,12909.43,5560.23,No,CUST-1048
ORD-100645,2023-09-07,East,Guwahati,Electronics,Bluetooth Speaker,Partner,Consumer,8,6194.76,0.0,49558.08,28654.98,20903.1,No,CUST-1166
ORD-100646,2023-09-07,North,Jaipur,Beauty,Face Wash,Retail Store,Consumer,8,998.6,0.15,6790.48,3827.84,2962.64,No,CUST-1134
ORD-100647,2023-09-08,East,Patna,Apparel,Cotton T-Shirt,Retail Store,Consumer,5,1553.37,0.0,7766.85,4496.68,3270.17,No,CUST-1010
ORD-100648,2023-09-08,South,Bengaluru,Apparel,Denim Jeans,Online,Consumer,3,749.27,0.0,2247.81,1426.22,821.59,No,CUST-1333
ORD-100649,2023-09-08,East,,Apparel,Cotton T-Shirt,Online,Corporate,5,1746.51,0.0,8732.55,4890.76,3841.79,No,CUST-1743
ORD-100650,2023-09-09,North,Jaipur,Electronics,Wireless Earbuds,Retail Store,Consumer,7,6386.84,0.0,44707.88,30297.36,14410.52,No,CUST-1356
ORD-100651,2023-09-10,West,Ahmedabad,Home & Kitchen,Chef Knife,Online,Home Office,4,4529.46,0.0,18117.84,12025.7,6092.14,No,CUST-1033
ORD-100652,2023-09-10,South,Bengaluru,Beauty,Hair Oil,Online,Consumer,7,886.54,0.1,5585.2,3451.23,2133.97,No,CUST-1793
ORD-100653,2023-09-10,East,Bhubaneswar,Electronics,Power Bank,Online,Consumer,6,3564.94,0.25,16042.23,7504.73,8537.5,No,CUST-1569
ORD-100654,2023-09-11,West,Ahmedabad,Sports,Dumbbell Set,Online,Home Office,2,1932.27,0.0,3864.54,2933.41,931.13,No,CUST-1867
ORD-100655,2023-09-11,West,Surat,Apparel,Wool Sweater,Retail Store,Corporate,8,2295.16,0.25,13770.96,8067.85,5703.11,No,CUST-1524
ORD-100656,2023-09-11,North,Delhi,Electronics,Power Bank,Online,Consumer,7,3325.55,0.1,20950.97,12535.38,8415.59,No,CUST-1429
ORD-100657,2023-09-11,North,Delhi,Home & Kitchen,Air Fryer,Online,Consumer,5,2666.05,,13330.25,8004.69,5325.56,No,CUST-1460
ORD-100658,2023-09-12,North,Delhi,Electronics,4K Monitor,Online,Corporate,2,5835.57,0.0,11671.14,6657.91,5013.23,No,CUST-1005
ORD-100659,2023-09-13,North,Lucknow,Electronics,Wireless Earbuds,Online,Consumer,2,4375.73,0.25,6563.59,4414.76,2148.83,No,CUST-1337
ORD-100660,2023-09-13,South,Hyderabad,Home & Kitchen,Cookware Set,Online,Consumer,7,2641.02,0.0,18487.14,8404.12,10083.02,No,CUST-1397
ORD-100661,2023-09-13,West,Ahmedabad,Electronics,Wireless Earbuds,Online,Consumer,1,6461.92,0.05,6138.82,4532.03,1606.79,No,CUST-1269
ORD-100662,2023-09-13,West,Surat,Electronics,Power Bank,Online,Corporate,4,5327.82,0.0,21311.28,10310.5,11000.78,No,CUST-1753
ORD-100663,2023-09-13,South,Hyderabad,Home & Kitchen,Chef Knife,Online,Consumer,377,3271.06,0.2,986551.7,611662.05,374889.65,No,CUST-1861
ORD-100664,2023-09-13,East,Kolkata,Electronics,Smart Watch,Retail Store,Consumer,2,3619.31,0.3,5067.03,3330.39,1736.64,No,CUST-1430
ORD-100665,2023-09-14,West,Ahmedabad,Beauty,Sunscreen SPF50,Online,Home Office,7,1170.03,0.0,8190.21,3864.64,4325.57,No,CUST-1706
ORD-100666,2023-09-14,West,Ahmedabad,Beauty,Hair Oil,Retail Store,Consumer,5,802.5,0.0,4012.5,2550.36,1462.14,No,CUST-1200
ORD-100667,2023-09-14,North,Delhi,Electronics,Wireless Earbuds,Online,Corporate,1,6330.47,,5380.9,3009.71,2371.19,No,CUST-1830
ORD-100668,2023-09-14,South,Hyderabad,Apparel,Denim Jeans,Retail Store,Consumer,3,1931.69,0.1,5215.56,3987.32,1228.24,No,CUST-1632
ORD-100669,2023-09-15,West,Pune,Electronics,Smart Watch,Online,Corporate,4,4288.81,0.05,16297.48,11396.92,4900.56,No,CUST-1660
ORD-100670,2023-09-15,North,Delhi,Home & Kitchen,Cookware Set,Online,Consumer,2,3172.44,0.05,6027.64,3720.95,2306.69,No,CUST-1535
ORD-100671,2023-09-16,South,Chennai,Electronics,4K Monitor,Retail Store,Consumer,8,6387.73,,51101.84,30243.43,20858.41,No,CUST-1746
ORD-100672,2023-09-16,West,Pune,Sports,Dumbbell Set,Retail Store,Consumer,3,2898.08,0.0,8694.24,6769.65,1924.59,No,CUST-1480
ORD-100673,2023-09-16,West,Pune,Electronics,Bluetooth Speaker,Online,Corporate,5,2846.02,0.15,12095.58,8106.9,3988.68,No,CUST-1867
ORD-100674,2023-09-17,West,Pune,Home & Kitchen,Air Fryer,Retail Store,Consumer,5,4011.69,0.2,16046.76,9942.52,6104.24,No,CUST-1596
ORD-100675,2023-09-17,East,Bhubaneswar,Electronics,4K Monitor,Retail Store,Consumer,2,4720.36,0.2,7552.58,4390.48,3162.1,No,CUST-1408
ORD-100676,2023-09-17,North,Jaipur,Electronics,Wireless Earbuds,Online,Consumer,5,3747.95,0.1,16865.78,9396.13,7469.65,No,CUST-1187
ORD-100677,2023-09-17,North,Jaipur,Apparel,Cotton T-Shirt,Partner,,3,1710.33,0.2,4104.79,2802.7,1302.09,No,CUST-1816
ORD-100678,2023-09-19,South,Kochi,Home & Kitchen,Chef Knife,Online,Corporate,1,2518.23,0.15,2140.5,1378.49,762.01,No,CUST-1050
ORD-100679,2023-09-19,South,Bengaluru,Sports,Running Shoes,Retail Store,Consumer,4,1970.33,0.05,7487.25,5464.95,2022.3,No,CUST-1038
ORD-100680,2023-09-19,South,Chennai,Electronics,Bluetooth Speaker,Partner,Consumer,5,4001.74,0.05,19008.26,12026.05,6982.21,No,CUST-1027
ORD-100681,2023-09-19,East,Kolkata,Electronics,4K Monitor,Partner,Corporate,1,4321.58,0.1,3889.42,2497.67,1391.75,No,CUST-1097
ORD-100682,2023-09-20,South,Kochi,Apparel,Rain Jacket,Retail Store,Consumer,7,1593.35,0.0,11153.45,6776.03,4377.42,No,CUST-1222
ORD-100683,2023-09-20,East,Kolkata,Apparel,Denim Jeans,Retail Store,Consumer,6,1257.38,0.2,6035.42,4234.84,1800.58,No,CUST-1441
ORD-100684,2023-09-20,North,Lucknow,Beauty,Vitamin C Serum,Online,Consumer,3,1089.97,,3269.91,1919.27,1350.64,No,CUST-1248
ORD-100685,2023-09-20,North,Delhi,Sports,Dumbbell Set,Online,Consumer,5,2436.82,0.0,12184.1,8908.28,3275.82,No,CUST-1408
ORD-100686,2023-09-20,North,Jaipur,Beauty,Sunscreen SPF50,Retail Store,Home Office,3,1129.86,0.1,3050.62,1702.02,1348.6,No,CUST-1403
ORD-100687,2023-09-21,North,Chandigarh,Electronics,4K Monitor,Online,Consumer,6,4690.04,0.0,28140.24,19095.02,9045.22,No,CUST-1394
ORD-100688,2023-09-21,West,Surat,Apparel,Denim Jeans,Retail Store,Consumer,2,1425.06,0.0,2850.12,2122.43,727.69,No,CUST-1053
ORD-100689,2023-09-21,South,Bengaluru,Beauty,Hair Oil,Online,Corporate,5,1124.08,0.05,5339.38,3757.83,1581.55,No,CUST-1483
ORD-100690,2023-09-22,North,Delhi,Apparel,Wool Sweater,Online,Consumer,1,1415.18,0.0,1415.18,796.83,618.35,No,CUST-1269
ORD-100691,2023-09-22,East,Patna,Home & Kitchen,Air Fryer,Online,Home Office,1,3450.05,0.0,3450.05,2356.7,1093.35,No,CUST-1484
ORD-100692,2023-09-22,South,Chennai,Electronics,Bluetooth Speaker,Online,Consumer,3,5636.88,0.1,15219.58,7888.38,-3855.75,Yes,CUST-1054
ORD-100693,2023-09-22,North,Delhi,Apparel,Rain Jacket,Online,Home Office,2,1180.58,0.05,2243.1,1052.45,1190.65,No,CUST-1783
ORD-100694,2023-09-23,North,Chandigarh,Beauty,Sunscreen SPF50,Online,Corporate,4,938.29,0.3,2627.21,1868.36,-946.34,Yes,CUST-1650
ORD-100695,2023-09-23,North,Delhi,Electronics,Wireless Earbuds,Partner,Corporate,2,5493.8,0.0,10987.6,7874.19,3113.41,No,CUST-1311
ORD-100696,2023-09-23,East,Patna,Sports,Running Shoes,Retail Store,Consumer,2,2818.26,0.2,4509.22,2063.27,2445.95,No,CUST-1323
ORD-100697,2023-09-24,North,Lucknow,Apparel,Cotton T-Shirt,Retail Store,Corporate,1,1941.54,0.15,1650.31,1258.81,391.5,No,CUST-1284
ORD-100698,2023-09-25,North,Lucknow,Electronics,Power Bank,Online,Corporate,8,6265.14,0.15,42602.95,25440.22,17162.73,No,CUST-1892
ORD-100699,2023-09-25,North,Jaipur,Electronics,Wireless Earbuds,Online,Consumer,6,4754.41,0.2,22821.17,17087.12,-3717.6,Yes,CUST-1631
ORD-100700,2023-09-26,South,Bengaluru,Electronics,Smart Watch,Retail Store,Consumer,2,3948.77,0.0,7897.54,5608.02,2289.52,No,CUST-1414
ORD-100701,2023-09-26,North,Jaipur,Apparel,Wool Sweater,Online,Corporate,1,2379.18,0.25,1784.38,1333.32,451.06,No,CUST-1583
ORD-100702,2023-09-26,West,Pune,Electronics,Bluetooth Speaker,Online,Home Office,7,3238.07,0.0,22666.49,16433.52,6232.97,No,CUST-1058
ORD-100703,2023-09-27,North,,Home & Kitchen,Cookware Set,Partner,Corporate,6,2469.81,0.15,12596.03,9716.81,2879.22,No,CUST-1746
ORD-100704,2023-09-27,East,Bhubaneswar,Beauty,Hair Oil,Online,Consumer,8,914.0,0.0,7312.0,4808.4,2503.6,No,CUST-1536
ORD-100705,2023-09-27,South,Kochi,Apparel,Denim Jeans,Partner,Corporate,2,2207.54,,4194.33,2202.0,1992.33,No,CUST-1278
ORD-100706,2023-09-28,South,Kochi,Electronics,Power Bank,Online,Consumer,3,5083.01,0.2,12199.22,7057.93,5141.29,No,CUST-1623
ORD-100707,2023-09-28,North,Chandigarh,Apparel,Cotton T-Shirt,Online,Consumer,1,1984.48,0.3,1389.14,969.79,419.35,No,CUST-1005
ORD-100708,2023-09-28,East,Kolkata,Beauty,Hair Oil,Online,Corporate,4,456.35,,1369.05,686.99,682.06,No,CUST-1441
ORD-100709,2023-09-28,West,Mumbai,Home & Kitchen,Cookware Set,Partner,Consumer,2,3207.64,0.2,5132.22,3884.31,1247.91,No,CUST-1849
ORD-100710,2023-09-28,North,Delhi,Electronics,4K Monitor,Retail Store,Corporate,1,2870.11,0.1,2583.1,1337.38,1245.72,No,CUST-1683
ORD-100711,2023-09-28,North,Chandigarh,Apparel,Wool Sweater,Retail Store,Consumer,5,1907.64,0.1,8584.38,6344.47,2239.91,No,CUST-1039
ORD-100712,2023-09-29,West,Mumbai,Apparel,Cotton T-Shirt,Online,Consumer,8,1074.13,0.3,6015.13,3667.0,2348.13,No,CUST-1530
ORD-100713,2023-09-30,South,Kochi,Apparel,Denim Jeans,Retail Store,Corporate,6,1170.88,0.0,7025.28,5110.22,1915.06,No,CUST-1612
ORD-100714,2023-09-30,North,Delhi,Electronics,Bluetooth Speaker,Retail Store,,7,5439.9,0.3,26655.51,20424.45,-6725.19,Yes,CUST-1473
ORD-100715,2023-09-30,North,Lucknow,Sports,Running Shoes,Retail Store,Home Office,7,2727.89,0.15,16230.95,9565.04,6665.91,No,CUST-1289
ORD-100716,2023-10-01,East,Bhubaneswar,Electronics,Power Bank,Retail Store,Home Office,8,3892.48,0.15,26468.86,17995.64,8473.22,No,CUST-1611
ORD-100717,2023-10-01,East,Kolkata,Electronics,4K Monitor,Retail Store,Home Office,2,4540.4,0.15,7718.68,4050.89,3667.79,No,CUST-1381
ORD-100718,2023-10-01,South,Bengaluru,Electronics,Smart Watch,Retail Store,Home Office,3,4512.55,0.25,10153.24,7252.05,2901.19,No,CUST-1853
ORD-100719,2023-10-02,West,Pune,Home & Kitchen,Espresso Machine,Online,Consumer,5,2837.72,,11350.88,8179.17,3171.71,No,CUST-1754
ORD-100720,2023-10-02,South,Chennai,Apparel,Wool Sweater,Retail Store,Consumer,7,1021.51,0.0,7150.57,3914.44,3236.13,No,CUST-1818
ORD-100721,2023-10-02,North,Jaipur,Electronics,4K Monitor,Online,Corporate,7,4539.29,0.25,23831.27,10913.92,12917.35,No,CUST-1377
ORD-100722,2023-10-02,South,Hyderabad,Apparel,Cotton T-Shirt,Partner,,6,1527.67,0.2,7332.82,4343.21,2989.61,No,CUST-1609
ORD-100723,2023-10-03,South,Bengaluru,Home & Kitchen,Air Fryer,Online,Corporate,3,3567.61,0.3,7491.98,3791.69,3700.29,No,CUST-1129
ORD-100724,2023-10-03,North,Delhi,Electronics,Wireless Earbuds,Online,Consumer,3,4317.26,0.3,9066.25,6528.8,2537.45,No,CUST-1677
ORD-100725,2023-10-03,North,Chandigarh,Sports,Yoga Mat,Online,Corporate,1,1358.03,0.3,950.62,509.69,440.93,No,CUST-1678
ORD-100726,2023-10-03,South,Kochi,Apparel,Cotton T-Shirt,Online,Consumer,3,1551.76,0.0,4655.28,3544.62,1110.66,No,CUST-1697
ORD-100727,2023-10-03,East,Guwahati,Electronics,Bluetooth Speaker,Online,Corporate,2,4041.06,0.15,6869.8,5294.53,-1258.92,Yes,CUST-1018
ORD-100728,2023-10-03,North,Lucknow,Sports,Yoga Mat,Retail Store,Consumer,8,1634.77,0.3,9154.71,6865.26,2289.45,No,CUST-1410
ORD-100729,2023-10-04,South,Chennai,Beauty,Sunscreen SPF50,Retail Store,Consumer,1,630.29,0.3,441.2,285.84,155.36,No,CUST-1247
ORD-100730,2023-10-05,East,Guwahati,Apparel,Wool Sweater,Online,Home Office,3,1143.49,0.1,3087.42,1661.81,1425.61,No,CUST-1823
ORD-100731,2023-10-05,East,Kolkata,Beauty,Face Wash,Online,Consumer,8,806.09,0.3,4514.1,3233.88,1280.22,No,CUST-1484
ORD-100732,2023-10-05,East,Guwahati,Apparel,Wool Sweater,Retail Store,Consumer,8,927.96,0.25,5567.76,3794.58,1773.18,No,CUST-1550
ORD-100733,2023-10-06,East,Guwahati,Apparel,Cotton T-Shirt,Partner,Consumer,4,1054.17,0.0,4216.68,3257.24,959.44,No,CUST-1393
ORD-100734,2023-10-06,East,Bhubaneswar,Beauty,Hair Oil,Online,Consumer,4,625.84,,1877.52,1078.62,798.9,No,CUST-1102
ORD-100735,2023-10-06,North,Delhi,Beauty,Hair Oil,Partner,Consumer,5,914.33,0.15,3885.9,1824.02,2061.88,No,CUST-1558
ORD-100736,2023-10-07,South,Bengaluru,Electronics,Wireless Earbuds,Online,Corporate,7,4988.66,0.15,29682.53,23136.57,6545.96,No,CUST-1549
ORD-100737,2023-10-07,East,Guwahati,Home & Kitchen,Espresso Machine,Retail Store,Consumer,7,1910.3,0.0,13372.1,9716.53,3655.57,No,CUST-1343
ORD-100738,2023-10-07,North,Delhi,Apparel,Denim Jeans,Retail Store,Consumer,5,1751.79,0.3,6131.26,3207.21,2924.05,No,CUST-1566
ORD-100739,2023-10-08,North,Delhi,Electronics,4K Monitor,Online,Home Office,3,5254.68,0.0,15764.04,10868.63,4895.41,No,CUST-1351
ORD-100740,2023-10-08,North,Chandigarh,Sports,Yoga Mat,Online,Corporate,3,1359.81,0.05,3875.46,1744.84,2130.62,No,CUST-1594
ORD-100741,2023-10-08,South,Kochi,Home & Kitchen,Cookware Set,Retail Store,Consumer,6,1332.18,0.0,7993.08,5068.23,2924.85,No,CUST-1313
ORD-100742,2023-10-08,South,Hyderabad,Home & Kitchen,Chef Knife,Online,Consumer,7,2944.84,0.3,14429.72,8221.14,6208.58,No,CUST-1695
ORD-100743,2023-10-09,North,Delhi,Home & Kitchen,Espresso Machine,Online,Consumer,1,3732.03,0.1,3358.83,1934.15,1424.68,No,CUST-1798
ORD-100744,2023-10-09,West,Surat,Home & Kitchen,Cookware Set,Online,Corporate,7,4041.53,0.0,28290.71,15013.64,13277.07,No,CUST-1435
ORD-100745,2023-10-10,West,Ahmedabad,Electronics,Wireless Earbuds,Retail Store,Corporate,4,3279.41,0.0,13117.64,7092.69,6024.95,No,CUST-1015
ORD-100746,2023-10-11,North,Chandigarh,Sports,Yoga Mat,Online,Corporate,2,2542.94,0.3,3560.12,2136.22,1423.9,No,CUST-1613
ORD-100747,2023-10-11,West,Mumbai,Home & Kitchen,Air Fryer,Online,Corporate,1,1527.17,0.0,1527.17,812.28,714.89,No,CUST-1845
ORD-100748,2023-10-11,North,Chandigarh,Home & Kitchen,Chef Knife,Partner,Corporate,3,2753.32,0.2,6607.97,3990.72,2617.25,No,CUST-1638
ORD-100749,2023-10-12,West,Mumbai,Apparel,Cotton T-Shirt,Retail Store,Consumer,2,1229.04,0.0,2458.08,1574.46,883.62,No,CUST-1322
ORD-100750,2023-10-13,West,Ahmedabad,Electronics,4K Monitor,Online,Consumer,1,5089.95,0.3,3562.96,2439.44,1123.52,No,CUST-1507
ORD-100751,2023-10-13,North,Delhi,Electronics,4K Monitor,Online,Consumer,3,5221.37,,13314.49,8966.75,4347.74,No,CUST-1328
ORD-100752,2023-10-13,East,Patna,Apparel,Rain Jacket,Online,Home Office,7,1638.3,0.0,11468.1,6076.45,5391.65,No,CUST-1696
ORD-100753,2023-10-14,West,Mumbai,Electronics,4K Monitor,Online,Consumer,6,2855.75,0.3,11994.15,5552.48,6441.67,No,CUST-1653
ORD-100754,2023-10-14,West,Ahmedabad,Home & Kitchen,Cookware Set,Online,Consumer,2,3568.63,0.0,7137.26,5172.98,1964.28,No,CUST-1562
ORD-100755,2023-10-14,West,Mumbai,Beauty,Vitamin C Serum,Online,Corporate,6,753.28,0.3,3163.78,2334.44,829.34,No,CUST-1349
ORD-100756,2023-10-14,South,Hyderabad,Apparel,Rain Jacket,Online,Consumer,4,856.87,0.15,2913.36,2252.12,661.24,No,CUST-1155
ORD-100757,2023-10-15,North,Jaipur,Apparel,Cotton T-Shirt,Retail Store,Consumer,6,739.02,0.1,3990.71,3059.7,931.01,No,CUST-1554
ORD-100758,2023-10-15,West,Surat,Home & Kitchen,Espresso Machine,Online,Corporate,2,3687.23,0.0,7374.46,4860.94,2513.52,No,CUST-1303
ORD-100759,2023-10-16,East,Bhubaneswar,Electronics,Smart Watch,Online,Home Office,1,3906.52,0.0,3906.52,2910.79,995.73,No,CUST-1813
ORD-100760,2023-10-16,East,Guwahati,Sports,Yoga Mat,Retail Store,Consumer,3,1320.12,0.0,3960.36,2367.67,1592.69,No,CUST-1056
ORD-100761,2023-10-16,South,Bengaluru,Apparel,Denim Jeans,Online,Consumer,8,1294.31,0.25,7765.86,5512.37,2253.49,No,CUST-1761
ORD-100762,2023-10-16,South,Hyderabad,Electronics,Power Bank,Retail Store,Home Office,5,4396.04,0.0,21980.2,16820.58,5159.62,No,CUST-1701
ORD-100763,2023-10-17,North,Jaipur,Electronics,4K Monitor,Online,Corporate,1,3996.67,0.0,3996.67,2848.71,1147.96,No,CUST-1463
ORD-100764,2023-10-17,East,Kolkata,Sports,Dumbbell Set,Online,Consumer,8,1213.04,0.0,9704.32,5698.4,4005.92,No,CUST-1893
ORD-100765,2023-10-17,North,Chandigarh,Electronics,Wireless Earbuds,Online,Consumer,7,5761.81,0.3,28232.87,16224.32,12008.55,No,CUST-1644
ORD-100766,2023-10-17,East,Kolkata,Home & Kitchen,Espresso Machine,Online,Consumer,5,3670.66,0.3,12847.31,7017.32,5829.99,No,CUST-1037
ORD-100767,2023-10-18,West,Mumbai,Electronics,Power Bank,Retail Store,Consumer,6,3773.45,0.2,18112.56,10344.64,7767.92,No,CUST-1353
ORD-100768,2023-10-18,South,Bengaluru,Electronics,Bluetooth Speaker,Online,Consumer,2,3810.3,0.0,7620.6,5492.85,2127.75,No,CUST-1756
ORD-100769,2023-10-18,South,Chennai,Beauty,Hair Oil,Online,Corporate,5,732.99,0.1,3298.46,2247.88,1050.58,No,CUST-1698
ORD-100770,2023-10-18,North,Delhi,Electronics,4K Monitor,Online,Corporate,8,3063.37,0.3,17154.87,9134.28,8020.59,No,CUST-1144
ORD-100771,2023-10-18,West,,Electronics,Smart Watch,Online,Corporate,4,4366.66,0.0,17466.64,11961.27,5505.37,No,CUST-1153
ORD-100772,2023-10-18,East,Guwahati,Apparel,Cotton T-Shirt,Online,Consumer,1,961.38,0.25,721.04,414.74,306.3,No,CUST-1831
ORD-100773,2023-10-19,South,Bengaluru,Beauty,Vitamin C Serum,Online,Consumer,7,669.25,0.0,4684.75,2970.44,1714.31,No,CUST-1041
ORD-100774,2023-10-19,North,Delhi,Apparel,Rain Jacket,Online,Corporate,6,1010.27,0.25,4546.22,2601.45,1944.77,No,CUST-1854
ORD-100775,2023-10-19,North,Jaipur,Electronics,4K Monitor,Retail Store,Consumer,6,3076.71,0.1,16614.23,10336.34,6277.89,No,CUST-1486
ORD-100776,2023-10-20,South,Bengaluru,Sports,Dumbbell Set,Retail Store,Consumer,6,2514.71,0.25,11316.2,7817.63,3498.57,No,CUST-1726
ORD-100777,2023-10-20,West,Surat,Home & Kitchen,Cookware Set,Online,Consumer,2,3052.15,0.05,5799.08,4008.75,1790.33,No,CUST-1193
ORD-100778,2023-10-20,East,Guwahati,Beauty,Sunscreen SPF50,Partner,Consumer,1,711.51,0.25,533.63,372.77,-192.46,Yes,CUST-1309
ORD-100779,2023-10-20,North,Lucknow,Beauty,Sunscreen SPF50,Online,Consumer,7,379.43,0.25,1992.01,1153.46,838.55,No,CUST-1655
ORD-100780,2023-10-20,West,Surat,Home & Kitchen,Chef Knife,Online,Consumer,7,2618.71,0.0,18330.97,12425.9,5905.07,No,CUST-1146
ORD-100781,2023-10-20,South,Kochi,Apparel,Denim Jeans,Retail Store,Corporate,1,1499.89,0.15,1274.91,674.14,600.77,No,CUST-1091
ORD-100782,2023-10-21,West,Ahmedabad,Apparel,Rain Jacket,Retail Store,Consumer,5,1420.16,0.1,6390.72,3882.69,2508.03,No,CUST-1548
ORD-100783,2023-10-21,North,Jaipur,Home & Kitchen,Espresso Machine,Online,Consumer,5,1586.97,0.05,7538.11,4842.67,2695.44,No,CUST-1007
ORD-100784,2023-10-21,East,Bhubaneswar,Home & Kitchen,Espresso Machine,Partner,Consumer,3,3154.48,0.25,7097.58,4801.79,2295.79,No,CUST-1845
ORD-100785,2023-10-22,West,Mumbai,Sports,Cricket Bat,Partner,Consumer,6,1998.63,0.0,11991.78,9005.33,2986.45,No,CUST-1608
ORD-100786,2023-10-22,North,Lucknow,Home & Kitchen,Chef Knife,Online,Consumer,8,3870.58,,30964.64,17048.31,13916.33,No,CUST-1642
ORD-100787,2023-10-22,East,Guwahati,Electronics,4K Monitor,Online,Consumer,7,3500.36,0.1,22052.27,16074.88,5977.39,No,CUST-1450
ORD-100788,2023-10-23,West,Mumbai,Apparel,Cotton T-Shirt,Retail Store,Consumer,2,690.98,0.25,1036.47,572.83,463.64,No,CUST-1561
ORD-100789,2023-10-24,North,Delhi,Home & Kitchen,Cookware Set,Partner,Consumer,4,2357.69,0.0,9430.76,5961.47,3469.29,No,CUST-1856
ORD-100790,2023-10-24,North,Delhi,Apparel,Wool Sweater,Retail Store,Home Office,8,1034.87,0.05,7865.01,5688.55,2176.46,No,CUST-1004
ORD-100791,2023-10-24,East,Kolkata,Beauty,Face Wash,Online,Consumer,2,792.75,0.2,1268.4,873.47,394.93,No,CUST-1222
ORD-100792,2023-10-25,North,Chandigarh,Home & Kitchen,Cookware Set,Retail Store,Consumer,7,1215.68,0.1,7658.78,5627.27,2031.51,No,CUST-1627
ORD-100793,2023-10-25,North,Delhi,Electronics,Smart Watch,Online,Home Office,4,3690.8,0.15,12548.72,9021.41,3527.31,No,CUST-1110
ORD-100794,2023-10-25,South,Kochi,Home & Kitchen,Cookware Set,Retail Store,Corporate,5,3971.05,0.1,17869.73,9671.0,8198.73,No,CUST-1220
ORD-100795,2023-10-26,East,Guwahati,Home & Kitchen,Cookware Set,Retail Store,Corporate,3,3028.24,0.25,6813.54,5298.68,1514.86,No,CUST-1020
ORD-100796,2023-10-26,North,Chandigarh,Sports,Dumbbell Set,Retail Store,Consumer,8,2218.92,0.25,13313.52,10107.75,3205.77,No,CUST-1049
ORD-100797,2023-10-27,North,Jaipur,Apparel,Denim Jeans,Online,Home Office,5,872.58,0.1,3926.61,2324.39,1602.22,No,CUST-1399
ORD-100798,2023-10-27,West,Mumbai,Home & Kitchen,Air Fryer,Online,Consumer,5,1959.01,0.05,9305.3,4332.35,4972.95,No,CUST-1594
ORD-100799,2023-10-27,South,Bengaluru,Apparel,Rain Jacket,Retail Store,Corporate,4,1798.56,0.0,7194.24,3957.94,3236.3,No,CUST-1090
ORD-100800,2023-10-27,West,Ahmedabad,Apparel,Cotton T-Shirt,Online,Corporate,1,1397.18,0.05,1327.32,963.54,363.78,No,CUST-1884
ORD-100801,2023-10-28,South,Hyderabad,Electronics,4K Monitor,Online,Consumer,7,4194.22,0.25,22019.66,16818.34,5201.32,No,CUST-1698
ORD-100802,2023-10-29,West,Pune,Sports,Yoga Mat,Online,Home Office,3,1399.13,0.1,3777.65,2736.73,1040.92,No,CUST-1596
ORD-100803,2023-10-29,East,Guwahati,Sports,Cricket Bat,Retail Store,Home Office,2,1897.1,0.2,3035.36,1763.32,1272.04,No,CUST-1064
ORD-100804,2023-10-29,North,Lucknow,Home & Kitchen,Chef Knife,Online,Consumer,7,2265.16,0.05,15063.31,7059.53,8003.78,No,CUST-1466
ORD-100805,2023-10-29,West,Surat,Home & Kitchen,Cookware Set,Retail Store,Consumer,2,3820.29,0.2,6112.46,3794.63,2317.83,No,CUST-1828
ORD-100806,2023-10-30,South,Chennai,Electronics,Bluetooth Speaker,Online,Corporate,6,6568.53,0.2,31528.94,18104.11,13424.83,No,CUST-1214
ORD-100807,2023-10-31,North,Delhi,Home & Kitchen,Cookware Set,Retail Store,Consumer,4,3353.12,0.1,12071.23,5921.91,6149.32,No,CUST-1486
ORD-100808,2023-10-31,North,Jaipur,Apparel,Denim Jeans,Online,Consumer,7,1177.65,,5770.48,2798.29,2972.19,No,CUST-1507
ORD-100809,2023-10-31,East,Bhubaneswar,Home & Kitchen,Espresso Machine,Online,Consumer,1,1341.79,0.25,1006.34,503.68,502.66,No,CUST-1626
ORD-100810,2023-11-01,North,Chandigarh,Electronics,Wireless Earbuds,Online,Corporate,7,3061.84,0.0,21432.88,11100.56,10332.32,No,CUST-1826
ORD-100811,2023-11-01,North,Delhi,Home & Kitchen,Espresso Machine,Online,Home Office,2,4819.64,,9639.28,6735.44,2903.84,No,CUST-1117
ORD-100812,2023-11-01,North,,Electronics,Power Bank,Retail Store,Consumer,7,3764.56,0.3,18446.34,10624.39,-2673.72,Yes,CUST-1056
ORD-100813,2023-11-01,South,Chennai,Home & Kitchen,Espresso Machine,Retail Store,Corporate,3,3299.49,0.05,9403.55,5587.49,3816.06,No,CUST-1080
ORD-100814,2023-11-01,South,Kochi,Home & Kitchen,Chef Knife,Retail Store,,1,4111.33,0.0,4111.33,2661.95,1449.38,No,CUST-1240
ORD-100815,2023-11-01,South,Bengaluru,Electronics,Wireless Earbuds,Retail Store,Consumer,4,6457.13,0.25,19371.39,14854.84,4516.55,No,CUST-1318
ORD-100816,2023-11-01,North,Jaipur,Apparel,Denim Jeans,Retail Store,Consumer,1,1552.12,0.15,1319.3,923.03,396.27,No,CUST-1790
ORD-100817,2023-11-03,North,Delhi,Beauty,Sunscreen SPF50,Partner,Consumer,3,739.58,0.0,2218.74,1471.21,747.53,No,CUST-1468
ORD-100818,2023-11-03,East,Kolkata,Home & Kitchen,Espresso Machine,Retail Store,Corporate,6,3652.72,0.0,21916.32,15242.02,6674.3,No,CUST-1670
ORD-100819,2023-11-04,South,Hyderabad,Electronics,4K Monitor,Online,Consumer,5,4200.15,0.25,15750.56,10826.41,4924.15,No,CUST-1517
ORD-100820,2023-11-05,East,Guwahati,Apparel,Denim Jeans,Online,Consumer,6,1419.55,0.2,6813.84,4618.3,2195.54,No,CUST-1857
ORD-100821,2023-11-05,North,Jaipur,Apparel,Wool Sweater,Retail Store,Consumer,8,1772.21,0.05,13468.8,8267.34,5201.46,No,CUST-1296
ORD-100822,2023-11-05,North,Lucknow,Home & Kitchen,Chef Knife,Retail Store,Consumer,4,3745.53,0.25,11236.59,7158.38,4078.21,No,CUST-1602
ORD-100823,2023-11-05,North,Delhi,Home & Kitchen,Cookware Set,Online,Consumer,5,5287.53,0.0,26437.65,15923.19,10514.46,No,CUST-1245
ORD-100824,2023-11-06,South,Bengaluru,Electronics,Wireless Earbuds,Online,Corporate,1,5348.64,0.25,4011.48,2328.01,1683.47,No,CUST-1210
ORD-100825,2023-11-06,South,Kochi,Home & Kitchen,Cookware Set,Retail Store,Consumer,3,4512.85,0.0,13538.55,7302.06,6236.49,No,CUST-1883
ORD-100826,2023-11-06,East,Bhubaneswar,Home & Kitchen,Air Fryer,Online,Corporate,6,2752.77,0.15,14039.13,7963.28,6075.85,No,CUST-1021
ORD-100827,2023-11-06,South,Bengaluru,Beauty,Sunscreen SPF50,Online,Corporate,1,907.4,0.25,680.55,402.49,278.06,No,CUST-1245
ORD-100828,2023-11-07,South,Chennai,Electronics,Smart Watch,Retail Store,Corporate,3,4105.05,0.15,10467.88,6711.95,3755.93,No,CUST-1347
ORD-100829,2023-11-08,South,Hyderabad,Apparel,Denim Jeans,Online,Consumer,2,1769.06,0.25,2653.59,1631.85,1021.74,No,CUST-1124
ORD-100830,2023-11-08,North,Jaipur,Apparel,Wool Sweater,Online,Consumer,7,1874.35,0.05,12464.43,6053.02,6411.41,No,CUST-1694
ORD-100831,2023-11-09,South,Hyderabad,Electronics,4K Monitor,Online,Corporate,5,4937.88,0.0,24689.4,13880.17,10809.23,No,CUST-1323
ORD-100832,2023-11-09,South,Hyderabad,Apparel,Denim Jeans,Online,Consumer,6,2490.84,0.0,14945.04,8580.6,6364.44,No,CUST-1413
ORD-100833,2023-11-09,South,Chennai,Electronics,Smart Watch,Online,Consumer,6,6421.2,0.0,38527.2,26325.08,12202.12,No,CUST-1273
ORD-100834,2023-11-09,North,Lucknow,Electronics,Bluetooth Speaker,Online,Consumer,2,6152.85,0.0,12305.7,6889.4,5416.3,No,CUST-1802
ORD-100835,2023-11-09,East,Guwahati,Home & Kitchen,Cookware Set,Retail Store,Consumer,1,4214.49,0.0,4214.49,1907.59,2306.9,No,CUST-1379
ORD-100836,2023-11-09,West,Surat,Electronics,Wireless Earbuds,Retail Store,Consumer,4,6785.63,0.2,21714.02,10375.63,11338.39,No,CUST-1708
ORD-100837,2023-11-09,North,Delhi,Home & Kitchen,Cookware Set,Online,Home Office,2,2468.24,0.0,4936.48,3031.05,1905.43,No,CUST-1561
ORD-100838,2023-11-10,East,Guwahati,Electronics,4K Monitor,Online,Corporate,3,6365.29,0.0,19095.87,9780.97,9314.9,No,CUST-1860
ORD-100839,2023-11-10,East,Bhubaneswar,Home & Kitchen,Espresso Machine,Online,Corporate,3,2823.24,0.2,6775.78,4155.08,2620.7,No,CUST-1542
ORD-100840,2023-11-10,North,Lucknow,Apparel,Rain Jacket,Online,Home Office,7,1428.43,0.1,8999.11,5754.82,-2511.91,Yes,CUST-1887
ORD-100841,2023-11-10,East,Kolkata,Beauty,Sunscreen SPF50,Online,Corporate,3,916.35,0.0,2749.05,2083.87,665.18,No,CUST-1628
ORD-100842,2023-11-12,East,Patna,Beauty,Sunscreen SPF50,Online,Consumer,2,1037.1,0.2,1659.36,1105.7,553.66,No,CUST-1053
ORD-100843,2023-11-13,West,Mumbai,Apparel,Rain Jacket,Online,Consumer,8,1217.72,0.0,9741.76,4483.58,5258.18,No,CUST-1141
ORD-100844,2023-11-13,West,Pune,Home & Kitchen,Air Fryer,Retail Store,Corporate,1,3206.57,0.25,2404.93,1384.38,1020.55,No,CUST-1710
ORD-100845,2023-11-13,North,Jaipur,Electronics,Wireless Earbuds,Online,Consumer,2,5002.55,0.0,10005.1,7122.04,2883.06,No,CUST-1041
ORD-100846,2023-11-13,South,Chennai,Home & Kitchen,Cookware Set,Partner,Home Office,3,3467.25,0.15,8841.49,4738.91,4102.58,No,CUST-1171
ORD-100847,2023-11-13,South,Kochi,Electronics,Wireless Earbuds,Online,Consumer,1,5819.86,0.15,4946.88,3736.09,1210.79,No,CUST-1711
ORD-100848,2023-11-14,North,Chandigarh,Apparel,Wool Sweater,Retail Store,Consumer,8,2868.14,0.05,21797.86,13614.37,8183.49,No,CUST-1319
ORD-100849,2023-11-14,North,Lucknow,Electronics,Bluetooth Speaker,Online,Corporate,3,5353.36,0.2,12848.06,6173.59,6674.47,No,CUST-1195
ORD-100850,2023-11-16,West,Pune,Beauty,Sunscreen SPF50,Retail Store,Corporate,7,684.88,0.05,4554.45,2412.73,2141.72,No,CUST-1178
ORD-100851,2023-11-16,North,Lucknow,Apparel,Cotton T-Shirt,Partner,Corporate,2,1168.19,0.15,1985.92,1487.61,498.31,No,CUST-1284
ORD-100852,2023-11-19,South,Chennai,Home & Kitchen,Chef Knife,Online,Consumer,5,3360.64,0.0,16803.2,13059.14,3744.06,No,CUST-1754
ORD-100853,2023-11-20,West,Ahmedabad,Apparel,Wool Sweater,Online,Consumer,2,1296.79,0.15,2204.54,1619.89,584.65,No,CUST-1410
ORD-100854,2023-11-20,North,Chandigarh,Electronics,Bluetooth Speaker,Partner,Corporate,2,5410.55,0.2,8656.88,4811.7,3845.18,No,CUST-1858
ORD-100855,2023-11-23,South,Hyderabad,Electronics,4K Monitor,Partner,Home Office,4,5394.82,0.3,15105.5,10629.9,4475.6,No,CUST-1644
ORD-100856,2023-11-23,West,Ahmedabad,Sports,Cricket Bat,Partner,Consumer,7,1993.97,0.05,13259.9,6939.37,6320.53,No,CUST-1241
ORD-100857,2023-11-25,South,Chennai,Beauty,Vitamin C Serum,Online,Consumer,3,1175.39,0.1,3173.55,1830.8,1342.75,No,CUST-1147
ORD-100858,2023-11-25,North,Chandigarh,Electronics,Smart Watch,Online,Consumer,7,4115.3,0.1,25926.39,17631.64,8294.75,No,CUST-1849
ORD-100859,2023-11-25,North,Lucknow,Beauty,Face Wash,Online,Corporate,1,796.93,0.25,597.7,460.07,137.63,No,CUST-1812
ORD-100860,2023-11-26,West,Pune,Apparel,Denim Jeans,Retail Store,Consumer,3,1867.4,0.3,3921.54,2333.06,1588.48,No,CUST-1110
ORD-100861,2023-11-26,North,Chandigarh,Electronics,Bluetooth Speaker,Online,Home Office,5,5876.59,0.15,24975.51,15325.62,9649.89,No,CUST-1289
ORD-100862,2023-11-26,South,Bengaluru,Apparel,Rain Jacket,Online,Consumer,4,2098.15,0.25,6294.45,3289.83,3004.62,No,CUST-1668
ORD-100863,2023-11-26,North,Jaipur,Electronics,Power Bank,Retail Store,Corporate,5,5377.66,0.0,26888.3,15677.59,11210.71,No,CUST-1884
ORD-100864,2023-11-26,South,Kochi,Electronics,4K Monitor,Online,Corporate,6,6051.75,0.2,29048.4,13675.87,15372.53,No,CUST-1813
ORD-100865,2023-11-27,West,Ahmedabad,Home & Kitchen,Espresso Machine,Retail Store,Consumer,1,3097.71,0.25,2323.28,1703.74,619.54,No,CUST-1256
ORD-100866,2023-11-27,South,Bengaluru,Electronics,Power Bank,Online,Consumer,6,5910.37,0.2,28369.78,12984.86,15384.92,No,CUST-1807
ORD-100867,2023-11-27,West,Ahmedabad,Sports,Dumbbell Set,Retail Store,Consumer,7,2667.72,0.15,15872.93,10723.17,5149.76,No,CUST-1653
ORD-100868,2023-11-28,North,Lucknow,Home & Kitchen,Air Fryer,Online,Corporate,7,4839.2,0.3,23712.08,12808.39,10903.69,No,CUST-1416
ORD-100869,2023-11-28,South,,Beauty,Vitamin C Serum,Retail Store,Corporate,3,519.02,0.15,1323.5,803.52,519.98,No,CUST-1339
ORD-100870,2023-11-29,West,Mumbai,Home & Kitchen,Cookware Set,Online,Consumer,3,2907.24,0.25,6541.29,3551.36,2989.93,No,CUST-1731
ORD-100871,2023-11-29,South,Chennai,Beauty,Vitamin C Serum,Online,Consumer,8,968.87,0.0,7750.96,4511.24,3239.72,No,CUST-1752
ORD-100872,2023-11-30,North,Chandigarh,Apparel,Rain Jacket,Online,Home Office,7,683.78,0.15,4068.49,2564.93,-1377.07,Yes,CUST-1822
ORD-100873,2023-11-30,West,Pune,Home & Kitchen,Air Fryer,Retail Store,Consumer,8,4027.6,0.05,30609.76,20248.2,10361.56,No,CUST-1416
ORD-100874,2023-12-01,South,Kochi,Apparel,Wool Sweater,Online,Consumer,8,1802.82,0.25,10816.92,8224.04,2592.88,No,CUST-1240
ORD-100875,2023-12-01,South,Kochi,Sports,Cricket Bat,Online,Home Office,4,1732.83,0.25,5198.49,2909.21,2289.28,No,CUST-1783
ORD-100876,2023-12-01,West,Ahmedabad,Electronics,Bluetooth Speaker,Retail Store,Home Office,2,3972.3,0.25,5958.45,3831.3,2127.15,No,CUST-1272
ORD-100877,2023-12-01,North,Jaipur,Home & Kitchen,Cookware Set,Online,Consumer,2,2473.62,0.0,4947.24,3698.4,1248.84,No,CUST-1678
ORD-100878,2023-12-01,North,Delhi,Beauty,Sunscreen SPF50,Online,Consumer,3,647.6,0.1,1748.52,954.3,-757.93,Yes,CUST-1458
ORD-100879,2023-12-01,North,Lucknow,Apparel,Denim Jeans,Online,Consumer,7,1304.77,0.0,9133.39,6717.3,2416.09,No,CUST-1527
ORD-100880,2023-12-02,South,Kochi,Beauty,Vitamin C Serum,Online,Consumer,3,621.88,,1305.95,1000.35,305.6,No,CUST-1188
ORD-100881,2023-12-02,North,Jaipur,Apparel,Cotton T-Shirt,Online,Corporate,3,1226.33,0.0,3678.99,2684.46,994.53,No,CUST-1224
ORD-100882,2023-12-03,East,Bhubaneswar,Electronics,Power Bank,Online,Consumer,7,4130.68,0.15,24577.55,15681.8,8895.75,No,CUST-1587
ORD-100883,2023-12-03,North,Lucknow,Home & Kitchen,Espresso Machine,Online,Consumer,2,3040.78,0.1,5473.4,3767.33,1706.07,No,CUST-1233
ORD-100884,2023-12-04,East,Bhubaneswar,Apparel,Cotton T-Shirt,Online,Consumer,6,2068.67,0.3,8688.41,5289.08,3399.33,No,CUST-1602
ORD-100885,2023-12-04,North,Delhi,Electronics,Smart Watch,Retail Store,Corporate,5,4013.93,0.25,15052.24,9740.22,5312.02,No,CUST-1892
ORD-100886,2023-12-05,South,Hyderabad,Electronics,Power Bank,Retail Store,Corporate,8,4728.74,0.2,30263.94,23350.94,6913.0,No,CUST-1074
ORD-100887,2023-12-05,South,Kochi,Electronics,Power Bank,Online,Consumer,4,3838.74,0.15,13051.72,6954.87,6096.85,No,CUST-1832
ORD-100888,2023-12-05,East,Patna,Beauty,Hair Oil,Online,Consumer,5,637.86,0.0,3189.3,2269.32,919.98,No,CUST-1154
ORD-100889,2023-12-05,South,Chennai,Sports,Dumbbell Set,Retail Store,Consumer,7,1243.68,0.3,6094.03,3760.36,2333.67,No,CUST-1124
ORD-100890,2023-12-05,South,Hyderabad,Home & Kitchen,Chef Knife,Online,Corporate,8,2124.56,0.0,16996.48,8640.47,8356.01,No,CUST-1750
ORD-100891,2023-12-06,West,Pune,Electronics,Smart Watch,Retail Store,Corporate,6,3231.7,0.1,17451.18,11559.08,5892.1,No,CUST-1183
ORD-100892,2023-12-06,South,Hyderabad,Apparel,Denim Jeans,Online,Corporate,6,1526.26,0.05,8699.68,6189.83,2509.85,No,CUST-1582
ORD-100893,2023-12-06,North,Delhi,Beauty,Vitamin C Serum,Online,Home Office,8,907.32,0.05,6895.63,4397.27,2498.36,No,CUST-1096
ORD-100894,2023-12-07,West,Pune,Beauty,Sunscreen SPF50,Online,Consumer,8,445.35,0.3,2493.96,1811.49,682.47,No,CUST-1077
ORD-100895,2023-12-07,South,Chennai,Electronics,Smart Watch,Retail Store,Home Office,6,3871.53,0.0,23229.18,13257.74,9971.44,No,CUST-1181
ORD-100896,2023-12-08,North,Jaipur,Electronics,4K Monitor,Online,Consumer,3,3079.85,0.15,7853.62,5902.34,1951.28,No,CUST-1468
ORD-100897,2023-12-08,South,Chennai,Sports,Running Shoes,Online,Consumer,6,1876.93,0.0,11261.58,7477.08,3784.5,No,CUST-1261
ORD-100898,2023-12-10,North,Delhi,Beauty,Face Wash,Online,Consumer,2,908.12,0.3,1271.37,909.08,362.29,No,CUST-1201
ORD-100899,2023-12-10,North,Chandigarh,Electronics,Power Bank,Retail Store,Corporate,5,3973.55,0.2,15894.2,8584.22,7309.98,No,CUST-1753
ORD-100900,2023-12-10,East,Guwahati,Beauty,Hair Oil,Online,Corporate,4,726.93,0.05,2762.33,1649.73,1112.6,No,CUST-1156
ORD-100901,2023-12-11,North,Lucknow,Electronics,4K Monitor,Retail Store,Consumer,8,5819.85,0.0,46558.8,34927.19,11631.61,No,CUST-1085
ORD-100902,2023-12-12,East,Kolkata,Electronics,4K Monitor,Online,Home Office,5,4853.5,0.0,24267.5,11327.96,12939.54,No,CUST-1099
ORD-100903,2023-12-13,West,Ahmedabad,Beauty,Vitamin C Serum,Online,Home Office,8,612.11,0.0,4896.88,2856.42,2040.46,No,CUST-1793
ORD-100904,2023-12-13,East,Kolkata,Apparel,Denim Jeans,Online,Home Office,7,1521.73,0.05,10119.5,7159.6,2959.9,No,CUST-1428
ORD-100905,2023-12-13,East,Bhubaneswar,Apparel,Rain Jacket,Partner,Consumer,7,1202.87,0.25,6315.07,4391.87,1923.2,No,CUST-1874
ORD-100906,2023-12-14,East,Guwahati,Sports,Cricket Bat,Online,Home Office,2,2180.87,0.0,4361.74,3188.59,1173.15,No,CUST-1726
ORD-100907,2023-12-15,West,Pune,Beauty,Vitamin C Serum,Online,Corporate,7,818.98,0.15,4872.93,3381.81,1491.12,No,CUST-1253
ORD-100908,2023-12-16,South,Hyderabad,Electronics,Bluetooth Speaker,Retail Store,Corporate,3,3086.61,0.05,8796.84,6707.95,-3429.19,Yes,CUST-1711
ORD-100909,2023-12-16,North,Lucknow,Home & Kitchen,Chef Knife,Online,Consumer,5,3384.39,0.0,16921.95,10397.28,6524.67,No,CUST-1410
ORD-100910,2023-12-17,South,Chennai,Beauty,Vitamin C Serum,Online,Corporate,4,716.96,0.15,2437.66,1599.14,838.52,No,CUST-1504
ORD-100911,2023-12-17,South,Kochi,Home & Kitchen,Espresso Machine,Online,Corporate,3,3650.7,0.2,8761.68,6393.77,-4180.59,Yes,CUST-1476
ORD-100912,2023-12-17,North,Delhi,Sports,Yoga Mat,Retail Store,Consumer,8,2363.99,0.3,13238.34,9022.7,4215.64,No,CUST-1682
ORD-100913,2023-12-17,East,Guwahati,Home & Kitchen,Espresso Machine,Online,Home Office,8,3603.85,0.1,25947.72,12550.36,13397.36,No,CUST-1185
ORD-100914,2023-12-18,North,Jaipur,Electronics,4K Monitor,Retail Store,Consumer,5,4124.58,,20622.9,11777.92,8844.98,No,CUST-1053
ORD-100915,2023-12-18,West,Surat,Electronics,Power Bank,Retail Store,Corporate,1,5327.81,0.25,3995.86,2526.8,1469.06,No,CUST-1658
ORD-100916,2023-12-19,North,Delhi,Beauty,Vitamin C Serum,Online,Consumer,2,595.31,0.0,1190.62,832.31,358.31,No,CUST-1858
ORD-100917,2023-12-20,North,Jaipur,Sports,Yoga Mat,Online,Consumer,2,1419.23,0.2,2270.77,1429.17,841.6,No,CUST-1521
ORD-100918,2023-12-20,North,Jaipur,Electronics,Bluetooth Speaker,Retail Store,Consumer,8,1313.71,0.3,7356.78,5198.24,-2736.36,Yes,CUST-1105
ORD-100919,2023-12-21,North,Lucknow,Electronics,Bluetooth Speaker,Retail Store,Consumer,4,4355.29,0.0,17421.16,12654.92,4766.24,No,CUST-1100
ORD-100920,2023-12-22,North,Jaipur,Beauty,Face Wash,Retail Store,Consumer,1,604.12,0.3,422.88,227.29,195.59,No,CUST-1490
ORD-100921,2023-12-23,North,Lucknow,Electronics,Bluetooth Speaker,Online,Consumer,5,4812.46,0.0,24062.3,15720.2,8342.1,No,CUST-1806
ORD-100922,2023-12-24,North,Chandigarh,Electronics,Wireless Earbuds,Retail Store,Consumer,8,2506.61,,18047.59,11439.4,6608.19,No,CUST-1552
ORD-100923,2023-12-24,North,Chandigarh,Beauty,Face Wash,Retail Store,Corporate,5,632.77,0.0,3163.85,1661.07,1502.78,No,CUST-1271
ORD-100924,2023-12-25,South,Kochi,Beauty,Face Wash,Partner,Consumer,4,814.3,0.0,3257.2,1992.3,1264.9,No,CUST-1558
ORD-100925,2023-12-25,South,Bengaluru,Beauty,Hair Oil,Online,Consumer,2,570.87,0.2,913.39,576.37,-218.92,Yes,CUST-1140
ORD-100926,2023-12-25,North,Jaipur,Home & Kitchen,Cookware Set,Retail Store,Consumer,8,3563.68,0.1,25658.5,18466.99,7191.51,No,CUST-1431
ORD-100927,2023-12-25,North,Chandigarh,Apparel,Wool Sweater,Retail Store,Consumer,1,1295.78,0.1,1166.2,702.2,464.0,No,CUST-1883
ORD-100928,2023-12-25,North,Delhi,Sports,Running Shoes,Retail Store,Consumer,8,1990.07,0.1,14328.5,6830.43,-2760.95,Yes,CUST-1566
ORD-100929,2023-12-25,North,Delhi,Electronics,Wireless Earbuds,Retail Store,Home Office,2,5012.21,0.2,8019.54,4898.4,3121.14,No,CUST-1092
ORD-100930,2023-12-26,North,Delhi,Electronics,Power Bank,Retail Store,Consumer,2,5361.93,0.3,7506.7,5453.8,2052.9,No,CUST-1181
ORD-100931,2023-12-26,East,Patna,Beauty,Sunscreen SPF50,Online,Consumer,3,753.97,0.1,2035.72,1299.84,-249.65,Yes,CUST-1053
ORD-100932,2023-12-26,West,Ahmedabad,Home & Kitchen,Espresso Machine,Online,Consumer,1,2686.89,0.0,2686.89,1491.83,1195.06,No,CUST-1361
ORD-100933,2023-12-26,West,Pune,Sports,Cricket Bat,Online,Consumer,1,1804.25,0.0,1804.25,1360.26,443.99,No,CUST-1213
ORD-100934,2023-12-26,South,Hyderabad,Electronics,Bluetooth Speaker,Retail Store,Corporate,2,5057.74,0.1,9103.93,4564.39,-1921.25,Yes,CUST-1881
ORD-100935,2023-12-26,South,Hyderabad,Sports,Running Shoes,Online,Home Office,6,1556.22,0.0,9337.32,5209.01,4128.31,No,CUST-1287
ORD-100936,2023-12-27,North,Lucknow,Home & Kitchen,Air Fryer,Retail Store,Consumer,7,3147.19,0.0,22030.33,13091.62,8938.71,No,CUST-1031
ORD-100937,2023-12-28,East,Patna,Home & Kitchen,Cookware Set,Partner,Consumer,2,2998.0,0.0,5996.0,4158.42,1837.58,No,CUST-1390
ORD-100938,2023-12-29,East,Patna,Sports,Dumbbell Set,Partner,Corporate,6,1962.66,0.3,8243.17,5982.86,2260.31,No,CUST-1663
ORD-100939,2023-12-29,West,Mumbai,Apparel,Rain Jacket,Retail Store,Consumer,3,1151.45,0.05,3281.63,1540.15,1741.48,No,CUST-1616
ORD-100940,2023-12-29,West,Surat,Home & Kitchen,Cookware Set,Retail Store,Consumer,4,1942.44,0.25,5827.32,4145.39,1681.93,No,CUST-1879
ORD-100941,2023-12-30,South,Chennai,Home & Kitchen,Espresso Machine,Online,Corporate,3,3654.2,0.1,9866.34,6785.82,3080.52,No,CUST-1329
ORD-100942,2023-12-30,East,Guwahati,Beauty,Sunscreen SPF50,Online,Consumer,8,897.53,0.1,6462.22,4815.87,1646.35,No,CUST-1470
ORD-100943,2023-12-31,East,Bhubaneswar,Sports,Yoga Mat,Online,Consumer,5,1217.63,0.3,4261.7,3184.11,1077.59,No,CUST-1503
ORD-100944,2023-12-31,North,Chandigarh,Home & Kitchen,Espresso Machine,Retail Store,Corporate,5,3546.7,0.2,14186.8,10024.16,4162.64,No,CUST-1021
ORD-100945,2024-01-01,West,Pune,Electronics,4K Monitor,Online,Consumer,7,4409.35,0.0,30865.45,15826.78,15038.67,No,CUST-1005
ORD-100946,2024-01-01,North,Lucknow,Electronics,Power Bank,Online,Consumer,6,4028.39,0.0,24170.34,13380.16,10790.18,No,CUST-1716
ORD-100947,2024-01-01,West,Mumbai,Sports,Running Shoes,Retail Store,Corporate,2,1463.73,0.15,2488.34,1888.61,599.73,No,CUST-1346
ORD-100948,2024-01-02,East,Kolkata,Sports,Running Shoes,Online,Consumer,2,1277.2,0.0,2554.4,1653.71,900.69,No,CUST-1619
ORD-100949,2024-01-03,North,Delhi,Sports,Running Shoes,Retail Store,Consumer,3,1640.77,0.0,4922.31,3090.18,1832.13,No,CUST-1850
ORD-100950,2024-01-03,East,Patna,Electronics,Wireless Earbuds,Online,Corporate,1,3758.45,0.0,3758.45,2827.05,931.4,No,CUST-1220
ORD-100951,2024-01-03,North,Jaipur,Apparel,Rain Jacket,Retail Store,Corporate,6,1213.32,,5823.94,4300.9,1523.04,No,CUST-1697
ORD-100952,2024-01-03,East,Guwahati,Beauty,Sunscreen SPF50,Online,Corporate,4,570.7,0.05,2168.66,1496.54,672.12,No,CUST-1192
ORD-100953,2024-01-03,East,Bhubaneswar,Beauty,Sunscreen SPF50,Retail Store,Consumer,1,452.8,,452.8,335.59,117.21,No,CUST-1666
ORD-100954,2024-01-04,East,Guwahati,Electronics,Bluetooth Speaker,Retail Store,Consumer,4,3898.53,0.2,12475.3,6082.53,6392.77,No,CUST-1143
ORD-100955,2024-01-04,West,Ahmedabad,Home & Kitchen,Espresso Machine,Online,Corporate,7,2905.93,0.15,17290.28,12103.01,5187.27,No,CUST-1274
ORD-100956,2024-01-05,North,Delhi,Electronics,Smart Watch,Online,Consumer,8,3725.83,0.2,23845.31,18328.97,5516.34,No,CUST-1423
ORD-100957,2024-01-06,North,Delhi,Apparel,Wool Sweater,Partner,Corporate,8,1218.67,0.0,9749.36,4544.78,-1508.61,Yes,CUST-1439
ORD-100958,2024-01-06,South,Kochi,Electronics,Bluetooth Speaker,Online,Consumer,8,4888.24,0.25,29329.44,15357.04,13972.4,No,CUST-1027
ORD-100959,2024-01-07,North,Jaipur,Electronics,4K Monitor,Retail Store,Consumer,5,3079.78,0.0,15398.9,10964.16,4434.74,No,CUST-1760
ORD-100960,2024-01-08,South,Bengaluru,Electronics,Smart Watch,Online,Corporate,8,4577.55,0.15,31127.34,19349.24,11778.1,No,CUST-1005
ORD-100961,2024-01-08,North,Jaipur,Sports,Cricket Bat,Retail Store,Corporate,8,1354.79,0.15,9212.57,4408.99,4803.58,No,CUST-1792
ORD-100962,2024-01-08,South,Chennai,Beauty,Hair Oil,Online,Consumer,6,740.62,0.0,4443.72,2392.62,2051.1,No,CUST-1185
ORD-100963,2024-01-08,South,Chennai,Sports,Dumbbell Set,Retail Store,Consumer,4,2054.87,0.05,7808.51,4348.87,3459.64,No,CUST-1639
ORD-100964,2024-01-08,West,Pune,Apparel,Rain Jacket,Online,Corporate,8,1114.39,0.0,8915.12,4956.37,3958.75,No,CUST-1640
ORD-100965,2024-01-08,North,Chandigarh,Apparel,Denim Jeans,Online,Home Office,4,1626.76,0.1,5856.34,4331.54,1524.8,No,CUST-1410
ORD-100966,2024-01-09,West,Mumbai,Apparel,Rain Jacket,Online,Consumer,2,1314.59,0.2,2103.34,1406.02,697.32,No,CUST-1483
ORD-100967,2024-01-09,South,Chennai,Home & Kitchen,Espresso Machine,Retail Store,Consumer,1,2129.76,0.0,2129.76,1474.91,654.85,No,CUST-1065
ORD-100968,2024-01-09,North,Jaipur,Apparel,Wool Sweater,Retail Store,Consumer,5,1093.95,,4922.78,2237.3,2685.48,No,CUST-1810
ORD-100969,2024-01-10,South,Hyderabad,Beauty,Vitamin C Serum,Partner,Consumer,1,744.72,0.3,521.3,308.13,213.17,No,CUST-1107
ORD-100970,2024-01-10,South,Kochi,Beauty,Hair Oil,Retail Store,Consumer,1,717.35,,717.35,398.04,319.31,No,CUST-1592
ORD-100971,2024-01-10,North,Lucknow,Beauty,Face Wash,Retail Store,Corporate,2,457.56,0.0,915.12,669.08,246.04,No,CUST-1000
ORD-100972,2024-01-10,South,Chennai,Electronics,Power Bank,Online,Consumer,5,3469.27,,17346.35,13266.09,4080.26,No,CUST-1671
ORD-100973,2024-01-11,North,Chandigarh,Apparel,Denim Jeans,Partner,Consumer,4,1246.62,0.1,4487.83,2646.48,-1111.59,Yes,CUST-1323
ORD-100974,2024-01-11,South,Bengaluru,Electronics,Smart Watch,Online,Consumer,5,3180.44,0.0,15902.2,12262.35,3639.85,No,CUST-1433
ORD-100975,2024-01-11,South,Hyderabad,Electronics,Power Bank,Online,Consumer,5,5438.42,0.25,20394.07,9273.97,11120.1,No,CUST-1021
ORD-100976,2024-01-11,South,,Home & Kitchen,Cookware Set,Retail Store,Consumer,8,2779.46,0.0,22235.68,12396.11,9839.57,No,CUST-1197
ORD-100977,2024-01-12,West,Mumbai,Home & Kitchen,Air Fryer,Partner,Consumer,2,2608.1,0.15,4433.77,3129.03,1304.74,No,CUST-1391
ORD-100978,2024-01-12,North,Chandigarh,Home & Kitchen,Air Fryer,Online,Consumer,4,3337.39,0.0,13349.56,7593.67,-5086.6,Yes,CUST-1645
ORD-100979,2024-01-13,West,Mumbai,Electronics,Smart Watch,Online,Corporate,5,3295.68,0.0,16478.4,12423.36,-6209.29,Yes,CUST-1537
ORD-100980,2024-01-13,East,Guwahati,Sports,Yoga Mat,Retail Store,Consumer,3,1980.83,0.0,5942.49,3102.53,2839.96,No,CUST-1234
ORD-100981,2024-01-13,West,Mumbai,Sports,Yoga Mat,Retail Store,Consumer,2,1026.74,0.1,1848.13,1316.92,-420.02,Yes,CUST-1536
ORD-100982,2024-01-14,West,Ahmedabad,Apparel,Cotton T-Shirt,Online,Home Office,1,1075.92,0.0,1075.92,555.78,520.14,No,CUST-1200
ORD-100983,2024-01-14,North,Lucknow,Beauty,Sunscreen SPF50,Retail Store,Consumer,3,735.67,0.0,2207.01,1136.71,1070.3,No,CUST-1499
ORD-100984,2024-01-14,South,Hyderabad,Electronics,Bluetooth Speaker,Online,Consumer,3,4826.06,0.1,13030.36,7780.39,5249.97,No,CUST-1486
ORD-100985,2024-01-14,North,Lucknow,Home & Kitchen,Air Fryer,Online,Corporate,2,2197.52,0.1,3955.54,3013.45,942.09,No,CUST-1203
ORD-100986,2024-01-14,East,Guwahati,Beauty,Face Wash,Retail Store,Consumer,3,480.98,0.0,1442.94,928.1,514.84,No,CUST-1180
ORD-100987,2024-01-15,South,Bengaluru,Beauty,Vitamin C Serum,Online,Consumer,6,672.84,0.05,3835.19,2529.54,1305.65,No,CUST-1467
ORD-100988,2024-01-15,North,Delhi,Beauty,Sunscreen SPF50,Retail Store,Corporate,7,516.27,0.05,3433.2,1555.97,1877.23,No,CUST-1528
ORD-100989,2024-01-15,West,Mumbai,Apparel,Cotton T-Shirt,Online,Consumer,5,1126.06,0.2,4504.24,2111.06,2393.18,No,CUST-1881
ORD-100990,2024-01-15,North,Delhi,Beauty,Sunscreen SPF50,Retail Store,Home Office,1,713.89,0.1,642.5,303.32,339.18,No,CUST-1445
ORD-100991,2024-01-16,South,Chennai,Home & Kitchen,Cookware Set,Online,Consumer,6,2333.66,0.25,10501.47,7566.12,2935.35,No,CUST-1400
ORD-100992,2024-01-16,East,Kolkata,Electronics,Smart Watch,Partner,Consumer,2,2039.03,0.0,4078.06,2153.87,1924.19,No,CUST-1428
ORD-100993,2024-01-16,North,Chandigarh,Electronics,Smart Watch,Retail Store,Consumer,1,2564.55,0.0,2564.55,1432.34,1132.21,No,CUST-1787
ORD-100994,2024-01-16,South,Bengaluru,Beauty,Hair Oil,Online,Consumer,5,600.26,0.05,2851.24,1856.97,994.27,No,CUST-1276
ORD-100995,2024-01-17,East,Bhubaneswar,Home & Kitchen,Espresso Machine,Partner,Consumer,4,1565.38,0.0,6261.52,4024.31,2237.21,No,CUST-1343
ORD-100996,2024-01-17,North,Jaipur,Apparel,Cotton T-Shirt,Online,Consumer,3,1120.0,0.2,2688.0,1573.76,1114.24,No,CUST-1331
ORD-100997,2024-01-17,South,Hyderabad,Sports,Yoga Mat,Online,Consumer,8,1128.45,0.05,8576.22,3871.47,4704.75,No,CUST-1560
ORD-100998,2024-01-17,North,Chandigarh,Home & Kitchen,Chef Knife,Partner,Consumer,1,3612.15,0.05,3431.54,2053.33,1378.21,No,CUST-1629
ORD-100999,2024-01-17,East,Patna,Apparel,Rain Jacket,Partner,Consumer,1,1770.14,,1593.13,1105.36,487.77,No,CUST-1433
ORD-101000,2024-01-18,North,Jaipur,Apparel,Wool Sweater,Retail Store,Consumer,5,920.05,0.0,4600.25,2427.23,2173.02,No,CUST-1237
ORD-101001,2024-01-18,West,Pune,Home & Kitchen,Chef Knife,Partner,Corporate,4,2805.97,0.05,10662.69,7290.7,3371.99,No,CUST-1619
ORD-101002,2024-01-18,West,Ahmedabad,Beauty,Vitamin C Serum,Online,Consumer,7,473.1,0.3,2318.19,1054.78,1263.41,No,CUST-1247
ORD-101003,2024-01-19,North,Chandigarh,Home & Kitchen,Cookware Set,Online,Corporate,1,2476.13,0.15,2104.71,1577.78,526.93,No,CUST-1807
ORD-101004,2024-01-19,North,Jaipur,Apparel,Wool Sweater,Online,Consumer,4,1676.29,0.15,5699.39,4351.56,1347.83,No,CUST-1561
ORD-101005,2024-01-21,South,Hyderabad,Home & Kitchen,Cookware Set,Online,Consumer,2,2385.03,0.1,4293.05,1935.36,2357.69,No,CUST-1396
ORD-101006,2024-01-22,East,Guwahati,Home & Kitchen,Espresso Machine,Retail Store,Home Office,1,2491.13,0.1,2242.02,1347.63,894.39,No,CUST-1209
ORD-101007,2024-01-22,South,Chennai,Beauty,Hair Oil,Online,Home Office,4,475.9,,1332.52,781.6,550.92,No,CUST-1681
ORD-101008,2024-01-22,North,Jaipur,Electronics,Wireless Earbuds,Online,Consumer,6,4511.62,,18948.8,13791.34,5157.46,No,CUST-1548
ORD-101009,2024-01-23,North,Lucknow,Beauty,Sunscreen SPF50,Online,Consumer,2,169.42,0.05,321.9,202.29,119.61,No,CUST-1794
ORD-101010,2024-01-23,West,Ahmedabad,Apparel,Wool Sweater,Online,Corporate,7,1084.43,0.3,5313.71,3463.21,1850.5,No,CUST-1636
ORD-101011,2024-01-23,South,Bengaluru,Electronics,Bluetooth Speaker,Retail Store,Consumer,5,3568.69,0.0,17843.45,9221.98,8621.47,No,CUST-1710
ORD-101012,2024-01-23,West,Surat,Home & Kitchen,Chef Knife,Online,Consumer,4,2274.32,0.0,9097.28,4325.13,4772.15,No,CUST-1082
ORD-101013,2024-01-24,South,Hyderabad,Home & Kitchen,Chef Knife,Retail Store,Consumer,8,3167.59,0.0,25340.72,17192.9,8147.82,No,CUST-1022
ORD-101014,2024-01-25,West,Mumbai,Apparel,Rain Jacket,Retail Store,Consumer,3,1520.32,0.2,3648.77,2389.3,1259.47,No,CUST-1592
ORD-101015,2024-01-26,North,,Beauty,Sunscreen SPF50,Online,Corporate,2,414.5,0.15,704.65,510.64,194.01,No,CUST-1000
ORD-101016,2024-01-26,North,Chandigarh,Apparel,Rain Jacket,Partner,Consumer,7,1756.79,0.1,11067.78,8065.6,3002.18,No,CUST-1801
ORD-101017,2024-01-27,West,Surat,Electronics,Smart Watch,Partner,Consumer,1,2479.03,0.0,2479.03,1631.8,847.23,No,CUST-1794
ORD-101018,2024-01-28,West,Pune,Apparel,Denim Jeans,Online,Consumer,7,1544.38,0.1,9729.59,6106.87,3622.72,No,CUST-1526
ORD-101019,2024-01-29,North,Chandigarh,Apparel,Rain Jacket,Retail Store,Consumer,7,1243.15,0.0,8702.05,6540.66,2161.39,No,CUST-1656
ORD-101020,2024-01-29,South,Chennai,Home & Kitchen,Chef Knife,Online,Corporate,8,2369.99,0.1,17063.93,12190.76,4873.17,No,CUST-1379
ORD-101021,2024-01-29,South,Chennai,Beauty,Sunscreen SPF50,Online,Home Office,4,547.75,0.05,2081.45,1542.77,538.68,No,CUST-1862
ORD-101022,2024-01-29,South,Hyderabad,Home & Kitchen,Air Fryer,Retail Store,Consumer,5,2646.68,0.25,9925.05,7727.92,2197.13,No,CUST-1032
ORD-101023,2024-01-30,North,Lucknow,Electronics,Power Bank,Retail Store,Corporate,8,3778.8,0.2,24184.32,14103.25,10081.07,No,CUST-1263
ORD-101024,2024-01-30,West,Surat,Apparel,Rain Jacket,Retail Store,Consumer,2,960.75,0.0,1921.5,1319.28,602.22,No,CUST-1627
ORD-101025,2024-01-30,North,Lucknow,Electronics,Bluetooth Speaker,Retail Store,Consumer,3,3428.44,0.3,7199.72,4874.66,2325.06,No,CUST-1709
ORD-101026,2024-01-30,East,Bhubaneswar,Home & Kitchen,Air Fryer,Retail Store,Consumer,4,2215.91,0.15,7534.09,3823.3,3710.79,No,CUST-1218
ORD-101027,2024-01-31,North,Chandigarh,Electronics,Smart Watch,Retail Store,Consumer,6,2649.27,0.05,15100.84,9967.48,5133.36,No,CUST-1721
ORD-101028,2024-01-31,North,Jaipur,Apparel,Cotton T-Shirt,Online,Consumer,6,988.74,0.1,5339.2,3156.91,2182.29,No,CUST-1414
ORD-101029,2024-01-31,East,Patna,Beauty,Sunscreen SPF50,Online,Corporate,8,450.34,0.0,3602.72,2156.98,1445.74,No,CUST-1771
ORD-101030,2024-01-31,North,Jaipur,Home & Kitchen,Espresso Machine,Online,Consumer,4,2423.47,0.0,9693.88,4938.5,4755.38,No,CUST-1240
ORD-101031,2024-01-31,East,Guwahati,Electronics,Wireless Earbuds,Retail Store,Consumer,2,3962.77,0.05,7529.26,5238.59,2290.67,No,CUST-1622
ORD-101032,2024-01-31,North,Lucknow,Apparel,Cotton T-Shirt,Online,Corporate,2,1238.43,0.25,1857.64,1263.79,593.85,No,CUST-1186
ORD-101033,2024-02-01,West,Ahmedabad,Home & Kitchen,Cookware Set,Online,Corporate,7,4536.77,0.05,30169.52,18875.73,11293.79,No,CUST-1124
ORD-101034,2024-02-01,East,Guwahati,Home & Kitchen,Chef Knife,Online,Consumer,4,1625.1,0.05,6175.38,3098.3,3077.08,No,CUST-1634
ORD-101035,2024-02-01,West,Surat,Electronics,4K Monitor,Online,Consumer,6,4729.49,0.3,19863.86,12589.03,7274.83,No,CUST-1612
ORD-101036,2024-02-01,North,Lucknow,Beauty,Face Wash,Online,Corporate,5,715.62,0.3,2504.67,1209.87,1294.8,No,CUST-1264
ORD-101037,2024-02-02,North,Jaipur,Apparel,Wool Sweater,Online,Consumer,7,1686.0,0.1,10621.8,5969.37,4652.43,No,CUST-1544
ORD-101038,2024-02-03,South,Hyderabad,Apparel,Denim Jeans,Online,Consumer,2,1655.11,0.0,3310.22,1896.35,1413.87,No,CUST-1847
ORD-101039,2024-02-03,South,Chennai,Electronics,Bluetooth Speaker,Online,Consumer,2,4134.31,0.2,6614.9,4905.15,1709.75,No,CUST-1300
ORD-101040,2024-02-03,North,Chandigarh,Apparel,Denim Jeans,Online,Consumer,6,1484.6,0.2,7126.08,4183.97,2942.11,No,CUST-1451
ORD-101041,2024-02-04,North,Lucknow,Apparel,Cotton T-Shirt,Partner,Corporate,4,1196.37,0.3,3349.84,2169.0,1180.84,No,CUST-1187
ORD-101042,2024-02-04,South,Hyderabad,Electronics,Bluetooth Speaker,Online,Corporate,7,4871.93,0.3,23872.46,17634.04,6238.42,No,CUST-1466
ORD-101043,2024-02-04,North,Lucknow,Home & Kitchen,Espresso Machine,Online,Consumer,2,1858.97,0.15,3160.25,1866.13,1294.12,No,CUST-1796
ORD-101044,2024-02-05,South,Hyderabad,Apparel,Denim Jeans,Online,Home Office,3,1675.95,0.0,5027.85,3728.76,1299.09,No,CUST-1572
ORD-101045,2024-02-05,North,Lucknow,Beauty,Vitamin C Serum,Retail Store,Consumer,8,712.15,0.0,5697.2,2820.3,2876.9,No,CUST-1127
ORD-101046,2024-02-05,North,Jaipur,Sports,Dumbbell Set,Online,Consumer,7,1735.02,0.2,9716.11,5542.05,4174.06,No,CUST-1666
ORD-101047,2024-02-06,East,Guwahati,Electronics,Smart Watch,Online,Consumer,1,4076.59,0.15,3465.1,1667.61,1797.49,No,CUST-1379
ORD-101048,2024-02-06,South,Chennai,Electronics,Power Bank,Partner,Consumer,7,4146.68,,27575.42,17513.34,10062.08,No,CUST-1016
ORD-101049,2024-02-06,South,,Beauty,Face Wash,Partner,Consumer,1,920.77,0.05,874.73,669.96,204.77,No,CUST-1560
ORD-101050,2024-02-07,South,Hyderabad,Sports,Cricket Bat,Online,Corporate,1,3328.06,0.2,2662.45,1775.31,887.14,No,CUST-1269
ORD-101051,2024-02-08,East,Kolkata,Beauty,Sunscreen SPF50,Retail Store,Consumer,8,908.91,0.05,6907.72,4535.64,2372.08,No,CUST-1874
ORD-101052,2024-02-08,South,Bengaluru,Electronics,4K Monitor,Online,Consumer,2,3765.51,0.0,7531.02,4080.25,3450.77,No,CUST-1895
ORD-101053,2024-02-08,South,Hyderabad,Electronics,Wireless Earbuds,Online,Consumer,3,4897.08,0.3,10283.87,7787.62,2496.25,No,CUST-1603
ORD-101054,2024-02-09,West,Surat,Electronics,Smart Watch,Online,Consumer,2,4939.2,0.05,9384.48,5683.3,3701.18,No,CUST-1568
ORD-101055,2024-02-09,South,Chennai,Beauty,Sunscreen SPF50,Retail Store,Consumer,5,571.16,0.0,2855.8,1536.74,1319.06,No,CUST-1274
ORD-101056,2024-02-09,West,Ahmedabad,Home & Kitchen,Espresso Machine,Online,Consumer,1,2295.35,0.0,2295.35,1781.06,514.29,No,CUST-1063
ORD-101057,2024-02-10,East,Patna,Apparel,Rain Jacket,Online,Consumer,3,1414.8,0.1,3819.96,2252.37,1567.59,No,CUST-1054
ORD-101058,2024-02-10,North,Chandigarh,Home & Kitchen,Air Fryer,Online,Corporate,3,3742.23,0.3,7858.68,4499.84,3358.84,No,CUST-1417
ORD-101059,2024-02-11,South,Kochi,Electronics,Wireless Earbuds,Online,Corporate,6,2779.05,0.0,16674.3,7695.81,8978.49,No,CUST-1285
ORD-101060,2024-02-11,East,Bhubaneswar,Home & Kitchen,Espresso Machine,Online,Consumer,4,2674.62,0.0,10698.48,5443.79,5254.69,No,CUST-1864
ORD-101061,2024-02-11,West,Ahmedabad,Electronics,Power Bank,Online,Consumer,2,4850.17,0.0,9700.34,6955.47,2744.87,No,CUST-1263
ORD-101062,2024-02-12,South,Kochi,Home & Kitchen,Espresso Machine,Online,Consumer,4,3209.12,0.0,12836.48,7821.13,5015.35,No,CUST-1193
ORD-101063,2024-02-12,North,Chandigarh,Home & Kitchen,Air Fryer,Online,Consumer,4,4171.5,0.15,14183.1,10851.61,3331.49,No,CUST-1737
ORD-101064,2024-02-12,South,Bengaluru,Home & Kitchen,Chef Knife,Online,Corporate,3,2193.37,0.0,6580.11,3143.2,3436.91,No,CUST-1752
ORD-101065,2024-02-12,North,Jaipur,Apparel,Denim Jeans,Retail Store,Consumer,5,2180.45,0.2,8721.8,5697.61,3024.19,No,CUST-1338
ORD-101066,2024-02-12,East,Kolkata,Beauty,Hair Oil,Online,Corporate,3,475.44,0.05,1355.0,931.69,423.31,No,CUST-1073
ORD-101067,2024-02-13,South,,Home & Kitchen,Chef Knife,Online,Consumer,3,1761.98,0.15,4493.05,2942.9,1550.15,No,CUST-1088
ORD-101068,2024-02-13,East,Kolkata,Electronics,Wireless Earbuds,Retail Store,Home Office,7,4257.16,0.0,29800.12,18620.89,11179.23,No,CUST-1468
ORD-101069,2024-02-14,West,Ahmedabad,Electronics,4K Monitor,Retail Store,Corporate,3,3237.2,0.0,9711.6,6223.57,3488.03,No,CUST-1782
ORD-101070,2024-02-14,East,Guwahati,Home & Kitchen,Cookware Set,Online,Corporate,3,3157.47,0.05,8998.79,6097.14,2901.65,No,CUST-1348
ORD-101071,2024-02-14,East,Kolkata,Electronics,Smart Watch,Online,Home Office,2,4245.44,0.0,8490.88,6239.75,2251.13,No,CUST-1016
ORD-101072,2024-02-14,East,Kolkata,Electronics,Bluetooth Speaker,Online,Consumer,6,4130.33,0.05,23542.88,13207.41,10335.47,No,CUST-1337
ORD-101073,2024-02-14,West,Ahmedabad,Electronics,Power Bank,Online,Consumer,6,3516.95,0.1,18991.53,11426.93,7564.6,No,CUST-1002
ORD-101074,2024-02-15,West,Mumbai,Electronics,Wireless Earbuds,Retail Store,Consumer,6,4728.81,,26954.22,17785.75,9168.47,No,CUST-1381
ORD-101075,2024-02-15,North,Lucknow,Apparel,Denim Jeans,Retail Store,Corporate,2,1339.04,0.1,2410.27,1334.55,1075.72,No,CUST-1427
ORD-101076,2024-02-15,South,Kochi,Home & Kitchen,Air Fryer,Online,Corporate,4,3962.24,0.25,11886.72,6050.32,5836.4,No,CUST-1657
ORD-101077,2024-02-15,North,Chandigarh,Electronics,Wireless Earbuds,Online,Consumer,3,4148.77,0.2,9957.05,7655.34,2301.71,No,CUST-1062
ORD-101078,2024-02-15,West,Mumbai,Home & Kitchen,Chef Knife,Online,Corporate,7,2512.47,0.0,17587.29,9044.45,8542.84,No,CUST-1432
ORD-101079,2024-02-15,East,Patna,Electronics,Bluetooth Speaker,Online,Consumer,3,2717.13,0.15,6928.68,3650.04,3278.64,No,CUST-1159
ORD-101080,2024-02-15,South,Hyderabad,Apparel,Rain Jacket,Online,Consumer,4,1386.31,0.3,3881.67,2539.26,1342.41,No,CUST-1419
ORD-101081,2024-02-15,North,Jaipur,Electronics,Bluetooth Speaker,Online,Consumer,4,3116.19,0.25,9348.57,4445.54,4903.03,No,CUST-1886
ORD-101082,2024-02-16,North,Delhi,Beauty,Face Wash,Partner,Consumer,7,506.66,0.0,3546.62,1635.83,1910.79,No,CUST-1667
ORD-101083,2024-02-17,East,Bhubaneswar,Sports,Running Shoes,Retail Store,Consumer,6,2183.57,0.25,9826.07,4629.3,5196.77,No,CUST-1759
ORD-101084,2024-02-18,North,Lucknow,Apparel,Rain Jacket,Partner,Corporate,7,878.0,0.25,4609.5,2261.78,2347.72,No,CUST-1034
ORD-101085,2024-02-18,North,Delhi,Electronics,4K Monitor,Retail Store,Consumer,4,5670.74,0.05,21548.81,12749.03,8799.78,No,CUST-1687
ORD-101086,2024-02-18,West,Mumbai,Electronics,Power Bank,Partner,Consumer,7,4479.4,0.25,23516.85,17018.11,6498.74,No,CUST-1779
ORD-101087,2024-02-18,East,Guwahati,Electronics,4K Monitor,Partner,Consumer,7,4286.4,0.15,25504.08,14354.99,11149.09,No,CUST-1603
ORD-101088,2024-02-19,North,Chandigarh,Beauty,Vitamin C Serum,Online,Consumer,5,557.24,0.2,2228.96,1317.51,911.45,No,CUST-1703
ORD-101089,2024-02-19,North,Jaipur,Electronics,Power Bank,Online,Corporate,6,5057.83,0.2,24277.58,15733.88,8543.7,No,CUST-1043
ORD-101090,2024-02-19,West,Pune,Sports,Dumbbell Set,Online,Corporate,8,1957.8,0.25,11746.8,6457.31,5289.49,No,CUST-1664
ORD-101091,2024-02-19,East,Guwahati,Home & Kitchen,Cookware Set,Retail Store,Consumer,7,2714.38,0.3,13300.46,7883.68,5416.78,No,CUST-1752
ORD-101092,2024-02-19,East,Kolkata,Apparel,Cotton T-Shirt,Retail Store,,3,1507.52,0.25,3391.92,1958.78,1433.14,No,CUST-1207
ORD-101093,2024-02-19,North,Delhi,Beauty,Hair Oil,Online,Corporate,6,454.8,,2592.36,1459.04,1133.32,No,CUST-1424
ORD-101094,2024-02-19,North,Delhi,Electronics,4K Monitor,Retail Store,Corporate,4,2774.56,0.15,9433.5,5454.16,3979.34,No,CUST-1380
ORD-101095,2024-02-20,North,Chandigarh,Beauty,Hair Oil,Retail Store,Consumer,2,544.38,0.15,925.45,419.85,505.6,No,CUST-1088
ORD-101096,2024-02-20,East,Patna,Electronics,Wireless Earbuds,Retail Store,Consumer,3,4668.66,0.25,10504.48,7799.22,2705.26,No,CUST-1115
ORD-101097,2024-02-20,North,Jaipur,Beauty,Sunscreen SPF50,Online,Corporate,8,722.16,0.05,5488.42,4239.94,1248.48,No,CUST-1270
ORD-101098,2024-02-20,North,Delhi,Apparel,Rain Jacket,Online,Consumer,8,1779.24,0.0,14233.92,10456.58,3777.34,No,CUST-1098
ORD-101099,2024-02-21,East,Guwahati,Electronics,4K Monitor,Online,Consumer,7,3459.74,0.2,19374.54,8755.26,10619.28,No,CUST-1451
ORD-101100,2024-02-21,West,Surat,Beauty,Sunscreen SPF50,Online,Consumer,8,814.49,0.3,4561.14,3182.73,1378.41,No,CUST-1050
ORD-101101,2024-02-22,East,Kolkata,Electronics,4K Monitor,Retail Store,Consumer,5,4230.56,0.3,14806.96,9463.47,5343.49,No,CUST-1012
ORD-101102,2024-02-22,South,Chennai,Electronics,Power Bank,Online,Consumer,7,3439.63,0.0,24077.41,11583.11,12494.3,No,CUST-1566
ORD-101103,2024-02-22,South,Hyderabad,Beauty,Sunscreen SPF50,Online,Home Office,2,784.8,0.3,1098.72,832.66,266.06,No,CUST-1227
ORD-101104,2024-02-23,South,Chennai,Apparel,Cotton T-Shirt,Online,Consumer,3,1426.2,0.25,3208.95,2266.01,942.94,No,CUST-1340
ORD-101105,2024-02-23,North,Jaipur,Beauty,Face Wash,Retail Store,Consumer,2,623.57,0.0,1247.14,621.01,626.13,No,CUST-1302
ORD-101106,2024-02-23,South,Chennai,Home & Kitchen,Cookware Set,Online,Home Office,8,3235.34,0.0,25882.72,19881.39,6001.33,No,CUST-1422
ORD-101107,2024-02-23,South,Chennai,Home & Kitchen,Espresso Machine,Partner,Consumer,5,3114.94,0.0,15574.7,7657.23,7917.47,No,CUST-1417
ORD-101108,2024-02-24,South,Hyderabad,Electronics,4K Monitor,Online,Consumer,8,4197.92,0.3,23508.35,14106.05,9402.3,No,CUST-1119
ORD-101109,2024-02-24,West,Ahmedabad,Electronics,Bluetooth Speaker,Partner,Corporate,4,3951.16,0.2,12643.71,6352.98,6290.73,No,CUST-1001
ORD-101110,2024-02-25,West,Mumbai,Sports,Yoga Mat,Online,Home Office,4,1401.75,0.15,4765.95,2380.89,2385.06,No,CUST-1398
ORD-101111,2024-02-25,North,Delhi,Electronics,4K Monitor,Online,Corporate,6,4418.71,0.15,22535.42,17338.21,5197.21,No,CUST-1508
ORD-101112,2024-02-25,South,Chennai,Apparel,Rain Jacket,Partner,Consumer,5,1193.38,0.05,5668.56,3621.08,-1719.96,Yes,CUST-1691
ORD-101113,2024-02-25,North,Lucknow,Electronics,Wireless Earbuds,Retail Store,Consumer,3,3372.61,0.3,7082.48,3792.86,3289.62,No,CUST-1177
ORD-101114,2024-02-26,South,Bengaluru,Electronics,Bluetooth Speaker,Retail Store,Corporate,3,4119.26,,12357.78,8727.21,3630.57,No,CUST-1075
ORD-101115,2024-02-26,North,Delhi,Home & Kitchen,Chef Knife,Retail Store,Home Office,5,3729.52,0.0,18647.6,13777.42,4870.18,No,CUST-1537
ORD-101116,2024-02-26,North,Chandigarh,Beauty,Sunscreen SPF50,Online,Consumer,1,754.81,0.0,754.81,568.23,186.58,No,CUST-1812
ORD-101117,2024-02-27,East,Guwahati,Beauty,Sunscreen SPF50,Retail Store,Corporate,2,640.57,0.25,960.86,728.22,232.64,No,CUST-1215
ORD-101118,2024-02-27,South,Bengaluru,Beauty,Sunscreen SPF50,Online,Consumer,1,634.27,0.1,570.84,427.47,143.37,No,CUST-1077
ORD-101119,2024-02-27,West,Mumbai,Electronics,Bluetooth Speaker,Retail Store,Consumer,2,4962.53,0.2,7940.05,5247.16,2692.89,No,CUST-1362
ORD-101120,2024-02-27,North,Chandigarh,Apparel,Wool Sweater,Partner,Consumer,2,686.13,0.3,960.58,540.82,419.76,No,CUST-1504
ORD-101121,2024-02-28,North,Chandigarh,Electronics,Smart Watch,Retail Store,Consumer,1,5119.12,0.0,5119.12,3867.17,1251.95,No,CUST-1561
ORD-101122,2024-02-28,South,Hyderabad,Beauty,Hair Oil,Retail Store,Home Office,1,426.68,0.3,298.68,146.48,152.2,No,CUST-1101
ORD-101123,2024-02-29,North,Jaipur,Apparel,Wool Sweater,Retail Store,Consumer,7,1000.03,0.0,7000.21,3540.03,3460.18,No,CUST-1590
ORD-101124,2024-02-29,North,Chandigarh,Home & Kitchen,Cookware Set,Online,Corporate,2,2852.39,0.2,4563.82,2707.09,1856.73,No,CUST-1308
ORD-101125,2024-02-29,West,Surat,Electronics,Smart Watch,Online,Consumer,5,6439.1,0.2,25756.4,14001.42,11754.98,No,CUST-1027
ORD-101126,2024-03-01,North,Jaipur,Beauty,Hair Oil,Retail Store,Corporate,1,1205.61,0.25,904.21,590.62,313.59,No,CUST-1830
ORD-101127,2024-03-01,North,Jaipur,Beauty,Sunscreen SPF50,Retail Store,Consumer,8,1017.69,0.0,8141.52,6095.96,2045.56,No,CUST-1481
ORD-101128,2024-03-02,South,Bengaluru,Beauty,Sunscreen SPF50,Online,Home Office,2,950.05,0.3,1330.07,814.06,-248.34,Yes,CUST-1274
ORD-101129,2024-03-02,South,Hyderabad,Electronics,Power Bank,Retail Store,Consumer,6,3120.71,0.25,14043.2,8886.22,5156.98,No,CUST-1734
ORD-101130,2024-03-02,South,Bengaluru,Sports,Running Shoes,Online,Corporate,6,2474.51,0.0,14847.06,8754.33,6092.73,No,CUST-1717
ORD-101131,2024-03-02,South,Bengaluru,Electronics,Wireless Earbuds,Retail Store,Corporate,7,4649.57,0.15,27664.94,18908.93,-8332.42,Yes,CUST-1185
ORD-101132,2024-03-03,West,Ahmedabad,Apparel,Wool Sweater,Retail Store,Consumer,6,1446.4,0.25,6508.8,3145.23,3363.57,No,CUST-1864
ORD-101133,2024-03-03,North,Delhi,Electronics,Power Bank,Online,Home Office,5,5470.69,0.1,24618.1,11472.89,13145.21,No,CUST-1478
ORD-101134,2024-03-03,South,Kochi,Electronics,Wireless Earbuds,Online,Consumer,7,4743.04,0.05,31541.22,20868.99,10672.23,No,CUST-1236
ORD-101135,2024-03-04,East,Guwahati,Home & Kitchen,Air Fryer,Retail Store,Home Office,7,4653.39,0.0,32573.73,20407.76,12165.97,No,CUST-1402
ORD-101136,2024-03-04,West,Pune,Electronics,Smart Watch,Online,Consumer,4,3038.89,0.1,10940.0,6393.64,-3326.12,Yes,CUST-1168
ORD-101137,2024-03-04,South,Hyderabad,Apparel,Wool Sweater,Partner,Corporate,8,1793.91,0.3,10045.9,5627.89,4418.01,No,CUST-1764
ORD-101138,2024-03-04,South,Hyderabad,Home & Kitchen,Espresso Machine,Online,Home Office,8,3152.55,0.15,21437.34,10013.31,11424.03,No,CUST-1241
ORD-101139,2024-03-04,North,Jaipur,Beauty,Hair Oil,Online,Home Office,6,803.16,0.2,3855.17,2600.63,1254.54,No,CUST-1394
ORD-101140,2024-03-05,North,Lucknow,Home & Kitchen,Air Fryer,Online,Consumer,8,4171.91,0.25,25031.46,14745.64,10285.82,No,CUST-1061
ORD-101141,2024-03-06,North,Lucknow,Home & Kitchen,Chef Knife,Retail Store,Consumer,1,2949.33,0.25,2212.0,1320.43,891.57,No,CUST-1849
ORD-101142,2024-03-07,East,Kolkata,Electronics,Smart Watch,Online,Corporate,5,5490.64,0.05,26080.54,19425.75,6654.79,No,CUST-1272
ORD-101143,2024-03-07,North,Chandigarh,Beauty,Vitamin C Serum,Retail Store,Consumer,6,842.09,0.2,4042.03,2802.71,1239.32,No,CUST-1587
ORD-101144,2024-03-07,East,Guwahati,Electronics,Power Bank,Partner,Home Office,8,4530.7,0.0,36245.6,18935.29,17310.31,No,CUST-1317
ORD-101145,2024-03-07,North,Lucknow,Electronics,Wireless Earbuds,Retail Store,Consumer,1,4753.16,0.15,4040.19,2694.26,1345.93,No,CUST-1505
ORD-101146,2024-03-08,West,Pune,Electronics,Power Bank,Online,Consumer,7,5122.71,0.0,35858.97,17701.57,18157.4,No,CUST-1504
ORD-101147,2024-03-08,West,Pune,Home & Kitchen,Espresso Machine,Online,Corporate,1,3253.54,0.3,2277.48,1170.72,1106.76,No,CUST-1262
ORD-101148,2024-03-09,North,Chandigarh,Apparel,Denim Jeans,Retail Store,Consumer,3,1771.08,,4250.59,2914.5,1336.09,No,CUST-1388
ORD-101149,2024-03-09,North,Lucknow,Home & Kitchen,Cookware Set,Online,Consumer,6,3676.6,0.15,18750.66,9216.77,9533.89,No,CUST-1536
ORD-101150,2024-03-09,North,Delhi,Apparel,Wool Sweater,Partner,Consumer,3,1531.06,0.1,4133.86,2242.47,1891.39,No,CUST-1195
ORD-101151,2024-03-10,West,Ahmedabad,Apparel,Denim Jeans,Retail Store,Home Office,7,2388.11,0.1,15045.09,11229.05,3816.04,No,CUST-1118
ORD-101152,2024-03-10,North,Jaipur,Apparel,Denim Jeans,Retail Store,Consumer,8,1931.26,0.25,11587.56,8037.64,3549.92,No,CUST-1160
ORD-101153,2024-03-10,South,Hyderabad,Electronics,Smart Watch,Retail Store,Home Office,2,4862.7,,9725.4,7359.42,2365.98,No,CUST-1374
ORD-101154,2024-03-11,South,Hyderabad,Apparel,Denim Jeans,Partner,Consumer,3,1827.05,0.25,4110.86,3046.17,1064.69,No,CUST-1192
ORD-101155,2024-03-11,East,Patna,Home & Kitchen,Espresso Machine,Retail Store,Consumer,1,3034.88,0.0,3034.88,1678.75,1356.13,No,CUST-1255
ORD-101156,2024-03-11,South,Kochi,Home & Kitchen,Cookware Set,Retail Store,Consumer,6,3544.45,0.0,21266.7,14008.05,-4689.71,Yes,CUST-1617
ORD-101157,2024-03-11,South,Hyderabad,Electronics,Smart Watch,Online,Consumer,8,4939.44,0.2,31612.42,18176.18,13436.24,No,CUST-1603
ORD-101158,2024-03-12,West,Ahmedabad,Home & Kitchen,Cookware Set,Online,Consumer,5,2846.7,0.2,11386.8,7743.53,3643.27,No,CUST-1849
ORD-101159,2024-03-12,North,Lucknow,Apparel,Rain Jacket,Online,Consumer,2,1922.84,0.05,3653.4,2064.14,1589.26,No,CUST-1687
ORD-101160,2024-03-13,West,Mumbai,Electronics,Wireless Earbuds,Partner,Consumer,2,4725.12,,8032.7,3618.21,4414.49,No,CUST-1381
ORD-101161,2024-03-13,North,Chandigarh,Electronics,Power Bank,Retail Store,Corporate,1,4901.62,0.2,3921.3,1886.14,2035.16,No,CUST-1835
ORD-101162,2024-03-13,South,Kochi,Apparel,Cotton T-Shirt,Retail Store,Consumer,4,1551.0,0.25,4653.0,3277.73,1375.27,No,CUST-1828
ORD-101163,2024-03-14,West,Mumbai,Apparel,Denim Jeans,Online,Consumer,6,2927.44,0.3,12295.25,5873.71,6421.54,No,CUST-1199
ORD-101164,2024-03-14,East,Patna,Home & Kitchen,Air Fryer,Retail Store,Consumer,2,3354.48,0.25,5031.72,3259.6,1772.12,No,CUST-1154
ORD-101165,2024-03-15,East,Bhubaneswar,Electronics,Bluetooth Speaker,Online,Consumer,7,2899.54,,19281.94,14134.95,5146.99,No,CUST-1796
ORD-101166,2024-03-15,North,Jaipur,Beauty,Face Wash,Retail Store,Corporate,3,574.82,0.0,1724.46,1197.75,526.71,No,CUST-1801
ORD-101167,2024-03-15,South,Chennai,Electronics,Smart Watch,Online,Corporate,5,6212.47,0.0,31062.35,18216.04,12846.31,No,CUST-1761
ORD-101168,2024-03-16,South,Chennai,Home & Kitchen,Air Fryer,Partner,Corporate,6,5085.2,0.15,25934.52,13455.85,12478.67,No,CUST-1414
ORD-101169,2024-03-16,South,Kochi,Beauty,Sunscreen SPF50,Retail Store,Consumer,5,754.4,0.15,3206.2,2418.88,787.32,No,CUST-1776
ORD-101170,2024-03-19,South,Kochi,Apparel,Wool Sweater,Online,Consumer,4,2274.91,0.2,7279.71,4636.53,2643.18,No,CUST-1692
ORD-101171,2024-03-20,North,Lucknow,Electronics,4K Monitor,Online,Corporate,3,6196.2,0.0,18588.6,10851.81,7736.79,No,CUST-1666
ORD-101172,2024-03-21,North,Chandigarh,Apparel,Denim Jeans,Online,Home Office,4,1701.98,0.2,5446.34,4144.01,1302.33,No,CUST-1541
ORD-101173,2024-03-21,North,Delhi,Sports,Dumbbell Set,Online,Consumer,2,2272.61,0.25,3408.92,1775.9,-694.69,Yes,CUST-1240
ORD-101174,2024-03-22,South,Kochi,Sports,Cricket Bat,Online,Consumer,3,2507.12,0.2,6017.09,3585.9,2431.19,No,CUST-1672
ORD-101175,2024-03-22,North,Delhi,Electronics,4K Monitor,Online,Corporate,7,6360.02,0.1,40068.13,19467.22,20600.91,No,CUST-1790
ORD-101176,2024-03-22,West,Mumbai,Beauty,Hair Oil,Online,Home Office,8,966.32,0.0,7730.56,3797.33,-3802.12,Yes,CUST-1795
ORD-101177,2024-03-22,East,Kolkata,Apparel,Rain Jacket,Online,Consumer,7,1512.94,0.1,9531.52,5542.93,3988.59,No,CUST-1539
ORD-101178,2024-03-23,North,Lucknow,Electronics,4K Monitor,Retail Store,Consumer,3,5129.4,0.15,13079.97,8905.99,4173.98,No,CUST-1035
ORD-101179,2024-03-23,East,Guwahati,Home & Kitchen,Chef Knife,Online,Corporate,3,5653.89,0.15,14417.42,8100.21,6317.21,No,CUST-1666
ORD-101180,2024-03-23,West,Mumbai,Apparel,Denim Jeans,Online,Corporate,1,1876.88,0.15,1595.35,1080.96,514.39,No,CUST-1228
ORD-101181,2024-03-23,North,Delhi,Apparel,Rain Jacket,Retail Store,Consumer,3,2119.12,0.1,5721.62,4095.04,1626.58,No,CUST-1184
ORD-101182,2024-03-24,North,Jaipur,Beauty,Vitamin C Serum,Online,Consumer,5,995.28,0.1,4478.76,3312.49,1166.27,No,CUST-1070
ORD-101183,2024-03-24,North,Chandigarh,Apparel,Rain Jacket,Retail Store,Consumer,3,1886.57,0.0,5659.71,2630.39,3029.32,No,CUST-1141
ORD-101184,2024-03-25,North,Lucknow,Home & Kitchen,Espresso Machine,Partner,Corporate,6,4035.38,0.15,20580.44,14516.03,6064.41,No,CUST-1441
ORD-101185,2024-03-25,East,Bhubaneswar,Apparel,Cotton T-Shirt,Retail Store,Corporate,1,2131.64,0.0,2131.64,1062.74,1068.9,No,CUST-1249
ORD-101186,2024-03-25,West,Ahmedabad,Electronics,4K Monitor,Online,Consumer,4,6186.03,0.1,22269.71,15152.9,7116.81,No,CUST-1343
ORD-101187,2024-03-26,North,Lucknow,Apparel,Denim Jeans,Online,Consumer,3,1884.22,0.05,5370.03,3075.14,2294.89,No,CUST-1460
ORD-101188,2024-03-26,East,Patna,Sports,Cricket Bat,Retail Store,Corporate,4,2048.33,0.2,6554.66,4480.58,2074.08,No,CUST-1474
ORD-101189,2024-03-26,North,Jaipur,Apparel,Rain Jacket,Retail Store,Consumer,1,1932.58,0.3,1352.81,704.22,648.59,No,CUST-1374
ORD-101190,2024-03-27,South,Kochi,Electronics,Wireless Earbuds,Online,Consumer,4,5266.57,0.15,17906.34,11869.16,6037.18,No,CUST-1407
ORD-101191,2024-03-27,East,Bhubaneswar,Home & Kitchen,Cookware Set,Retail Store,Consumer,7,3678.5,0.0,25749.5,12653.81,13095.69,No,CUST-1798
ORD-101192,2024-03-27,South,Kochi,Sports,Yoga Mat,Retail Store,Consumer,7,3844.62,0.2,21529.87,10894.46,10635.41,No,CUST-1254
ORD-101193,2024-03-28,North,Delhi,Sports,Yoga Mat,Retail Store,Corporate,3,1600.25,0.0,4800.75,3133.8,1666.95,No,CUST-1011
ORD-101194,2024-03-28,South,Bengaluru,Home & Kitchen,Espresso Machine,Online,Consumer,4,4780.81,0.0,19123.24,10730.71,8392.53,No,CUST-1720
ORD-101195,2024-03-29,West,Surat,Apparel,Wool Sweater,Online,Corporate,6,1444.93,0.0,8669.58,5914.79,2754.79,No,CUST-1072
ORD-101196,2024-03-29,North,,Home & Kitchen,Chef Knife,Online,Corporate,4,4063.66,0.3,11378.25,7692.86,3685.39,No,CUST-1697
ORD-101197,2024-03-29,North,Delhi,Beauty,Sunscreen SPF50,Online,Consumer,5,1396.09,0.05,6631.43,4344.51,2286.92,No,CUST-1292
ORD-101198,2024-03-29,North,Lucknow,Beauty,Vitamin C Serum,Retail Store,Corporate,3,703.29,0.0,2109.87,1458.09,651.78,No,CUST-1757
ORD-101199,2024-03-30,South,Bengaluru,Beauty,Sunscreen SPF50,Online,Consumer,7,750.23,0.0,5251.61,3739.14,1512.47,No,CUST-1150
ORD-101200,2024-03-31,South,Hyderabad,Apparel,Wool Sweater,Online,Corporate,6,1778.12,0.15,9068.41,6808.29,2260.12,No,CUST-1148
ORD-101201,2024-03-31,East,Kolkata,Electronics,Wireless Earbuds,Online,Consumer,8,4357.68,0.2,27889.15,13291.14,-8780.88,Yes,CUST-1366
ORD-101202,2024-04-01,East,Kolkata,Home & Kitchen,Cookware Set,Retail Store,Home Office,7,5549.44,0.05,36903.78,23567.17,13336.61,No,CUST-1377
ORD-101203,2024-04-01,West,Surat,Electronics,4K Monitor,Retail Store,Consumer,3,5555.19,0.0,16665.57,11617.51,5048.06,No,CUST-1645
ORD-101204,2024-04-01,East,Patna,Electronics,4K Monitor,Retail Store,Consumer,3,7202.62,0.05,20527.47,10706.94,9820.53,No,CUST-1582
ORD-101205,2024-04-01,North,Delhi,Apparel,Denim Jeans,Partner,Consumer,1,1485.39,0.15,1262.58,678.0,584.58,No,CUST-1894
ORD-101206,2024-04-02,South,Bengaluru,Home & Kitchen,Cookware Set,Partner,Consumer,5,2801.13,0.0,14005.65,7536.42,6469.23,No,CUST-1609
ORD-101207,2024-04-03,North,Chandigarh,Beauty,Sunscreen SPF50,Online,Consumer,6,997.11,,5982.66,3822.14,-1943.35,Yes,CUST-1181
ORD-101208,2024-04-03,North,Delhi,Beauty,Vitamin C Serum,Online,Consumer,3,687.8,0.0,2063.4,1177.86,885.54,No,CUST-1079
ORD-101209,2024-04-03,West,Ahmedabad,Beauty,Vitamin C Serum,Retail Store,Consumer,1,1401.23,,1261.11,844.71,416.4,No,CUST-1239
ORD-101210,2024-04-04,East,Patna,Beauty,Hair Oil,Retail Store,Consumer,7,697.0,0.0,4879.0,3178.08,1700.92,No,CUST-1885
ORD-101211,2024-04-04,West,Surat,Home & Kitchen,Cookware Set,Online,Corporate,2,3591.05,0.0,7182.1,4789.36,2392.74,No,CUST-1691
ORD-101212,2024-04-04,South,Bengaluru,Electronics,Bluetooth Speaker,Partner,Consumer,5,6879.49,0.0,34397.45,18342.95,16054.5,No,CUST-1666
ORD-101213,2024-04-04,South,Bengaluru,Home & Kitchen,Espresso Machine,Online,Consumer,1,4054.54,0.2,3243.63,2281.03,962.6,No,CUST-1244
ORD-101214,2024-04-05,South,Hyderabad,Electronics,Power Bank,Partner,Home Office,1,4200.81,0.1,3780.73,2529.81,1250.92,No,CUST-1421
ORD-101215,2024-04-05,North,Delhi,Electronics,Smart Watch,Retail Store,Corporate,8,9140.56,0.3,51187.14,25241.11,25946.03,No,CUST-1633
ORD-101216,2024-04-05,North,Chandigarh,Electronics,Smart Watch,Online,Consumer,6,4919.7,0.05,28042.29,14471.42,13570.87,No,CUST-1852
ORD-101217,2024-04-05,South,Chennai,Beauty,Face Wash,Retail Store,Consumer,1,1006.47,0.0,1006.47,552.87,-103.78,Yes,CUST-1525
ORD-101218,2024-04-05,North,Chandigarh,Beauty,Face Wash,Retail Store,Consumer,1,1003.66,0.0,1003.66,761.67,241.99,No,CUST-1019
ORD-101219,2024-04-06,West,Mumbai,Sports,Yoga Mat,Retail Store,Consumer,4,3302.48,0.3,9246.94,5156.98,4089.96,No,CUST-1769
ORD-101220,2024-04-06,North,Lucknow,Sports,Cricket Bat,Retail Store,Corporate,6,3147.24,0.15,16050.92,7328.21,8722.71,No,CUST-1840
ORD-101221,2024-04-06,North,Chandigarh,Sports,Yoga Mat,Online,Consumer,4,2337.47,0.0,9349.88,4644.43,4705.45,No,CUST-1030
ORD-101222,2024-04-07,East,Kolkata,Electronics,4K Monitor,Online,Home Office,7,5864.19,0.15,34891.93,16071.81,18820.12,No,CUST-1353
ORD-101223,2024-04-07,North,Jaipur,Beauty,Hair Oil,Online,Corporate,6,1000.45,0.15,5102.3,2974.32,2127.98,No,CUST-1881
ORD-101224,2024-04-08,West,Mumbai,Beauty,Hair Oil,Online,Home Office,5,1226.75,0.0,6133.75,4373.74,-1059.52,Yes,CUST-1858
ORD-101225,2024-04-08,East,Guwahati,Beauty,Hair Oil,Online,Consumer,3,782.64,0.2,1878.34,1124.46,753.88,No,CUST-1867
ORD-101226,2024-04-08,North,Jaipur,Electronics,Power Bank,Online,Corporate,6,9128.19,0.0,54769.14,39809.94,-13289.67,Yes,CUST-1877
ORD-101227,2024-04-08,East,Kolkata,Electronics,Smart Watch,Online,Corporate,7,5266.65,0.0,36866.55,17168.19,19698.36,No,CUST-1020
ORD-101228,2024-04-08,East,Bhubaneswar,Sports,Cricket Bat,Online,Corporate,1,2855.26,0.2,2284.21,1381.97,902.24,No,CUST-1135
ORD-101229,2024-04-09,East,Bhubaneswar,Electronics,Bluetooth Speaker,Online,Consumer,6,4710.82,0.1,25438.43,18054.54,7383.89,No,CUST-1449
ORD-101230,2024-04-09,West,Mumbai,Apparel,Rain Jacket,Online,Consumer,8,1506.45,0.0,12051.6,8106.61,-5861.81,Yes,CUST-1542
ORD-101231,2024-04-10,East,Kolkata,Apparel,Denim Jeans,Partner,Consumer,4,1703.33,0.0,6813.32,4983.48,1829.84,No,CUST-1361
ORD-101232,2024-04-12,South,Bengaluru,Electronics,Wireless Earbuds,Partner,Consumer,7,4977.12,0.15,29613.86,16002.31,13611.55,No,CUST-1241
ORD-101233,2024-04-12,North,Chandigarh,Electronics,Bluetooth Speaker,Retail Store,Home Office,3,5752.6,0.2,13806.24,8494.71,5311.53,No,CUST-1228
ORD-101234,2024-04-13,East,Guwahati,Sports,Running Shoes,Online,Corporate,2,2247.04,0.0,4494.08,3026.18,1467.9,No,CUST-1542
ORD-101235,2024-04-13,West,Mumbai,Beauty,Hair Oil,Retail Store,Consumer,7,1216.77,0.05,8091.52,4091.09,4000.43,No,CUST-1880
ORD-101236,2024-04-14,South,Bengaluru,Sports,Running Shoes,Online,Consumer,3,2371.37,,6758.4,4860.75,1897.65,No,CUST-1743
ORD-101237,2024-04-14,East,Patna,Electronics,4K Monitor,Online,Consumer,7,5088.46,0.3,24933.45,13782.84,11150.61,No,CUST-1157
ORD-101238,2024-04-14,South,Chennai,Electronics,Power Bank,Partner,Corporate,3,5787.41,0.25,13021.67,6260.71,6760.96,No,CUST-1133
ORD-101239,2024-04-14,East,Bhubaneswar,Apparel,Denim Jeans,Online,Home Office,4,2573.41,0.0,10293.64,7233.15,3060.49,No,CUST-1237
ORD-101240,2024-04-15,West,Pune,Apparel,Rain Jacket,Partner,Consumer,6,2212.32,0.1,11946.53,8155.37,3791.16,No,CUST-1659
ORD-101241,2024-04-15,North,Delhi,Electronics,Power Bank,Retail Store,Consumer,3,6199.48,0.3,13018.91,9655.01,3363.9,No,CUST-1007
ORD-101242,2024-04-15,North,Jaipur,Beauty,Hair Oil,Online,Home Office,7,723.49,0.05,4811.21,3581.39,1229.82,No,CUST-1633
ORD-101243,2024-04-15,South,Bengaluru,Sports,Dumbbell Set,Online,Corporate,1,2147.32,0.0,2147.32,1163.66,983.66,No,CUST-1522
ORD-101244,2024-04-16,South,Hyderabad,Apparel,Wool Sweater,Retail Store,Corporate,1,1519.41,0.0,1519.41,1005.32,514.09,No,CUST-1593
ORD-101245,2024-04-16,South,Chennai,Apparel,Denim Jeans,Online,Consumer,1,2722.23,0.15,2313.9,1804.17,509.73,No,CUST-1774
ORD-101246,2024-04-16,North,Jaipur,Apparel,Denim Jeans,Online,Consumer,3,2361.55,0.3,4959.26,2630.67,2328.59,No,CUST-1531
ORD-101247,2024-04-17,South,Bengaluru,Electronics,Smart Watch,Online,Corporate,1,5142.49,0.0,5142.49,3116.6,2025.89,No,CUST-1559
ORD-101248,2024-04-17,South,Kochi,Electronics,Bluetooth Speaker,Partner,Consumer,4,5558.43,0.0,22233.72,16683.18,5550.54,No,CUST-1432
ORD-101249,2024-04-18,South,Bengaluru,Apparel,Wool Sweater,Online,Corporate,1,1731.69,0.0,1731.69,838.17,893.52,No,CUST-1586
ORD-101250,2024-04-18,East,Bhubaneswar,Apparel,Rain Jacket,Partner,Corporate,7,1703.79,0.05,11330.2,8569.28,-1927.23,Yes,CUST-1342
ORD-101251,2024-04-18,East,Patna,Home & Kitchen,Chef Knife,Retail Store,Consumer,2,5161.37,0.0,10322.74,6308.14,4014.6,No,CUST-1059
ORD-101252,2024-04-19,East,Bhubaneswar,Beauty,Face Wash,Online,Consumer,8,991.53,0.0,7932.24,5907.17,2025.07,No,CUST-1022
ORD-101253,2024-04-19,East,Bhubaneswar,Electronics,Power Bank,Online,Corporate,7,9260.4,0.15,55099.38,36092.99,19006.39,No,CUST-1643
ORD-101254,2024-04-19,East,Patna,Electronics,Bluetooth Speaker,Retail Store,Home Office,6,8100.83,0.25,36453.74,24481.37,11972.37,No,CUST-1573
ORD-101255,2024-04-19,South,Bengaluru,Electronics,Wireless Earbuds,Online,Consumer,7,8184.92,0.0,57294.44,40397.47,16896.97,No,CUST-1368
ORD-101256,2024-04-20,East,Patna,Electronics,Bluetooth Speaker,Online,Corporate,7,7294.15,0.1,45953.14,21697.0,24256.14,No,CUST-1671
ORD-101257,2024-04-20,North,Chandigarh,Home & Kitchen,Espresso Machine,Online,Consumer,7,4255.5,0.15,25320.22,16639.53,8680.69,No,CUST-1426
ORD-101258,2024-04-21,North,Jaipur,Beauty,Hair Oil,Retail Store,Home Office,5,1198.97,0.2,4795.88,3620.41,1175.47,No,CUST-1229
ORD-101259,2024-04-21,South,Chennai,Beauty,Vitamin C Serum,Retail Store,Corporate,5,978.48,0.3,3424.68,2621.66,803.02,No,CUST-1526
ORD-101260,2024-04-21,West,Ahmedabad,Home & Kitchen,Chef Knife,Online,Consumer,4,6377.92,0.25,19133.76,14724.31,4409.45,No,CUST-1340
ORD-101261,2024-04-22,East,Patna,Apparel,Wool Sweater,Online,Corporate,5,2308.96,0.0,11544.8,7655.64,3889.16,No,CUST-1877
ORD-101262,2024-04-22,North,Chandigarh,Electronics,Bluetooth Speaker,Online,Corporate,4,6729.47,0.3,18842.52,12416.93,6425.59,No,CUST-1649
ORD-101263,2024-04-22,South,Bengaluru,Apparel,Rain Jacket,Retail Store,Corporate,1,2180.42,0.0,2180.42,1378.71,801.71,No,CUST-1673
ORD-101264,2024-04-23,North,Jaipur,Apparel,Denim Jeans,Online,Consumer,8,2933.74,0.3,16428.94,10686.9,5742.04,No,CUST-1619
ORD-101265,2024-04-23,East,Bhubaneswar,Beauty,Vitamin C Serum,Partner,Corporate,6,726.29,0.0,4357.74,2841.24,1516.5,No,CUST-1615
ORD-101266,2024-04-24,West,Pune,Apparel,Denim Jeans,Retail Store,Corporate,6,2980.55,0.0,17883.3,8297.76,9585.54,No,CUST-1695
ORD-101267,2024-04-24,South,Kochi,Electronics,Power Bank,Online,Consumer,3,6107.11,0.0,18321.33,8781.92,-4054.8,Yes,CUST-1388
ORD-101268,2024-04-24,South,Hyderabad,Electronics,Smart Watch,Retail Store,Consumer,7,4398.75,0.0,30791.25,20150.02,10641.23,No,CUST-1739
ORD-101269,2024-04-25,North,Delhi,Electronics,Power Bank,Retail Store,Home Office,5,5315.99,,23921.96,13245.38,10676.58,No,CUST-1031
ORD-101270,2024-04-25,South,,Sports,Running Shoes,Retail Store,Corporate,1,1835.48,0.15,1560.16,857.26,702.9,No,CUST-1599
ORD-101271,2024-04-27,West,Mumbai,Electronics,Smart Watch,Online,Consumer,8,7288.8,0.2,46648.32,23969.56,22678.76,No,CUST-1484
ORD-101272,2024-04-27,East,Guwahati,Electronics,Smart Watch,Partner,Corporate,8,4917.68,0.0,39341.44,28103.68,11237.76,No,CUST-1007
ORD-101273,2024-04-28,South,Chennai,Electronics,Smart Watch,Online,Consumer,7,6611.23,0.0,46278.61,35552.54,10726.07,No,CUST-1594
ORD-101274,2024-04-28,South,Kochi,Beauty,Sunscreen SPF50,Retail Store,Corporate,4,1327.79,0.0,5311.16,3490.28,1820.88,No,CUST-1002
ORD-101275,2024-04-28,North,Lucknow,Apparel,Rain Jacket,Online,Consumer,2,1811.38,,3622.76,2760.5,862.26,No,CUST-1633
ORD-101276,2024-04-28,North,Jaipur,Home & Kitchen,Air Fryer,Online,Consumer,1,4429.96,0.2,3543.97,2628.5,915.47,No,CUST-1471
ORD-101277,2024-04-29,North,Chandigarh,Apparel,Rain Jacket,Partner,Home Office,6,1516.68,0.15,7735.07,4037.06,3698.01,No,CUST-1547
ORD-101278,2024-04-29,South,Hyderabad,Electronics,Smart Watch,Online,Corporate,8,5835.21,0.0,46681.68,23371.82,23309.86,No,CUST-1548
ORD-101279,2024-04-29,West,Ahmedabad,Beauty,Sunscreen SPF50,Online,Consumer,1,1665.87,0.0,1665.87,865.96,799.91,No,CUST-1270
ORD-101280,2024-04-29,South,Hyderabad,Electronics,4K Monitor,Retail Store,,6,7474.95,0.3,31394.79,15124.41,16270.38,No,CUST-1560
ORD-101281,2024-04-29,North,Lucknow,Electronics,4K Monitor,Online,Home Office,1,6011.94,0.15,5110.15,3282.51,1827.64,No,CUST-1198
ORD-101282,2024-04-29,North,Lucknow,Home & Kitchen,Air Fryer,Retail Store,Corporate,7,4078.45,0.0,28549.15,15510.03,13039.12,No,CUST-1682
ORD-101283,2024-04-29,North,Lucknow,Electronics,Smart Watch,Partner,Consumer,1,6326.1,0.3,4428.27,3326.79,1101.48,No,CUST-1081
ORD-101284,2024-04-30,East,Kolkata,Electronics,Power Bank,Online,Consumer,8,6569.87,0.0,52558.96,34290.76,18268.2,No,CUST-1127
ORD-101285,2024-04-30,South,Chennai,Beauty,Vitamin C Serum,Retail Store,Corporate,2,966.55,0.0,1933.1,1099.3,833.8,No,CUST-1632
ORD-101286,2024-04-30,East,Guwahati,Apparel,Denim Jeans,Partner,Home Office,4,2378.16,0.2,7610.11,5897.31,1712.8,No,CUST-1051
ORD-101287,2024-04-30,East,,Electronics,Bluetooth Speaker,Partner,Consumer,6,5050.05,0.1,27270.27,20849.6,6420.67,No,CUST-1873
ORD-101288,2024-05-01,North,Chandigarh,Apparel,Rain Jacket,Online,Consumer,7,1864.65,0.0,13052.55,9227.41,3825.14,No,CUST-1027
ORD-101289,2024-05-01,East,Bhubaneswar,Home & Kitchen,Chef Knife,Retail Store,Consumer,3,5659.12,0.25,12733.02,9056.43,3676.59,No,CUST-1472
ORD-101290,2024-05-01,West,Pune,Electronics,Wireless Earbuds,Retail Store,Consumer,8,5267.92,0.0,42143.36,32555.71,9587.65,No,CUST-1885
ORD-101291,2024-05-01,South,Chennai,Electronics,Smart Watch,Online,Corporate,1,8229.77,0.2,6583.82,4267.31,2316.51,No,CUST-1605
ORD-101292,2024-05-01,North,Jaipur,Home & Kitchen,Chef Knife,Retail Store,Consumer,4,5219.26,0.05,19833.19,14684.62,5148.57,No,CUST-1569
ORD-101293,2024-05-02,West,Surat,Home & Kitchen,Cookware Set,Online,Corporate,8,3130.77,,20036.93,9445.27,10591.66,No,CUST-1623
ORD-101294,2024-05-02,West,Pune,Sports,Cricket Bat,Online,Corporate,3,3287.45,0.3,6903.64,4368.9,2534.74,No,CUST-1635
ORD-101295,2024-05-03,South,Bengaluru,Apparel,Denim Jeans,Online,Consumer,5,1488.7,0.2,5954.8,3667.15,2287.65,No,CUST-1145
ORD-101296,2024-05-03,South,Kochi,Electronics,Bluetooth Speaker,Retail Store,Home Office,4,8181.37,0.3,22907.84,10593.7,12314.14,No,CUST-1277
ORD-101297,2024-05-04,North,Delhi,Apparel,Cotton T-Shirt,Online,Consumer,4,2237.11,0.1,8053.6,3855.21,4198.39,No,CUST-1172
ORD-101298,2024-05-04,East,Bhubaneswar,Home & Kitchen,Chef Knife,Online,Consumer,7,7375.71,0.0,51629.97,23605.58,28024.39,No,CUST-1190
ORD-101299,2024-05-04,South,Kochi,Electronics,Power Bank,Online,Consumer,5,8776.26,0.1,39493.17,21603.75,17889.42,No,CUST-1187
ORD-101300,2024-05-05,North,Jaipur,Home & Kitchen,Air Fryer,Online,Consumer,6,4019.62,0.1,21705.95,10150.98,11554.97,No,CUST-1574
ORD-101301,2024-05-06,East,Guwahati,Electronics,Bluetooth Speaker,Partner,Consumer,5,3946.29,0.2,15785.16,9307.6,6477.56,No,CUST-1839
ORD-101302,2024-05-06,West,Pune,Beauty,Hair Oil,Online,Home Office,8,987.6,0.0,7900.8,5674.4,2226.4,No,CUST-1503
ORD-101303,2024-05-06,West,Mumbai,Beauty,Face Wash,Online,Consumer,4,866.29,0.2,2772.13,1808.99,963.14,No,CUST-1014
ORD-101304,2024-05-07,North,Delhi,Apparel,Cotton T-Shirt,Partner,Consumer,7,3321.28,,22086.51,14849.88,7236.63,No,CUST-1623
ORD-101305,2024-05-07,North,Delhi,Sports,Dumbbell Set,Online,Corporate,5,3209.06,0.2,12836.24,5909.77,6926.47,No,CUST-1487
ORD-101306,2024-05-07,West,Pune,Sports,Cricket Bat,Online,Home Office,7,3877.53,0.05,25785.57,18747.24,7038.33,No,CUST-1699
ORD-101307,2024-05-07,West,Ahmedabad,Electronics,Bluetooth Speaker,Retail Store,Consumer,8,6666.36,0.05,50664.34,25243.14,25421.2,No,CUST-1339
ORD-101308,2024-05-08,South,Bengaluru,Apparel,Cotton T-Shirt,Retail Store,Consumer,2,2277.48,0.0,4554.96,2504.66,2050.3,No,CUST-1385
ORD-101309,2024-05-08,East,Patna,Home & Kitchen,Air Fryer,Online,Consumer,3,5213.75,0.25,11730.94,7279.54,4451.4,No,CUST-1593
ORD-101310,2024-05-09,South,Hyderabad,Electronics,Power Bank,Retail Store,Consumer,3,8848.45,0.0,26545.35,20092.12,6453.23,No,CUST-1636
ORD-101311,2024-05-09,South,Bengaluru,Apparel,Wool Sweater,Retail Store,Consumer,4,2535.11,0.0,10140.44,7903.35,2237.09,No,CUST-1198
ORD-101312,2024-05-09,North,Lucknow,Electronics,Smart Watch,Retail Store,Corporate,4,5462.74,0.05,20758.41,14702.73,6055.68,No,CUST-1527
ORD-101313,2024-05-10,North,Delhi,Sports,Yoga Mat,Online,Consumer,1,4370.61,0.0,4370.61,3018.67,1351.94,No,CUST-1865
ORD-101314,2024-05-10,North,Chandigarh,Apparel,Denim Jeans,Retail Store,Consumer,8,2220.8,0.3,12436.48,7762.04,4674.44,No,CUST-1058
ORD-101315,2024-05-11,West,Pune,Beauty,Vitamin C Serum,Online,Corporate,7,1068.1,0.05,7102.86,4756.48,2346.38,No,CUST-1298
ORD-101316,2024-05-11,North,Chandigarh,Apparel,Rain Jacket,Retail Store,Consumer,5,896.41,0.0,4482.05,2230.54,2251.51,No,CUST-1480
ORD-101317,2024-05-11,North,Lucknow,Electronics,4K Monitor,Partner,Consumer,3,8119.3,0.0,24357.9,13124.88,-12083.05,Yes,CUST-1833
ORD-101318,2024-05-11,South,Kochi,Beauty,Vitamin C Serum,Retail Store,Corporate,7,1214.09,0.0,8498.63,6585.86,1912.77,No,CUST-1871
ORD-101319,2024-05-12,North,Jaipur,Electronics,Power Bank,Retail Store,Consumer,3,7284.09,0.15,18574.43,14363.1,4211.33,No,CUST-1530
ORD-101320,2024-05-12,North,Chandigarh,Electronics,Power Bank,Online,Consumer,3,6496.91,0.1,17541.66,9763.35,7778.31,No,CUST-1492
ORD-101321,2024-05-12,South,Kochi,Apparel,Rain Jacket,Online,Consumer,8,2075.88,0.0,16607.04,8794.19,7812.85,No,CUST-1373
ORD-101322,2024-05-12,South,Hyderabad,Home & Kitchen,Espresso Machine,Online,Consumer,8,4835.52,0.25,29013.12,15253.39,13759.73,No,CUST-1400
ORD-101323,2024-05-13,East,Patna,Apparel,Cotton T-Shirt,Online,Consumer,5,2619.73,0.15,11133.85,6791.71,4342.14,No,CUST-1660
ORD-101324,2024-05-13,West,Pune,Electronics,Power Bank,Retail Store,Consumer,2,8136.71,0.05,15459.75,8098.48,7361.27,No,CUST-1489
ORD-101325,2024-05-13,North,Jaipur,Apparel,Cotton T-Shirt,Retail Store,Consumer,1,2257.43,0.1,2031.69,1349.05,-594.15,Yes,CUST-1497
ORD-101326,2024-05-13,West,Ahmedabad,Electronics,4K Monitor,Online,Consumer,8,8625.98,0.15,58656.66,27843.76,30812.9,No,CUST-1759
ORD-101327,2024-05-14,West,Surat,Electronics,Bluetooth Speaker,Online,Consumer,3,7013.43,0.0,21040.29,10187.99,10852.3,No,CUST-1124
ORD-101328,2024-05-15,West,Surat,Apparel,Cotton T-Shirt,Retail Store,Corporate,6,2115.6,0.25,9520.2,5154.12,4366.08,No,CUST-1861
ORD-101329,2024-05-15,East,Bhubaneswar,Electronics,Power Bank,Retail Store,Home Office,3,7451.61,0.0,22354.83,15794.95,6559.88,No,CUST-1634
ORD-101330,2024-05-16,East,Bhubaneswar,Electronics,Power Bank,Online,Consumer,4,5005.52,,20022.08,11146.0,8876.08,No,CUST-1528
ORD-101331,2024-05-17,East,Bhubaneswar,Home & Kitchen,Air Fryer,Online,Consumer,8,5541.72,0.1,39900.38,24154.47,15745.91,No,CUST-1521
ORD-101332,2024-05-18,East,Guwahati,Home & Kitchen,Air Fryer,Online,Corporate,5,3483.8,0.25,13064.25,8709.74,-2970.33,Yes,CUST-1519
ORD-101333,2024-05-19,North,Jaipur,Electronics,Wireless Earbuds,Retail Store,Consumer,4,5529.49,0.2,17694.37,12566.86,5127.51,No,CUST-1509
ORD-101334,2024-05-19,West,Pune,Apparel,Wool Sweater,Online,Consumer,4,1324.17,0.0,5296.68,2920.3,2376.38,No,CUST-1315
ORD-101335,2024-05-19,South,Kochi,Electronics,Wireless Earbuds,Online,Home Office,2,6872.11,0.05,13057.01,9025.27,4031.74,No,CUST-1664
ORD-101336,2024-05-19,East,Bhubaneswar,Sports,Cricket Bat,Online,Consumer,5,4379.15,0.15,18611.39,10132.08,8479.31,No,CUST-1227
ORD-101337,2024-05-19,South,Kochi,Electronics,Bluetooth Speaker,Online,Consumer,5,6965.82,0.0,34829.1,23080.33,11748.77,No,CUST-1588
ORD-101338,2024-05-19,North,Delhi,Electronics,Power Bank,Online,Consumer,1,8163.77,0.25,6122.83,3666.29,2456.54,No,CUST-1473
ORD-101339,2024-05-19,South,,Apparel,Rain Jacket,Online,Consumer,4,3617.99,0.0,14471.96,10937.72,3534.24,No,CUST-1329
ORD-101340,2024-05-19,South,Hyderabad,Electronics,4K Monitor,Partner,Consumer,6,7789.65,0.0,46737.9,36179.38,10558.52,No,CUST-1723
ORD-101341,2024-05-19,South,Kochi,Electronics,Wireless Earbuds,Retail Store,Consumer,1,5950.48,0.0,5950.48,4197.83,1752.65,No,CUST-1286
ORD-101342,2024-05-20,North,Jaipur,Electronics,4K Monitor,Online,Corporate,8,6168.22,0.2,39476.61,29690.49,9786.12,No,CUST-1593
ORD-101343,2024-05-20,North,,Home & Kitchen,Chef Knife,Online,Consumer,7,5283.69,0.0,36985.83,18309.7,18676.13,No,CUST-1225
ORD-101344,2024-05-20,South,Bengaluru,Home & Kitchen,Espresso Machine,Retail Store,Home Office,6,4548.14,0.25,20466.63,13630.23,-7239.94,Yes,CUST-1180
ORD-101345,2024-05-20,South,Kochi,Home & Kitchen,Air Fryer,Online,Consumer,1,4635.91,0.3,3245.14,1672.74,1572.4,No,CUST-1517
ORD-101346,2024-05-21,West,Ahmedabad,Beauty,Face Wash,Online,Consumer,5,1452.25,0.0,7261.25,3931.24,3330.01,No,CUST-1878
ORD-101347,2024-05-21,North,Lucknow,Apparel,Cotton T-Shirt,Online,Consumer,8,2926.5,0.0,23412.0,14574.71,8837.29,No,CUST-1269
ORD-101348,2024-05-21,North,Delhi,Sports,Running Shoes,Retail Store,Consumer,1,2066.58,,1446.61,1005.19,441.42,No,CUST-1103
ORD-101349,2024-05-21,North,Delhi,Home & Kitchen,Cookware Set,Partner,Corporate,7,4336.56,0.0,30355.92,20887.7,9468.22,No,CUST-1108
ORD-101350,2024-05-21,South,Kochi,Beauty,Face Wash,Online,Consumer,7,1072.46,0.05,7131.86,5255.62,1876.24,No,CUST-1442
ORD-101351,2024-05-21,South,Bengaluru,Home & Kitchen,Chef Knife,Partner,Consumer,1,5987.59,0.25,4490.69,2849.62,1641.07,No,CUST-1704
ORD-101352,2024-05-22,East,,Apparel,Cotton T-Shirt,Retail Store,Consumer,2,2990.53,0.0,5981.06,4519.85,1461.21,No,CUST-1641
ORD-101353,2024-05-22,West,Pune,Electronics,Power Bank,Partner,Consumer,6,11432.16,0.15,58304.02,43320.08,14983.94,No,CUST-1188
ORD-101354,2024-05-22,North,Lucknow,Apparel,Cotton T-Shirt,Retail Store,Consumer,8,2145.54,0.05,16306.1,11906.53,4399.57,No,CUST-1751
ORD-101355,2024-05-23,East,Patna,Electronics,Power Bank,Retail Store,Consumer,7,6516.55,0.05,43335.06,22783.05,20552.01,No,CUST-1148
ORD-101356,2024-05-24,North,Lucknow,Apparel,Cotton T-Shirt,Retail Store,Consumer,5,2700.9,0.3,9453.15,5911.79,3541.36,No,CUST-1503
ORD-101357,2024-05-24,North,Jaipur,Electronics,4K Monitor,Retail Store,Corporate,5,6098.18,0.15,25917.26,17959.57,7957.69,No,CUST-1764
ORD-101358,2024-05-24,South,Hyderabad,Electronics,Bluetooth Speaker,Online,Corporate,5,6953.77,0.0,34768.85,26845.51,7923.34,No,CUST-1727
ORD-101359,2024-05-26,North,,Sports,Cricket Bat,Retail Store,Consumer,5,2950.52,0.3,10326.82,4686.76,-3082.77,Yes,CUST-1631
ORD-101360,2024-05-27,East,Patna,Home & Kitchen,Chef Knife,Retail Store,Consumer,7,2242.58,0.15,13343.35,7444.89,5898.46,No,CUST-1297
ORD-101361,2024-05-27,East,Kolkata,Home & Kitchen,Air Fryer,Online,Consumer,1,5443.26,0.0,5443.26,3064.42,2378.84,No,CUST-1689
ORD-101362,2024-05-27,East,Patna,Apparel,Denim Jeans,Online,Consumer,2,2297.74,0.05,4365.71,2380.26,1985.45,No,CUST-1347
ORD-101363,2024-05-29,South,Chennai,Home & Kitchen,Chef Knife,Online,Consumer,1,6784.09,,6784.09,4882.85,1901.24,No,CUST-1315
ORD-101364,2024-05-30,East,Kolkata,Sports,Yoga Mat,Online,Consumer,7,3253.76,0.15,19359.87,8999.89,-9350.42,Yes,CUST-1479
ORD-101365,2024-05-30,South,Hyderabad,Home & Kitchen,Air Fryer,Online,Home Office,6,3839.34,0.25,17277.03,9823.95,7453.08,No,CUST-1555
ORD-101366,2024-05-30,North,Lucknow,Home & Kitchen,Cookware Set,Online,Corporate,1,5003.03,0.0,5003.03,3426.35,1576.68,No,CUST-1188
ORD-101367,2024-05-30,North,Delhi,Apparel,Rain Jacket,Online,Consumer,1,1293.68,0.25,970.26,566.85,403.41,No,CUST-1838
ORD-101368,2024-05-30,East,Kolkata,Apparel,Cotton T-Shirt,Retail Store,Consumer,3,1757.91,0.3,3691.61,1836.73,1854.88,No,CUST-1780
ORD-101369,2024-05-31,West,Surat,Home & Kitchen,Chef Knife,Online,Consumer,2,6048.97,0.3,8468.56,5517.96,2950.6,No,CUST-1254
ORD-101370,2024-06-01,North,Lucknow,Sports,Dumbbell Set,Online,Consumer,5,3186.91,0.15,13544.37,8430.85,-1805.17,Yes,CUST-1217
ORD-101371,2024-06-01,South,Bengaluru,Apparel,Denim Jeans,Online,Consumer,4,2987.91,0.0,11951.64,9250.65,-4974.5,Yes,CUST-1062
ORD-101372,2024-06-02,East,Patna,Apparel,Wool Sweater,Online,Consumer,3,1409.27,0.0,4227.81,2946.84,1280.97,No,CUST-1365
ORD-101373,2024-06-03,West,Surat,Apparel,Denim Jeans,Online,Consumer,2,2352.14,0.3,3293.0,2553.52,739.48,No,CUST-1153
ORD-101374,2024-06-03,South,Kochi,Apparel,Denim Jeans,Partner,Consumer,6,2225.14,0.05,12683.3,6487.46,-2684.22,Yes,CUST-1837
ORD-101375,2024-06-03,East,Kolkata,Sports,Yoga Mat,Online,Corporate,7,4082.59,0.05,27149.22,19040.46,8108.76,No,CUST-1807
ORD-101376,2024-06-04,East,Bhubaneswar,Home & Kitchen,Air Fryer,Online,Consumer,6,6319.4,0.2,30333.12,19171.76,11161.36,No,CUST-1745
ORD-101377,2024-06-04,West,Surat,Apparel,Rain Jacket,Online,Home Office,7,2837.73,0.2,15891.29,10887.57,5003.72,No,CUST-1253
ORD-101378,2024-06-05,North,Lucknow,Apparel,Denim Jeans,Retail Store,Consumer,8,3330.16,0.25,19980.96,12074.33,7906.63,No,CUST-1621
ORD-101379,2024-06-05,West,Ahmedabad,Apparel,Rain Jacket,Online,Consumer,7,2285.86,0.25,12000.76,6241.46,5759.3,No,CUST-1442
ORD-101380,2024-06-05,North,Delhi,Electronics,Wireless Earbuds,Online,Consumer,6,9655.19,0.25,43448.36,20207.53,-18364.22,Yes,CUST-1245
ORD-101381,2024-06-06,West,Mumbai,Apparel,Rain Jacket,Online,Consumer,1,1916.56,0.0,1916.56,1392.64,523.92,No,CUST-1481
ORD-101382,2024-06-06,North,Jaipur,Beauty,Sunscreen SPF50,Online,Consumer,3,948.41,0.0,2845.23,2045.4,799.83,No,CUST-1148
ORD-101383,2024-06-06,North,Delhi,Home & Kitchen,Espresso Machine,Online,Consumer,4,6424.09,0.0,25696.36,12941.67,12754.69,No,CUST-1864
ORD-101384,2024-06-06,North,Delhi,Electronics,Bluetooth Speaker,Partner,Consumer,6,4996.0,0.15,25479.6,16890.67,8588.93,No,CUST-1147
ORD-101385,2024-06-07,South,Bengaluru,Home & Kitchen,Chef Knife,Partner,Consumer,7,6208.02,0.15,36937.72,25614.54,11323.18,No,CUST-1271
ORD-101386,2024-06-08,North,,Home & Kitchen,Cookware Set,Online,Consumer,6,5637.17,0.25,25367.27,16083.26,9284.01,No,CUST-1199
ORD-101387,2024-06-08,North,Chandigarh,Electronics,Wireless Earbuds,Online,Corporate,3,9234.24,0.25,20777.04,11524.72,9252.32,No,CUST-1469
ORD-101388,2024-06-08,South,Hyderabad,Home & Kitchen,Espresso Machine,Online,Consumer,7,5444.04,0.25,28581.21,21170.45,7410.76,No,CUST-1604
ORD-101389,2024-06-09,South,Kochi,Home & Kitchen,Air Fryer,Partner,Corporate,6,5585.17,0.0,33511.02,22184.48,11326.54,No,CUST-1862
ORD-101390,2024-06-10,East,Guwahati,Beauty,Face Wash,Partner,Home Office,7,1385.62,0.2,7759.47,5335.97,2423.5,No,CUST-1349
ORD-101391,2024-06-10,West,Pune,Electronics,Power Bank,Online,Consumer,5,6387.35,0.25,23952.56,15933.19,8019.37,No,CUST-1181
ORD-101392,2024-06-11,East,Kolkata,Electronics,Bluetooth Speaker,Online,Home Office,6,6316.79,0.3,26530.52,18253.67,-11649.24,Yes,CUST-1019
ORD-101393,2024-06-12,North,,Apparel,Rain Jacket,Online,Consumer,3,2753.58,0.05,7847.7,3907.15,3940.55,No,CUST-1538
ORD-101394,2024-06-12,North,Delhi,Electronics,Wireless Earbuds,Retail Store,Consumer,4,7433.12,0.2,23785.98,17945.48,5840.5,No,CUST-1881
ORD-101395,2024-06-13,West,Ahmedabad,Apparel,Cotton T-Shirt,Online,Corporate,3,2270.71,,6471.52,3522.56,2948.96,No,CUST-1057
ORD-101396,2024-06-13,North,Lucknow,Beauty,Face Wash,Online,Consumer,3,1224.6,0.0,3673.8,2667.41,1006.39,No,CUST-1896
ORD-101397,2024-06-13,South,Hyderabad,Electronics,4K Monitor,Online,Consumer,6,10111.07,0.05,57633.1,42926.1,14707.0,No,CUST-1236
ORD-101398,2024-06-13,West,Pune,Apparel,Wool Sweater,Online,Consumer,4,2252.29,0.0,9009.16,5990.22,-3961.23,Yes,CUST-1817
ORD-101399,2024-06-15,West,Ahmedabad,Sports,Running Shoes,Partner,Consumer,2,3035.59,0.3,4249.83,2751.51,1498.32,No,CUST-1062
ORD-101400,2024-06-15,South,Kochi,Apparel,Denim Jeans,Online,Consumer,1,1558.64,0.0,1558.64,757.48,801.16,No,CUST-1802
ORD-101401,2024-06-16,East,Guwahati,Apparel,Denim Jeans,Online,Corporate,7,2473.54,0.0,17314.78,10284.17,7030.61,No,CUST-1297
ORD-101402,2024-06-16,South,Chennai,Home & Kitchen,Cookware Set,Retail Store,Consumer,4,6328.71,0.15,21517.61,14026.1,7491.51,No,CUST-1247
ORD-101403,2024-06-16,East,Bhubaneswar,Electronics,Power Bank,Retail Store,Consumer,5,8871.47,0.15,37703.75,17985.32,19718.43,No,CUST-1185
ORD-101404,2024-06-16,North,Delhi,Electronics,Power Bank,Retail Store,Consumer,8,7672.75,0.15,52174.7,25397.73,26776.97,No,CUST-1120
ORD-101405,2024-06-17,North,Lucknow,Home & Kitchen,Espresso Machine,Retail Store,Home Office,1,6695.87,,6695.87,5208.37,1487.5,No,CUST-1718
ORD-101406,2024-06-17,East,Guwahati,Apparel,Denim Jeans,Online,Home Office,8,2900.99,0.1,20887.13,11689.22,9197.91,No,CUST-1062
ORD-101407,2024-06-18,North,Jaipur,Electronics,Power Bank,Online,Corporate,6,9334.15,0.3,39203.43,22166.08,17037.35,No,CUST-1417
ORD-101408,2024-06-18,East,Bhubaneswar,Electronics,Bluetooth Speaker,Online,Consumer,6,9123.52,0.0,54741.12,29177.27,25563.85,No,CUST-1853
ORD-101409,2024-06-19,South,Bengaluru,Beauty,Face Wash,Retail Store,Consumer,4,1681.93,0.25,5045.79,3346.3,1699.49,No,CUST-1364
ORD-101410,2024-06-19,West,Mumbai,Electronics,Smart Watch,Partner,Consumer,6,7222.05,0.0,43332.3,26264.36,17067.94,No,CUST-1744
ORD-101411,2024-06-19,East,Kolkata,Beauty,Vitamin C Serum,Online,Corporate,2,885.46,0.0,1770.92,1258.84,512.08,No,CUST-1623
ORD-101412,2024-06-19,South,Chennai,Apparel,Denim Jeans,Retail Store,Consumer,3,2866.85,0.3,6020.38,3727.36,2293.02,No,CUST-1715
ORD-101413,2024-06-20,East,Bhubaneswar,Home & Kitchen,Cookware Set,Retail Store,Corporate,8,6491.52,0.0,51932.16,23633.67,28298.49,No,CUST-1852
ORD-101414,2024-06-20,North,Delhi,Electronics,4K Monitor,Partner,Consumer,3,10100.34,0.1,27270.92,16615.81,10655.11,No,CUST-1088
ORD-101415,2024-06-20,South,Chennai,Electronics,4K Monitor,Online,Corporate,6,9625.17,0.05,54863.47,25687.72,29175.75,No,CUST-1271
ORD-101416,2024-06-20,North,Lucknow,Apparel,Cotton T-Shirt,Online,Consumer,8,3574.73,0.15,24308.16,17570.9,6737.26,No,CUST-1289
ORD-101417,2024-06-21,West,Surat,Home & Kitchen,Cookware Set,Retail Store,Consumer,5,6300.01,0.05,29925.05,14588.68,-13366.87,Yes,CUST-1060
ORD-101418,2024-06-21,West,Mumbai,Electronics,Wireless Earbuds,Retail Store,Consumer,3,7890.68,0.05,22488.44,11729.85,10758.59,No,CUST-1095
ORD-101419,2024-06-21,West,Ahmedabad,Apparel,Denim Jeans,Retail Store,Consumer,7,1741.46,0.25,9142.67,5501.95,3640.72,No,CUST-1098
ORD-101420,2024-06-22,West,Mumbai,Apparel,Wool Sweater,Retail Store,Home Office,7,2674.83,0.1,16851.43,8668.56,8182.87,No,CUST-1854
ORD-101421,2024-06-22,West,Ahmedabad,Electronics,4K Monitor,Online,Consumer,5,6602.79,0.15,28061.86,17621.24,-10866.98,Yes,CUST-1771
ORD-101422,2024-06-22,North,Lucknow,Home & Kitchen,Chef Knife,Retail Store,Home Office,1,5806.98,0.25,4355.23,2621.98,1733.25,No,CUST-1529
ORD-101423,2024-06-22,West,Surat,Electronics,Wireless Earbuds,Online,Consumer,4,7609.19,0.05,28914.92,22100.61,6814.31,No,CUST-1761
ORD-101424,2024-06-22,South,Bengaluru,Apparel,Rain Jacket,Online,Consumer,4,2766.93,0.25,8300.79,3977.43,4323.36,No,CUST-1309
ORD-101425,2024-06-23,South,Chennai,Electronics,Bluetooth Speaker,Online,Consumer,2,7360.55,0.2,11776.88,7540.99,-1848.52,Yes,CUST-1427
ORD-101426,2024-06-23,South,Kochi,Apparel,Denim Jeans,Online,Consumer,4,3023.47,0.25,9070.41,6238.01,2832.4,No,CUST-1795
ORD-101427,2024-06-25,South,Kochi,Apparel,Wool Sweater,Online,Corporate,2,1005.5,0.1,1809.9,890.68,919.22,No,CUST-1132
ORD-101428,2024-06-25,North,Jaipur,Apparel,Wool Sweater,Retail Store,Consumer,6,2613.35,0.15,13328.08,8796.97,4531.11,No,CUST-1131
ORD-101429,2024-06-26,North,Delhi,Apparel,Wool Sweater,Retail Store,Consumer,4,3172.67,0.0,12690.68,9330.17,3360.51,No,CUST-1473
ORD-101430,2024-06-26,North,Jaipur,Sports,Cricket Bat,Online,Consumer,6,4806.66,0.0,28839.96,20473.3,8366.66,No,CUST-1227
ORD-101431,2024-06-26,South,Hyderabad,Apparel,Wool Sweater,Online,Corporate,4,2913.96,0.0,11655.84,8842.19,2813.65,No,CUST-1601
ORD-101432,2024-06-27,West,Pune,Beauty,Hair Oil,Online,Home Office,6,1720.36,0.15,8773.84,6034.59,2739.25,No,CUST-1572
ORD-101433,2024-06-27,East,Patna,Electronics,4K Monitor,Online,Corporate,6,7811.94,0.0,46871.64,27186.28,19685.36,No,CUST-1299
ORD-101434,2024-06-28,South,Kochi,Apparel,Rain Jacket,Online,Consumer,2,2512.68,0.0,5025.36,3787.86,1237.5,No,CUST-1104
ORD-101435,2024-06-28,South,Kochi,Electronics,Wireless Earbuds,Online,Consumer,4,8412.17,0.15,28601.38,14997.64,13603.74,No,CUST-1074
ORD-101436,2024-06-28,South,Bengaluru,Apparel,Wool Sweater,Partner,Consumer,6,2510.2,0.05,14308.14,9194.72,5113.42,No,CUST-1398
ORD-101437,2024-06-29,North,Lucknow,Home & Kitchen,Espresso Machine,Online,Home Office,5,4605.65,0.0,23028.25,16181.19,6847.06,No,CUST-1289
ORD-101438,2024-06-29,West,Surat,Beauty,Sunscreen SPF50,Retail Store,Consumer,2,1114.0,0.15,1893.8,1397.35,496.45,No,CUST-1030
ORD-101439,2024-06-30,North,Jaipur,Home & Kitchen,Air Fryer,Retail Store,Home Office,7,4203.46,0.1,26481.8,19926.47,6555.33,No,CUST-1621
ORD-101440,2024-06-30,East,Bhubaneswar,Home & Kitchen,Cookware Set,Online,Corporate,2,6213.06,0.0,12426.12,5940.21,6485.91,No,CUST-1861
ORD-101441,2024-06-30,East,Patna,Electronics,Power Bank,Online,Corporate,8,7561.3,0.0,60490.4,41714.15,18776.25,No,CUST-1880
ORD-101442,2024-07-01,South,Kochi,Electronics,Power Bank,Online,Corporate,177,6704.51,0.0,1186698.27,735752.93,450945.34,No,CUST-1106
ORD-101443,2024-07-01,West,Ahmedabad,Beauty,Sunscreen SPF50,Online,Consumer,3,1062.49,0.2,2549.98,1803.11,746.87,No,CUST-1171
ORD-101444,2024-07-02,North,Delhi,Electronics,4K Monitor,Partner,Consumer,2,8093.55,0.0,16187.1,11027.1,5160.0,No,CUST-1388
ORD-101445,2024-07-02,West,Ahmedabad,Electronics,4K Monitor,Online,Consumer,8,8536.34,0.0,68290.72,34817.77,33472.95,No,CUST-1823
ORD-101446,2024-07-03,East,Bhubaneswar,Sports,Cricket Bat,Online,Consumer,5,2476.51,0.0,12382.55,8975.29,3407.26,No,CUST-1517
ORD-101447,2024-07-04,East,Kolkata,Sports,Dumbbell Set,Online,Corporate,7,2362.94,0.1,14886.52,8967.5,5919.02,No,CUST-1410
ORD-101448,2024-07-04,East,Patna,Home & Kitchen,Chef Knife,Online,Consumer,7,6509.91,0.2,36455.5,22947.74,13507.76,No,CUST-1833
ORD-101449,2024-07-04,West,Mumbai,Apparel,Wool Sweater,Partner,Home Office,1,1694.96,0.0,1694.96,1306.07,388.89,No,CUST-1596
ORD-101450,2024-07-04,West,Surat,Beauty,Vitamin C Serum,Online,Corporate,6,1361.66,0.25,6127.47,4085.1,2042.37,No,CUST-1886
ORD-101451,2024-07-05,South,Hyderabad,Electronics,Wireless Earbuds,Retail Store,Consumer,3,9887.22,0.0,29661.66,19108.81,10552.85,No,CUST-1777
ORD-101452,2024-07-05,East,Guwahati,Apparel,Denim Jeans,Online,Consumer,8,3297.55,0.05,25061.38,11416.25,13645.13,No,CUST-1898
ORD-101453,2024-07-06,East,,Apparel,Cotton T-Shirt,Online,Consumer,2,2826.59,0.0,5653.18,2915.58,2737.6,No,CUST-1501
ORD-101454,2024-07-06,South,Bengaluru,Sports,Dumbbell Set,Online,Consumer,1,3815.64,0.0,3815.64,1750.49,2065.15,No,CUST-1337
ORD-101455,2024-07-06,West,Ahmedabad,Sports,Running Shoes,Partner,Corporate,6,4937.08,0.1,26660.23,14929.54,11730.69,No,CUST-1055
ORD-101456,2024-07-07,South,Chennai,Home & Kitchen,Chef Knife,Online,Corporate,5,2620.67,0.15,11137.85,6278.27,-1345.02,Yes,CUST-1656
ORD-101457,2024-07-08,South,Kochi,Electronics,Wireless Earbuds,Retail Store,Corporate,5,6554.72,0.2,26218.88,16387.03,9831.85,No,CUST-1239
ORD-101458,2024-07-08,North,Delhi,Apparel,Cotton T-Shirt,Online,Consumer,3,2888.25,0.1,7798.28,5284.3,2513.98,No,CUST-1009
ORD-101459,2024-07-09,North,Lucknow,Electronics,Power Bank,Retail Store,Corporate,4,6761.09,0.0,27044.36,13770.55,13273.81,No,CUST-1722
ORD-101460,2024-07-10,West,Surat,Beauty,Face Wash,Retail Store,Consumer,8,1549.42,0.05,11775.59,7637.01,4138.58,No,CUST-1381
ORD-101461,2024-07-10,South,Bengaluru,Electronics,Smart Watch,Retail Store,Home Office,7,7242.26,0.2,40556.66,30523.03,-9583.79,Yes,CUST-1497
ORD-101462,2024-07-10,South,Hyderabad,Electronics,Wireless Earbuds,Online,Corporate,8,7518.54,0.15,51126.07,26128.11,24997.96,No,CUST-1705
ORD-101463,2024-07-11,North,Lucknow,Home & Kitchen,Cookware Set,Online,Corporate,3,5068.06,0.15,12923.55,8626.46,4297.09,No,CUST-1296
ORD-101464,2024-07-11,South,Chennai,Apparel,Wool Sweater,Partner,Consumer,7,2156.35,0.1,13585.0,6317.63,7267.37,No,CUST-1735
ORD-101465,2024-07-11,East,Kolkata,Beauty,Vitamin C Serum,Online,Corporate,4,1071.77,0.1,3858.37,2412.56,1445.81,No,CUST-1524
ORD-101466,2024-07-12,West,Surat,Electronics,Power Bank,Online,Consumer,396,7747.97,0.3,2147737.28,1331597.11,816140.17,Yes,CUST-1510
ORD-101467,2024-07-12,North,Jaipur,Beauty,Vitamin C Serum,Online,Consumer,7,1011.14,0.15,6016.28,2774.91,3241.37,No,CUST-1241
ORD-101468,2024-07-13,South,Bengaluru,Electronics,Smart Watch,Online,Consumer,2,8848.13,0.15,15041.82,8425.07,6616.75,No,CUST-1709
ORD-101469,2024-07-13,South,Kochi,Electronics,Power Bank,Online,Consumer,8,8366.85,0.05,63588.06,47037.73,16550.33,No,CUST-1216
ORD-101470,2024-07-13,East,Bhubaneswar,Apparel,Cotton T-Shirt,Online,Consumer,5,3028.84,0.1,13629.78,7147.57,6482.21,No,CUST-1557
ORD-101471,2024-07-14,South,Bengaluru,Electronics,Smart Watch,Online,Consumer,7,5500.51,0.2,30802.86,21209.27,9593.59,No,CUST-1745
ORD-101472,2024-07-14,South,Chennai,Home & Kitchen,Chef Knife,Online,Corporate,5,3382.49,0.25,12684.34,8270.68,4413.66,No,CUST-1104
ORD-101473,2024-07-14,South,Bengaluru,Electronics,Smart Watch,Retail Store,Corporate,2,7313.82,0.25,10970.73,5529.43,5441.3,No,CUST-1360
ORD-101474,2024-07-15,South,Kochi,Electronics,Power Bank,Partner,Home Office,8,11991.19,0.15,81540.09,56651.08,24889.01,No,CUST-1609
ORD-101475,2024-07-16,South,Bengaluru,Home & Kitchen,Chef Knife,Retail Store,Corporate,1,6910.8,0.25,5183.1,3242.48,1940.62,No,CUST-1246
ORD-101476,2024-07-16,South,Kochi,Electronics,Wireless Earbuds,Online,Consumer,7,6430.91,0.0,45016.37,21921.55,23094.82,No,CUST-1025
ORD-101477,2024-07-16,East,Bhubaneswar,Home & Kitchen,Chef Knife,Retail Store,Corporate,2,5911.94,0.0,11823.88,9025.08,2798.8,No,CUST-1368
ORD-101478,2024-07-16,East,Bhubaneswar,Beauty,Vitamin C Serum,Online,Consumer,7,1416.6,,9916.2,6072.16,3844.04,No,CUST-1447
ORD-101479,2024-07-16,South,Kochi,Electronics,Power Bank,Retail Store,Consumer,4,5122.0,0.15,17414.8,12118.55,5296.25,No,CUST-1828
ORD-101480,2024-07-17,East,Patna,Beauty,Face Wash,Online,Home Office,2,1589.63,0.2,2543.41,1327.26,1216.15,No,CUST-1726
ORD-101481,2024-07-18,West,Mumbai,Electronics,Wireless Earbuds,Online,Home Office,2,7060.58,0.0,14121.16,6993.79,7127.37,No,CUST-1162
ORD-101482,2024-07-19,North,Delhi,Apparel,Rain Jacket,Retail Store,Consumer,3,2395.19,0.0,7185.57,4991.32,2194.25,No,CUST-1249
ORD-101483,2024-07-19,South,Bengaluru,Electronics,Smart Watch,Online,Corporate,8,7371.47,0.1,53074.58,35685.33,17389.25,No,CUST-1166
ORD-101484,2024-07-19,North,Chandigarh,Beauty,Vitamin C Serum,Retail Store,Consumer,7,1530.19,0.3,7497.93,4052.3,3445.63,No,CUST-1819
ORD-101485,2024-07-19,East,Bhubaneswar,Home & Kitchen,Cookware Set,Retail Store,Home Office,6,4514.83,0.0,27088.98,18861.34,8227.64,No,CUST-1318
ORD-101486,2024-07-19,North,Delhi,Apparel,Cotton T-Shirt,Online,Corporate,6,1527.21,0.25,6872.44,4237.87,2634.57,No,CUST-1802
ORD-101487,2024-07-21,East,Kolkata,Sports,Dumbbell Set,Online,Consumer,4,3555.48,0.0,14221.92,8035.91,6186.01,No,CUST-1054
ORD-101488,2024-07-21,North,Chandigarh,Apparel,Rain Jacket,Retail Store,Corporate,8,1346.52,0.0,10772.16,7644.73,3127.43,No,CUST-1502
ORD-101489,2024-07-21,South,Hyderabad,Sports,Dumbbell Set,Retail Store,Consumer,3,3100.78,,7906.99,5167.52,2739.47,No,CUST-1067
ORD-101490,2024-07-21,West,Pune,Home & Kitchen,Chef Knife,Retail Store,Consumer,8,6833.97,0.2,43737.41,27003.41,-9668.08,Yes,CUST-1499
ORD-101491,2024-07-21,South,Kochi,Sports,Running Shoes,Online,Corporate,4,3745.1,0.25,11235.3,7922.29,3313.01,No,CUST-1009
ORD-101492,2024-07-22,West,Surat,Sports,Dumbbell Set,Retail Store,Corporate,3,4084.36,0.0,12253.08,7716.91,-4863.04,Yes,CUST-1140
ORD-101493,2024-07-22,West,Surat,Sports,Cricket Bat,Online,Consumer,4,3776.55,0.0,15106.2,11476.43,3629.77,No,CUST-1131
ORD-101494,2024-07-24,West,Pune,Electronics,Wireless Earbuds,Online,Corporate,6,11242.76,,60710.9,43709.32,17001.58,No,CUST-1638
ORD-101495,2024-07-24,North,Lucknow,Beauty,Sunscreen SPF50,Retail Store,Consumer,6,1066.2,0.15,5437.62,3089.67,2347.95,No,CUST-1576
ORD-101496,2024-07-24,East,Bhubaneswar,Beauty,Face Wash,Online,Consumer,7,1332.19,,9325.33,5627.12,3698.21,No,CUST-1502
ORD-101497,2024-07-25,North,Chandigarh,Home & Kitchen,Air Fryer,Online,Corporate,1,4902.54,0.15,4167.16,3191.71,975.45,No,CUST-1176
ORD-101498,2024-07-25,South,Chennai,Electronics,Bluetooth Speaker,Online,Consumer,2,8899.46,0.0,17798.92,13267.63,4531.29,No,CUST-1239
ORD-101499,2024-07-26,West,Surat,Sports,Cricket Bat,Retail Store,Consumer,7,3281.37,0.3,16078.71,8249.85,7828.86,No,CUST-1340
ORD-101500,2024-07-26,East,Bhubaneswar,Electronics,4K Monitor,Partner,Home Office,8,10135.46,,81083.68,43827.37,37256.31,No,CUST-1880
ORD-101501,2024-07-27,South,Bengaluru,Apparel,Rain Jacket,Partner,Corporate,2,2165.56,0.15,3681.45,2099.38,1582.07,No,CUST-1635
ORD-101502,2024-07-27,South,Kochi,Apparel,Rain Jacket,Online,Consumer,8,3211.47,0.1,23122.58,17118.81,6003.77,No,CUST-1028
ORD-101503,2024-07-27,East,Kolkata,Electronics,Power Bank,Online,Consumer,3,8318.36,0.0,24955.08,18867.23,6087.85,No,CUST-1028
ORD-101504,2024-07-28,East,Bhubaneswar,Home & Kitchen,Air Fryer,Retail Store,Home Office,8,5393.17,0.15,36673.56,26213.24,10460.32,No,CUST-1312
ORD-101505,2024-07-28,South,Hyderabad,Electronics,4K Monitor,Online,Corporate,8,8239.1,0.0,65912.8,35657.76,30255.04,No,CUST-1188
ORD-101506,2024-07-28,West,Ahmedabad,Home & Kitchen,Chef Knife,Online,Consumer,6,5746.14,0.1,31029.16,23046.33,7982.83,No,CUST-1366
ORD-101507,2024-07-29,North,Delhi,Beauty,Vitamin C Serum,Online,Consumer,2,1323.3,0.15,2249.61,1036.73,1212.88,No,CUST-1896
ORD-101508,2024-07-30,North,Jaipur,Apparel,Rain Jacket,Online,Consumer,7,2343.1,0.0,16401.7,9669.21,6732.49,No,CUST-1176
ORD-101509,2024-07-30,East,Patna,Home & Kitchen,Espresso Machine,Retail Store,Consumer,1,4597.46,0.0,4597.46,2641.78,1955.68,No,CUST-1537
ORD-101510,2024-07-30,West,Mumbai,Electronics,4K Monitor,Online,Consumer,3,6823.9,0.0,20471.7,12828.16,7643.54,No,CUST-1434
ORD-101511,2024-07-30,North,Chandigarh,Beauty,Hair Oil,Online,Consumer,6,773.3,0.3,3247.86,2062.43,1185.43,No,CUST-1593
ORD-101512,2024-07-30,North,Lucknow,Sports,Running Shoes,Retail Store,Corporate,1,3951.33,0.0,3951.33,2072.01,-1536.98,Yes,CUST-1492
ORD-101513,2024-07-31,North,Lucknow,Electronics,Smart Watch,Retail Store,Home Office,4,5367.83,0.3,15029.92,7778.03,7251.89,No,CUST-1464
ORD-101514,2024-07-31,West,Ahmedabad,Home & Kitchen,Air Fryer,Online,Consumer,7,5180.68,0.1,32638.28,23342.15,9296.13,No,CUST-1248
ORD-101515,2024-08-01,North,Jaipur,Apparel,Denim Jeans,Online,Consumer,1,2532.08,0.3,1772.46,842.18,930.28,No,CUST-1869
ORD-101516,2024-08-01,South,Hyderabad,Apparel,Denim Jeans,Partner,Consumer,3,2625.82,0.25,5908.1,3620.39,2287.71,No,CUST-1240
ORD-101517,2024-08-01,West,Pune,Home & Kitchen,Chef Knife,Retail Store,Consumer,1,2992.29,0.0,2992.29,1535.77,1456.52,No,CUST-1129
ORD-101518,2024-08-01,North,Chandigarh,Apparel,Denim Jeans,Retail Store,Consumer,6,2172.45,0.15,11079.5,6154.19,4925.31,No,CUST-1086
ORD-101519,2024-08-01,South,Hyderabad,Home & Kitchen,Espresso Machine,Retail Store,Home Office,1,5407.13,0.2,4325.7,2342.4,1983.3,No,CUST-1060
ORD-101520,2024-08-01,South,Hyderabad,Electronics,Power Bank,Partner,Consumer,3,6730.17,0.0,20190.51,13806.52,6383.99,No,CUST-1317
ORD-101521,2024-08-01,East,Kolkata,Apparel,Cotton T-Shirt,Online,Corporate,5,2874.35,0.15,12215.99,7335.54,4880.45,No,CUST-1734
ORD-101522,2024-08-01,South,,Beauty,Sunscreen SPF50,Online,Consumer,2,908.81,0.1,1635.86,897.79,738.07,No,CUST-1139
ORD-101523,2024-08-02,South,Hyderabad,Electronics,Smart Watch,Online,Consumer,2,3656.33,0.0,7312.66,5296.9,2015.76,No,CUST-1003
ORD-101524,2024-08-02,North,Lucknow,Home & Kitchen,Air Fryer,Retail Store,Corporate,7,5790.79,0.25,30401.65,14541.49,15860.16,No,CUST-1476
ORD-101525,2024-08-02,East,Bhubaneswar,Electronics,Power Bank,Online,Home Office,7,5872.78,0.0,41109.46,28895.8,12213.66,No,CUST-1505
ORD-101526,2024-08-03,East,Patna,Beauty,Face Wash,Online,Consumer,1,680.65,0.25,510.49,271.55,238.94,No,CUST-1507
ORD-101527,2024-08-03,North,Lucknow,Home & Kitchen,Cookware Set,Online,Home Office,7,4745.67,0.0,33219.69,25012.64,8207.05,No,CUST-1001
ORD-101528,2024-08-03,South,Kochi,Apparel,Denim Jeans,Retail Store,Consumer,4,2822.31,0.1,10160.32,4590.78,-4966.06,Yes,CUST-1182
ORD-101529,2024-08-03,West,Ahmedabad,Electronics,Wireless Earbuds,Retail Store,Corporate,2,4812.12,0.05,9143.03,5793.93,3349.1,No,CUST-1313
ORD-101530,2024-08-04,North,Chandigarh,Apparel,Cotton T-Shirt,Online,Consumer,8,3363.59,0.3,18836.1,12344.19,6491.91,No,CUST-1665
ORD-101531,2024-08-04,North,Delhi,Sports,Cricket Bat,Online,Consumer,3,2459.87,0.3,5165.73,3308.7,1857.03,No,CUST-1585
ORD-101532,2024-08-04,South,Chennai,Apparel,Rain Jacket,Retail Store,Corporate,3,2265.08,0.2,5436.19,3908.38,1527.81,No,CUST-1733
ORD-101533,2024-08-05,North,Jaipur,Apparel,Rain Jacket,Online,Corporate,2,1626.7,0.25,2440.05,1188.34,1251.71,No,CUST-1492
ORD-101534,2024-08-05,North,Lucknow,Beauty,Hair Oil,Retail Store,Corporate,8,1121.82,0.2,7179.65,4215.41,2964.24,No,CUST-1363
ORD-101535,2024-08-06,South,Hyderabad,Apparel,Wool Sweater,Online,Consumer,3,2158.23,0.0,6474.69,4759.11,1715.58,No,CUST-1503
ORD-101536,2024-08-07,North,Jaipur,Apparel,Wool Sweater,Partner,Corporate,5,1495.25,0.3,5233.38,3889.88,1343.5,No,CUST-1346
ORD-101537,2024-08-08,South,Bengaluru,Apparel,Cotton T-Shirt,Online,Consumer,2,3607.3,0.1,6493.14,3989.73,2503.41,No,CUST-1141
ORD-101538,2024-08-09,East,,Electronics,Smart Watch,Retail Store,Consumer,8,5947.05,0.05,45197.58,28661.1,16536.48,No,CUST-1518
ORD-101539,2024-08-10,South,Chennai,Home & Kitchen,Chef Knife,Online,Consumer,7,4391.18,0.0,30738.26,21581.02,9157.24,No,CUST-1265
ORD-101540,2024-08-10,North,Delhi,Beauty,Sunscreen SPF50,Online,Consumer,5,1350.0,0.2,5400.0,3819.27,1580.73,No,CUST-1237
ORD-101541,2024-08-11,West,Pune,Sports,Dumbbell Set,Retail Store,Consumer,3,4226.65,0.0,12679.95,9422.05,3257.9,No,CUST-1639
ORD-101542,2024-08-12,North,Lucknow,Beauty,Vitamin C Serum,Online,Corporate,6,1389.01,,7083.95,5160.47,1923.48,No,CUST-1059
ORD-101543,2024-08-13,East,Kolkata,Apparel,Cotton T-Shirt,Retail Store,Consumer,4,1638.26,0.0,6553.04,3845.06,2707.98,No,CUST-1020
ORD-101544,2024-08-13,South,Chennai,Electronics,Bluetooth Speaker,Online,Consumer,8,6995.58,0.15,47569.94,31606.35,15963.59,No,CUST-1320
ORD-101545,2024-08-13,East,Bhubaneswar,Home & Kitchen,Cookware Set,Online,Consumer,6,2890.74,0.15,14742.77,8985.24,5757.53,No,CUST-1535
ORD-101546,2024-08-14,North,Delhi,Sports,Dumbbell Set,Retail Store,Corporate,1,3623.23,0.1,3260.91,1594.35,1666.56,No,CUST-1755
ORD-101547,2024-08-15,North,Delhi,Home & Kitchen,Chef Knife,Online,Consumer,7,3158.93,0.15,18795.63,13554.56,5241.07,No,CUST-1465
ORD-101548,2024-08-15,South,Kochi,Apparel,Cotton T-Shirt,Partner,Consumer,2,1834.77,0.3,2568.68,1666.0,902.68,No,CUST-1232
ORD-101549,2024-08-15,North,Chandigarh,Home & Kitchen,Espresso Machine,Online,Corporate,3,4932.04,0.25,11097.09,5206.11,5890.98,No,CUST-1309
ORD-101550,2024-08-15,North,Delhi,Beauty,Hair Oil,Online,Home Office,328,1223.79,0.05,381332.96,236426.44,144906.52,Yes,CUST-1340
ORD-101551,2024-08-15,East,Kolkata,Sports,Cricket Bat,Retail Store,Home Office,2,2852.3,0.25,4278.45,2325.01,1953.44,No,CUST-1301
ORD-101552,2024-08-15,West,Pune,Beauty,Face Wash,Online,Consumer,8,1487.68,0.3,8331.01,3939.38,4391.63,No,CUST-1601
ORD-101553,2024-08-16,North,Chandigarh,Apparel,Wool Sweater,Online,Home Office,8,2585.34,0.0,20682.72,13447.37,7235.35,No,CUST-1719
ORD-101554,2024-08-16,West,Ahmedabad,Electronics,Bluetooth Speaker,Online,Consumer,2,7641.73,0.05,14519.29,10041.96,4477.33,No,CUST-1637
ORD-101555,2024-08-16,East,Kolkata,Apparel,Wool Sweater,Online,Home Office,3,1627.73,0.2,3906.55,2424.81,1481.74,No,CUST-1343
ORD-101556,2024-08-17,West,Ahmedabad,Apparel,Denim Jeans,Retail Store,Consumer,3,3065.88,0.1,8277.88,3740.48,4537.4,No,CUST-1258
ORD-101557,2024-08-17,East,Patna,Sports,Cricket Bat,Online,Consumer,6,2493.92,0.0,14963.52,9582.21,5381.31,No,CUST-1071
ORD-101558,2024-08-17,East,Kolkata,Apparel,Denim Jeans,Online,Consumer,5,3085.66,0.1,13885.47,6278.75,7606.72,No,CUST-1718
ORD-101559,2024-08-18,South,Bengaluru,Apparel,Denim Jeans,Online,Corporate,6,3226.01,0.05,18388.26,13896.28,4491.98,No,CUST-1865
ORD-101560,2024-08-18,East,Patna,Apparel,Rain Jacket,Online,,1,2484.95,0.2,1987.96,1069.94,918.02,No,CUST-1049
ORD-101561,2024-08-18,West,Ahmedabad,Home & Kitchen,Air Fryer,Online,Consumer,5,6068.38,,27307.71,20137.58,7170.13,No,CUST-1117
ORD-101562,2024-08-18,North,Lucknow,Apparel,Cotton T-Shirt,Online,Consumer,2,718.76,0.0,1437.52,652.63,784.89,No,CUST-1193
ORD-101563,2024-08-18,North,Jaipur,Electronics,4K Monitor,Retail Store,Home Office,2,6415.11,0.0,12830.22,6185.21,6645.01,No,CUST-1717
ORD-101564,2024-08-18,North,Jaipur,Beauty,Sunscreen SPF50,Retail Store,Consumer,7,1388.22,,9717.54,5820.46,3897.08,No,CUST-1194
ORD-101565,2024-08-18,West,Mumbai,Apparel,Wool Sweater,Online,Corporate,2,2689.55,0.0,5379.1,3767.2,1611.9,No,CUST-1012
ORD-101566,2024-08-19,South,Bengaluru,Apparel,Denim Jeans,Online,Consumer,1,1635.52,0.25,1226.64,933.53,293.11,No,CUST-1302
ORD-101567,2024-08-19,East,Guwahati,Electronics,4K Monitor,Online,Home Office,4,6273.77,0.0,25095.08,15608.17,9486.91,No,CUST-1327
ORD-101568,2024-08-19,West,Mumbai,Home & Kitchen,Cookware Set,Online,Consumer,6,2188.5,0.15,11161.35,6331.86,4829.49,No,CUST-1355
ORD-101569,2024-08-19,West,Surat,Home & Kitchen,Espresso Machine,Online,Consumer,5,5402.16,0.0,27010.8,12552.0,14458.8,No,CUST-1463
ORD-101570,2024-08-20,North,Chandigarh,Beauty,Face Wash,Partner,Consumer,2,655.03,0.05,1244.56,799.78,444.78,No,CUST-1217
ORD-101571,2024-08-21,East,Patna,Electronics,Smart Watch,Retail Store,Consumer,7,8380.94,0.3,41066.61,23630.32,17436.29,No,CUST-1026
ORD-101572,2024-08-21,West,Ahmedabad,Sports,Cricket Bat,Online,Corporate,4,3826.92,0.15,13011.53,9758.83,3252.7,No,CUST-1096
ORD-101573,2024-08-22,North,Jaipur,Home & Kitchen,Espresso Machine,Online,Corporate,6,4438.38,0.0,26630.28,16202.38,10427.9,No,CUST-1660
ORD-101574,2024-08-22,East,Bhubaneswar,Electronics,Power Bank,Retail Store,Consumer,2,7485.19,0.2,11976.3,8414.52,3561.78,No,CUST-1593
ORD-101575,2024-08-22,South,Bengaluru,Electronics,4K Monitor,Partner,Consumer,8,6395.45,0.1,46047.24,33610.32,12436.92,No,CUST-1234
ORD-101576,2024-08-22,East,Patna,Electronics,4K Monitor,Online,Consumer,3,7074.85,0.0,21224.55,10239.39,10985.16,No,CUST-1846
ORD-101577,2024-08-22,South,Hyderabad,Beauty,Hair Oil,Retail Store,Consumer,8,837.13,0.3,4687.93,2791.57,1896.36,No,CUST-1487
ORD-101578,2024-08-23,North,Delhi,Electronics,Bluetooth Speaker,Online,Home Office,4,7639.86,0.3,21391.61,15935.18,5456.43,No,CUST-1717
ORD-101579,2024-08-24,North,Chandigarh,Apparel,Wool Sweater,Retail Store,Corporate,6,1431.38,0.15,7300.04,4307.54,2992.5,No,CUST-1713
ORD-101580,2024-08-24,North,Chandigarh,Home & Kitchen,Chef Knife,Online,Consumer,5,2964.01,,14820.05,9432.98,5387.07,No,CUST-1270
ORD-101581,2024-08-24,North,Delhi,Beauty,Hair Oil,Retail Store,Consumer,1,1090.45,0.05,1035.93,764.65,271.28,No,CUST-1532
ORD-101582,2024-08-24,East,Kolkata,Home & Kitchen,Espresso Machine,Online,Corporate,1,4732.41,0.1,4259.17,2243.54,2015.63,No,CUST-1533
ORD-101583,2024-08-25,South,Kochi,Beauty,Face Wash,Online,Corporate,4,1188.03,0.3,3326.48,2478.93,847.55,No,CUST-1410
ORD-101584,2024-08-25,North,Jaipur,Electronics,Smart Watch,Retail Store,Home Office,2,5765.26,0.2,9224.42,5359.57,-3821.59,Yes,CUST-1571
ORD-101585,2024-08-26,East,Bhubaneswar,Beauty,Vitamin C Serum,Retail Store,Consumer,5,1586.41,,7932.05,5121.73,2810.32,No,CUST-1302
ORD-101586,2024-08-26,East,Kolkata,Electronics,Smart Watch,Retail Store,Consumer,2,6966.41,0.1,12539.54,7000.24,5539.3,No,CUST-1088
ORD-101587,2024-08-27,South,Hyderabad,Electronics,4K Monitor,Online,Consumer,5,7074.59,0.0,35372.95,22070.93,13302.02,No,CUST-1040
ORD-101588,2024-08-27,West,,Sports,Dumbbell Set,Retail Store,Corporate,2,3177.07,0.1,5718.73,2666.44,-2267.36,Yes,CUST-1402
ORD-101589,2024-08-27,South,Chennai,Electronics,Wireless Earbuds,Online,Consumer,2,8217.42,0.1,14791.36,6974.66,7816.7,No,CUST-1821
ORD-101590,2024-08-28,West,Ahmedabad,Electronics,Wireless Earbuds,Retail Store,Corporate,3,7586.45,0.1,20483.42,12020.87,8462.55,No,CUST-1192
ORD-101591,2024-08-28,North,Jaipur,Home & Kitchen,Air Fryer,Online,Consumer,5,5453.93,0.05,25906.17,14521.29,11384.88,No,CUST-1532
ORD-101592,2024-08-28,East,Bhubaneswar,Apparel,Denim Jeans,Online,Corporate,4,2608.68,0.05,9912.98,6475.27,3437.71,No,CUST-1147
ORD-101593,2024-08-28,West,Mumbai,Electronics,Wireless Earbuds,Online,Consumer,3,4032.42,0.25,9072.94,4196.33,4876.61,No,CUST-1568
ORD-101594,2024-08-29,West,Pune,Home & Kitchen,Air Fryer,Partner,Corporate,3,3018.13,0.1,8148.95,4117.91,4031.04,No,CUST-1165
ORD-101595,2024-08-30,South,Kochi,Beauty,Sunscreen SPF50,Retail Store,Consumer,3,1104.35,0.0,3313.05,1720.02,1593.03,No,CUST-1396
ORD-101596,2024-08-30,East,,Beauty,Vitamin C Serum,Online,Corporate,4,1074.48,0.2,3438.34,2047.06,1391.28,No,CUST-1727
ORD-101597,2024-08-30,South,Bengaluru,Electronics,Smart Watch,Retail Store,Consumer,7,7600.99,0.15,45225.89,24035.55,21190.34,No,CUST-1335
ORD-101598,2024-08-31,East,Patna,Home & Kitchen,Cookware Set,Online,Corporate,5,4998.33,0.2,19993.32,9905.26,10088.06,No,CUST-1840
ORD-101599,2024-09-01,East,Patna,Beauty,Face Wash,Online,Corporate,4,1078.95,0.2,3452.64,2234.55,1218.09,No,CUST-1041
ORD-101600,2024-09-01,West,Ahmedabad,Electronics,4K Monitor,Online,Consumer,6,4167.06,0.0,25002.36,17388.59,7613.77,No,CUST-1075
ORD-101601,2024-09-01,South,Kochi,Electronics,Bluetooth Speaker,Retail Store,Consumer,5,5727.39,0.3,20045.86,13553.78,6492.08,No,CUST-1152
ORD-101602,2024-09-02,North,Lucknow,Electronics,Wireless Earbuds,Partner,Consumer,8,4047.87,0.3,22668.07,12266.59,10401.48,No,CUST-1219
ORD-101603,2024-09-02,South,Hyderabad,Apparel,Wool Sweater,Partner,Consumer,5,2077.22,0.0,10386.1,7602.28,2783.82,No,CUST-1382
ORD-101604,2024-09-03,North,Chandigarh,Electronics,4K Monitor,Online,Corporate,2,3370.36,0.0,6740.72,4394.28,2346.44,No,CUST-1822
ORD-101605,2024-09-03,North,Delhi,Home & Kitchen,Air Fryer,Online,Consumer,5,4565.14,0.0,22825.7,14901.53,7924.17,No,CUST-1217
ORD-101606,2024-09-03,North,Chandigarh,Sports,Running Shoes,Retail Store,Consumer,7,1759.24,0.3,8620.28,4484.61,4135.67,No,CUST-1321
ORD-101607,2024-09-04,East,Guwahati,Electronics,Wireless Earbuds,Online,Consumer,2,5261.85,0.3,7366.59,3903.78,3462.81,No,CUST-1039
ORD-101608,2024-09-04,North,Lucknow,Home & Kitchen,Espresso Machine,Retail Store,Consumer,201,5077.6,0.0,1020597.6,632770.51,387827.09,No,CUST-1643
ORD-101609,2024-09-04,North,Jaipur,Electronics,Power Bank,Partner,Consumer,5,6036.23,0.15,25653.98,13557.64,12096.34,No,CUST-1491
ORD-101610,2024-09-04,North,Lucknow,Electronics,Wireless Earbuds,Online,Corporate,8,3668.0,0.0,29344.0,19867.81,9476.19,No,CUST-1040
ORD-101611,2024-09-05,West,Ahmedabad,Beauty,Hair Oil,Online,Consumer,3,816.65,0.0,2449.95,1351.94,1098.01,No,CUST-1417
ORD-101612,2024-09-05,East,Bhubaneswar,Apparel,Denim Jeans,Retail Store,Home Office,5,1283.93,0.0,6419.65,3210.67,3208.98,No,CUST-1196
ORD-101613,2024-09-06,North,Lucknow,Sports,Dumbbell Set,Retail Store,Corporate,6,1632.06,0.0,9792.36,4896.5,4895.86,No,CUST-1379
ORD-101614,2024-09-07,North,Jaipur,Apparel,Cotton T-Shirt,Partner,Consumer,6,1967.47,0.25,8853.62,4355.85,4497.77,No,CUST-1255
ORD-101615,2024-09-07,South,Chennai,Electronics,4K Monitor,Retail Store,Corporate,2,6463.76,0.25,9695.64,5770.05,-4804.19,Yes,CUST-1705
ORD-101616,2024-09-07,North,Jaipur,Apparel,Denim Jeans,Online,Consumer,4,2104.43,,8417.72,3796.42,4621.3,No,CUST-1051
ORD-101617,2024-09-07,South,Kochi,Electronics,4K Monitor,Retail Store,Consumer,8,6519.53,0.15,44332.8,27884.57,16448.23,No,CUST-1539
ORD-101618,2024-09-07,South,Kochi,Beauty,Vitamin C Serum,Retail Store,Consumer,8,957.04,0.0,7656.32,4199.03,3457.29,No,CUST-1713
ORD-101619,2024-09-09,West,Mumbai,Home & Kitchen,Cookware Set,Partner,Corporate,7,3994.53,0.15,23767.45,15028.59,-9731.49,Yes,CUST-1001
ORD-101620,2024-09-09,North,Jaipur,Apparel,Denim Jeans,Online,Consumer,1,1466.54,0.3,1026.58,778.86,247.72,No,CUST-1813
ORD-101621,2024-09-10,East,Guwahati,Apparel,Wool Sweater,Online,Consumer,4,1734.17,0.25,5202.51,3833.14,1369.37,No,CUST-1685
ORD-101622,2024-09-10,North,Chandigarh,Home & Kitchen,Cookware Set,Online,Consumer,1,3016.17,0.25,2262.13,1448.27,813.86,No,CUST-1251
ORD-101623,2024-09-10,West,Mumbai,Beauty,Hair Oil,Online,Consumer,3,781.79,0.0,2345.37,1378.99,966.38,No,CUST-1434
ORD-101624,2024-09-10,West,Ahmedabad,Electronics,Wireless Earbuds,Partner,Consumer,7,5875.85,0.0,41130.95,27987.95,13143.0,No,CUST-1612
ORD-101625,2024-09-11,East,Bhubaneswar,Electronics,Power Bank,Partner,Consumer,4,5614.67,0.0,22458.68,16948.13,5510.55,No,CUST-1465
ORD-101626,2024-09-11,South,Bengaluru,Electronics,Wireless Earbuds,Online,Consumer,2,9652.04,0.0,19304.08,11805.42,7498.66,No,CUST-1680
ORD-101627,2024-09-12,North,Delhi,Apparel,Denim Jeans,Partner,Corporate,6,1352.94,0.15,6899.99,3331.12,3568.87,No,CUST-1800
ORD-101628,2024-09-12,East,Bhubaneswar,Apparel,Cotton T-Shirt,Online,Consumer,7,1869.41,0.15,11122.99,7817.34,-2373.98,Yes,CUST-1322
ORD-101629,2024-09-13,East,Guwahati,Electronics,Wireless Earbuds,Retail Store,Consumer,6,3961.28,0.25,17825.76,8083.24,-1891.47,Yes,CUST-1098
ORD-101630,2024-09-13,North,Lucknow,Apparel,Rain Jacket,Retail Store,Consumer,7,1758.91,0.0,12312.37,8647.36,3665.01,No,CUST-1388
ORD-101631,2024-09-13,South,Kochi,Apparel,Cotton T-Shirt,Retail Store,Home Office,6,1776.42,0.0,10658.52,5095.01,5563.51,No,CUST-1539
ORD-101632,2024-09-14,South,Kochi,Electronics,Bluetooth Speaker,Retail Store,Corporate,6,6843.44,0.2,32848.51,15937.55,-16005.98,Yes,CUST-1697
ORD-101633,2024-09-14,West,Ahmedabad,Sports,Cricket Bat,Retail Store,Consumer,8,2352.73,,15057.47,10660.14,4397.33,No,CUST-1253
ORD-101634,2024-09-14,East,Patna,Home & Kitchen,Chef Knife,Retail Store,Corporate,3,4081.48,0.05,11632.22,7881.32,3750.9,No,CUST-1835
ORD-101635,2024-09-15,East,Kolkata,Apparel,Rain Jacket,Online,Corporate,4,1742.36,0.0,6969.44,4428.58,2540.86,No,CUST-1033
ORD-101636,2024-09-15,East,Guwahati,Apparel,Denim Jeans,Retail Store,Corporate,5,1331.57,0.1,5992.06,4319.04,1673.02,No,CUST-1522
ORD-101637,2024-09-15,North,Delhi,Apparel,Denim Jeans,Online,Corporate,6,1649.01,0.0,9894.06,7232.08,2661.98,No,CUST-1393
ORD-101638,2024-09-16,South,Hyderabad,Beauty,Hair Oil,Online,Corporate,4,881.87,0.1,3174.73,1907.95,1266.78,No,CUST-1625
ORD-101639,2024-09-16,North,Chandigarh,Home & Kitchen,Cookware Set,Retail Store,Corporate,4,4333.63,0.3,12134.16,9449.82,2684.34,No,CUST-1255
ORD-101640,2024-09-17,East,Guwahati,Apparel,Rain Jacket,Retail Store,Consumer,2,2163.02,0.0,4326.04,2457.2,1868.84,No,CUST-1838
ORD-101641,2024-09-17,South,Chennai,Sports,Yoga Mat,Partner,Consumer,6,2479.58,0.0,14877.48,7536.9,7340.58,No,CUST-1001
ORD-101642,2024-09-17,South,Hyderabad,Beauty,Hair Oil,Online,Consumer,1,909.96,0.2,727.97,530.82,197.15,No,CUST-1734
ORD-101643,2024-09-17,North,Delhi,Beauty,Sunscreen SPF50,Online,Consumer,4,598.78,0.0,2395.12,1406.27,-925.54,Yes,CUST-1443
ORD-101644,2024-09-17,North,Chandigarh,Electronics,Smart Watch,Online,Home Office,4,6468.96,0.3,18113.09,13378.05,4735.04,No,CUST-1464
ORD-101645,2024-09-18,South,Hyderabad,Electronics,4K Monitor,Retail Store,Corporate,7,4897.9,0.2,27428.24,12896.34,14531.9,No,CUST-1280
ORD-101646,2024-09-18,North,Delhi,Home & Kitchen,Chef Knife,Partner,Corporate,4,4971.09,0.05,18890.14,9192.83,9697.31,No,CUST-1352
ORD-101647,2024-09-19,North,Delhi,Apparel,Denim Jeans,Retail Store,Corporate,1,2486.91,0.05,2362.56,1094.55,1268.01,No,CUST-1390
ORD-101648,2024-09-20,East,Guwahati,Home & Kitchen,Air Fryer,Online,Home Office,5,4094.21,0.05,19447.5,12614.89,-8266.02,Yes,CUST-1279
ORD-101649,2024-09-20,South,Hyderabad,Beauty,Vitamin C Serum,Retail Store,Corporate,2,747.38,0.05,1420.02,1028.83,391.19,No,CUST-1010
ORD-101650,2024-09-22,South,Chennai,Electronics,Power Bank,Online,Consumer,4,5766.86,0.25,17300.58,10084.13,7216.45,No,CUST-1360
ORD-101651,2024-09-22,South,Chennai,Electronics,Bluetooth Speaker,Partner,Consumer,3,6233.19,0.25,14024.68,6730.86,7293.82,No,CUST-1361
ORD-101652,2024-09-24,East,Bhubaneswar,Apparel,Rain Jacket,Online,Consumer,2,1796.05,0.0,3592.1,2059.15,1532.95,No,CUST-1649
ORD-101653,2024-09-25,North,Delhi,Electronics,Smart Watch,Online,Consumer,8,5072.41,0.0,40579.28,22921.42,17657.86,No,CUST-1423
ORD-101654,2024-09-25,East,Bhubaneswar,Home & Kitchen,Espresso Machine,Retail Store,Consumer,3,4805.03,0.1,12973.58,8593.0,4380.58,No,CUST-1494
ORD-101655,2024-09-27,West,Mumbai,Beauty,Hair Oil,Retail Store,Consumer,5,1071.18,0.15,4552.52,3028.38,1524.14,No,CUST-1419
ORD-101656,2024-09-27,East,Kolkata,Apparel,Denim Jeans,Online,Consumer,7,1784.17,0.2,9991.35,4835.79,5155.56,No,CUST-1381
ORD-101657,2024-09-27,South,Bengaluru,Home & Kitchen,Espresso Machine,Online,Consumer,3,2720.73,0.0,8162.19,4804.74,3357.45,No,CUST-1645
ORD-101658,2024-09-27,East,Guwahati,Apparel,Wool Sweater,Retail Store,Home Office,8,2125.91,0.1,15306.55,10133.39,5173.16,No,CUST-1608
ORD-101659,2024-09-28,South,Bengaluru,Home & Kitchen,Cookware Set,Partner,Consumer,4,3556.31,0.0,14225.24,7616.54,6608.7,No,CUST-1892
ORD-101660,2024-09-28,South,Kochi,Electronics,Wireless Earbuds,Retail Store,Corporate,8,6071.14,,43712.21,25542.64,18169.57,No,CUST-1447
ORD-101661,2024-09-28,South,,Home & Kitchen,Cookware Set,Online,Consumer,4,4422.33,0.2,14151.46,9234.1,4917.36,No,CUST-1025
ORD-101662,2024-09-29,North,Lucknow,Home & Kitchen,Cookware Set,Retail Store,Home Office,1,2501.78,0.0,2501.78,1458.41,1043.37,No,CUST-1526
ORD-101663,2024-09-29,North,Lucknow,Electronics,Smart Watch,Online,Corporate,7,5904.11,0.0,41328.77,19018.84,22309.93,No,CUST-1356
ORD-101664,2024-09-30,South,,Home & Kitchen,Chef Knife,Online,Home Office,7,4766.86,0.1,30031.22,15720.24,14310.98,No,CUST-1086
ORD-101665,2024-09-30,North,Lucknow,Beauty,Hair Oil,Online,Consumer,8,1102.65,,6615.9,4671.53,1944.37,No,CUST-1771
ORD-101666,2024-09-30,South,Bengaluru,Electronics,4K Monitor,Online,Corporate,1,5953.37,0.15,5060.36,2692.14,2368.22,No,CUST-1569
ORD-101667,2024-09-30,South,Chennai,Home & Kitchen,Air Fryer,Online,Consumer,7,2420.69,0.3,11861.38,8538.35,3323.03,No,CUST-1563
ORD-101668,2024-09-30,West,Ahmedabad,Sports,Running Shoes,Online,Consumer,3,3364.15,0.0,10092.45,6096.64,3995.81,No,CUST-1572
ORD-101669,2024-09-30,North,Chandigarh,Beauty,Vitamin C Serum,Online,Corporate,7,1055.24,0.25,5540.01,3357.6,-2311.83,Yes,CUST-1885
ORD-101670,2024-09-30,East,Kolkata,Apparel,Rain Jacket,Retail Store,Consumer,8,1423.33,0.0,11386.64,8019.27,3367.37,No,CUST-1619
ORD-101671,2024-10-01,South,Hyderabad,Home & Kitchen,Espresso Machine,Online,Consumer,2,2923.9,0.0,5847.8,3371.18,2476.62,No,CUST-1642
ORD-101672,2024-10-01,North,Lucknow,Sports,Cricket Bat,Online,Corporate,3,2278.4,0.05,6493.44,3433.07,3060.37,No,CUST-1675
ORD-101673,2024-10-01,North,Lucknow,Home & Kitchen,Air Fryer,Online,Consumer,3,4067.16,0.0,12201.48,5913.58,6287.9,No,CUST-1651
ORD-101674,2024-10-02,North,Jaipur,Electronics,Wireless Earbuds,Retail Store,Corporate,3,4279.59,0.3,8987.14,6036.93,2950.21,No,CUST-1633
ORD-101675,2024-10-02,North,Delhi,Electronics,Bluetooth Speaker,Retail Store,Consumer,5,5665.91,0.3,19830.68,11999.17,7831.51,No,CUST-1068
ORD-101676,2024-10-03,North,Jaipur,Beauty,Face Wash,Online,Consumer,4,484.05,0.15,1645.77,1180.19,465.58,No,CUST-1362
ORD-101677,2024-10-04,South,Chennai,Apparel,Cotton T-Shirt,Retail Store,Consumer,6,1232.19,0.1,6653.83,3999.17,-2623.63,Yes,CUST-1247
ORD-101678,2024-10-04,South,Chennai,Electronics,Smart Watch,Retail Store,Consumer,6,2618.63,0.2,12569.42,7376.84,5192.58,No,CUST-1801
ORD-101679,2024-10-05,North,Jaipur,Apparel,Wool Sweater,Retail Store,Corporate,2,1283.64,0.2,2053.82,1126.77,927.05,No,CUST-1525
ORD-101680,2024-10-05,North,Jaipur,Beauty,Hair Oil,Online,Corporate,1,1065.21,0.1,958.69,494.5,464.19,No,CUST-1464
ORD-101681,2024-10-06,North,Delhi,Apparel,Cotton T-Shirt,Online,Consumer,6,2324.26,0.25,10459.17,7572.9,2886.27,No,CUST-1470
ORD-101682,2024-10-06,South,Chennai,Beauty,Vitamin C Serum,Online,Consumer,2,841.4,0.0,1682.8,810.13,872.67,No,CUST-1614
ORD-101683,2024-10-07,North,Jaipur,Home & Kitchen,Air Fryer,Online,Corporate,2,3046.14,0.0,6092.28,4555.21,-2440.51,Yes,CUST-1686
ORD-101684,2024-10-08,South,Bengaluru,Sports,Dumbbell Set,Online,Consumer,5,2066.5,0.0,10332.5,4741.38,5591.12,No,CUST-1181
ORD-101685,2024-10-08,North,Lucknow,Beauty,Face Wash,Partner,Consumer,3,883.86,0.0,2651.58,1650.19,1001.39,No,CUST-1894
ORD-101686,2024-10-09,North,Chandigarh,Electronics,4K Monitor,Online,Consumer,2,3151.98,0.0,6303.96,2958.12,3345.84,No,CUST-1685
ORD-101687,2024-10-09,West,Surat,Home & Kitchen,Air Fryer,Online,Corporate,3,3099.59,0.15,7903.95,5590.23,2313.72,No,CUST-1186
ORD-101688,2024-10-09,North,Chandigarh,Electronics,Bluetooth Speaker,Partner,Consumer,5,6322.32,0.25,23708.7,12323.64,11385.06,No,CUST-1545
ORD-101689,2024-10-09,North,Delhi,Sports,Cricket Bat,Retail Store,Consumer,7,1674.03,0.15,9960.48,6342.38,3618.1,No,CUST-1385
ORD-101690,2024-10-10,North,Lucknow,Electronics,Power Bank,Online,Home Office,8,4014.85,0.1,28906.92,21750.35,7156.57,No,CUST-1339
ORD-101691,2024-10-10,West,Pune,Home & Kitchen,Chef Knife,Partner,Home Office,6,3558.88,0.0,21353.28,14184.03,7169.25,No,CUST-1780
ORD-101692,2024-10-10,East,Bhubaneswar,Beauty,Hair Oil,Online,Corporate,8,851.35,0.0,6810.8,3465.65,3345.15,No,CUST-1257
ORD-101693,2024-10-12,East,Guwahati,Electronics,Power Bank,Online,Corporate,5,4148.06,0.15,17629.26,12567.96,-8317.19,Yes,CUST-1754
ORD-101694,2024-10-12,West,Pune,Beauty,Vitamin C Serum,Online,Home Office,4,815.26,,3261.04,1942.56,1318.48,No,CUST-1573
ORD-101695,2024-10-13,North,Jaipur,Electronics,4K Monitor,Online,Corporate,7,5454.38,0.25,28635.5,13010.49,15625.01,No,CUST-1735
ORD-101696,2024-10-13,West,Pune,Apparel,Denim Jeans,Retail Store,Corporate,3,2296.03,0.05,6543.69,3995.79,2547.9,No,CUST-1670
ORD-101697,2024-10-13,North,Chandigarh,Apparel,Rain Jacket,Online,Consumer,7,1559.62,0.05,10371.47,7447.96,2923.51,No,CUST-1558
ORD-101698,2024-10-14,East,Bhubaneswar,Apparel,Denim Jeans,Retail Store,Consumer,8,1589.86,0.0,12718.88,7528.13,-5922.48,Yes,CUST-1171
ORD-101699,2024-10-15,South,Bengaluru,Home & Kitchen,Cookware Set,Online,Corporate,4,4747.31,0.0,18989.24,13297.81,5691.43,No,CUST-1893
ORD-101700,2024-10-15,South,Bengaluru,Sports,Cricket Bat,Partner,Corporate,6,1915.01,0.0,11490.06,7845.68,3644.38,No,CUST-1578
ORD-101701,2024-10-16,West,Surat,Apparel,Denim Jeans,Online,Consumer,7,1137.54,0.2,6370.22,3827.11,2543.11,No,CUST-1322
ORD-101702,2024-10-16,North,Chandigarh,Home & Kitchen,Air Fryer,Partner,Corporate,7,3750.75,0.1,23629.72,13154.27,10475.45,No,CUST-1230
ORD-101703,2024-10-16,West,Surat,Beauty,Face Wash,Online,Corporate,2,992.97,0.25,1489.46,1027.37,462.09,No,CUST-1104
ORD-101704,2024-10-16,South,Hyderabad,Beauty,Face Wash,Retail Store,Consumer,8,866.8,0.15,5894.24,3369.99,2524.25,No,CUST-1284
ORD-101705,2024-10-16,East,Bhubaneswar,Electronics,4K Monitor,Retail Store,Corporate,5,4716.03,0.3,16506.1,8354.21,8151.89,No,CUST-1119
ORD-101706,2024-10-18,West,Surat,Sports,Cricket Bat,Retail Store,Consumer,1,1485.57,0.25,1114.18,619.36,494.82,No,CUST-1799
ORD-101707,2024-10-18,North,Chandigarh,Electronics,Power Bank,Online,Corporate,1,4758.56,0.0,4758.56,3518.27,1240.29,No,CUST-1392
ORD-101708,2024-10-18,West,Pune,Home & Kitchen,Espresso Machine,Retail Store,Home Office,6,4523.96,0.0,27143.76,14753.13,12390.63,No,CUST-1563
ORD-101709,2024-10-18,South,Hyderabad,Home & Kitchen,Espresso Machine,Retail Store,Corporate,4,2592.81,0.3,7259.87,3829.85,3430.02,No,CUST-1724
ORD-101710,2024-10-18,East,Kolkata,Beauty,Vitamin C Serum,Online,Corporate,1,760.53,0.0,760.53,375.72,-191.42,Yes,CUST-1865
ORD-101711,2024-10-18,North,Jaipur,Electronics,Bluetooth Speaker,Retail Store,Corporate,5,4412.44,0.2,17649.76,8263.77,9385.99,No,CUST-1407
ORD-101712,2024-10-19,South,Hyderabad,Electronics,Wireless Earbuds,Partner,Consumer,5,4083.91,,17356.62,13404.66,3951.96,No,CUST-1047
ORD-101713,2024-10-19,East,Kolkata,Beauty,Hair Oil,Partner,Corporate,1,848.07,0.2,678.46,425.49,252.97,No,CUST-1550
ORD-101714,2024-10-20,South,Hyderabad,Electronics,Smart Watch,Online,Consumer,3,5296.69,0.0,15890.07,10976.59,-1785.8,Yes,CUST-1852
ORD-101715,2024-10-20,North,Chandigarh,Apparel,Denim Jeans,Online,Consumer,4,1762.15,0.0,7048.6,4969.84,2078.76,No,CUST-1322
ORD-101716,2024-10-20,North,Jaipur,Home & Kitchen,Espresso Machine,Online,Consumer,7,2797.5,0.1,17624.25,9979.99,-2035.12,Yes,CUST-1092
ORD-101717,2024-10-20,West,Mumbai,Home & Kitchen,Cookware Set,Retail Store,Consumer,6,2273.3,0.0,13639.8,9733.89,3905.91,No,CUST-1643
ORD-101718,2024-10-20,North,Chandigarh,Electronics,Bluetooth Speaker,Partner,Consumer,1,5107.97,0.0,5107.97,3919.29,1188.68,No,CUST-1558
ORD-101719,2024-10-21,East,Patna,Apparel,Wool Sweater,Online,Consumer,5,1430.8,0.1,6438.6,4473.42,1965.18,No,CUST-1137
ORD-101720,2024-10-21,West,Ahmedabad,Sports,Yoga Mat,Online,Consumer,8,3069.18,0.0,24553.44,16815.96,7737.48,No,CUST-1003
ORD-101721,2024-10-21,North,Jaipur,Apparel,Rain Jacket,Online,Consumer,1,2278.24,0.0,2278.24,1350.17,928.07,No,CUST-1468
ORD-101722,2024-10-23,North,Chandigarh,Electronics,Wireless Earbuds,Online,Consumer,8,6948.72,0.3,38912.83,28314.36,10598.47,No,CUST-1133
ORD-101723,2024-10-23,East,Guwahati,Electronics,Smart Watch,Partner,Consumer,1,3833.55,0.0,3833.55,1837.48,1996.07,No,CUST-1166
ORD-101724,2024-10-23,North,Jaipur,Apparel,Cotton T-Shirt,Retail Store,Home Office,5,1813.16,0.3,6346.06,4425.71,1920.35,No,CUST-1278
ORD-101725,2024-10-23,South,Chennai,Sports,Dumbbell Set,Online,Consumer,3,2606.23,0.3,5473.08,3116.69,2356.39,No,CUST-1421
ORD-101726,2024-10-23,East,Kolkata,Apparel,Rain Jacket,Online,Corporate,6,1880.77,0.2,9027.7,5748.58,3279.12,No,CUST-1736
ORD-101727,2024-10-24,South,Kochi,Electronics,Power Bank,Online,Consumer,7,4459.27,0.0,31214.89,23245.04,7969.85,No,CUST-1387
ORD-101728,2024-10-24,South,Hyderabad,Apparel,Denim Jeans,Retail Store,Corporate,7,2066.13,0.0,14462.91,9395.92,5066.99,No,CUST-1752
ORD-101729,2024-10-25,East,Kolkata,Electronics,4K Monitor,Retail Store,Corporate,7,4838.44,0.3,23708.36,10868.91,12839.45,No,CUST-1544
ORD-101730,2024-10-25,South,Kochi,Electronics,Smart Watch,Online,Home Office,7,4975.1,0.0,34825.7,23976.09,10849.61,No,CUST-1353
ORD-101731,2024-10-25,North,Delhi,Sports,Yoga Mat,Online,Corporate,3,1448.61,0.1,3911.25,2959.17,952.08,No,CUST-1458
ORD-101732,2024-10-25,South,Hyderabad,Home & Kitchen,Chef Knife,Partner,Corporate,4,4079.38,0.15,13869.89,9179.98,4689.91,No,CUST-1127
ORD-101733,2024-10-26,West,Mumbai,Electronics,Wireless Earbuds,Retail Store,Consumer,6,4563.76,,20536.92,15079.62,5457.3,No,CUST-1878
ORD-101734,2024-10-27,East,Guwahati,Apparel,Denim Jeans,Online,Consumer,2,1779.0,0.3,2490.6,1799.08,-694.02,Yes,CUST-1271
ORD-101735,2024-10-28,South,Hyderabad,Electronics,Bluetooth Speaker,Online,Consumer,5,5093.19,,25465.95,18697.77,6768.18,No,CUST-1810
ORD-101736,2024-10-28,North,Lucknow,Electronics,4K Monitor,Partner,Home Office,5,5036.29,0.1,22663.3,12771.97,9891.33,No,CUST-1580
ORD-101737,2024-10-28,North,Lucknow,Home & Kitchen,Chef Knife,Retail Store,Corporate,8,3539.59,0.15,24069.21,14597.35,9471.86,No,CUST-1264
ORD-101738,2024-10-28,North,Lucknow,Apparel,Denim Jeans,Partner,Consumer,1,1894.51,,1326.16,967.9,358.26,No,CUST-1438
ORD-101739,2024-10-29,North,Delhi,Beauty,Face Wash,Online,Corporate,1,772.31,0.15,656.46,492.63,163.83,No,CUST-1109
ORD-101740,2024-10-30,West,Mumbai,Sports,Yoga Mat,Online,Consumer,1,1490.61,0.0,1490.61,743.01,747.6,No,CUST-1554
ORD-101741,2024-10-30,North,Lucknow,Electronics,Bluetooth Speaker,Online,Corporate,5,5454.22,0.3,19089.77,9733.98,9355.79,No,CUST-1058
ORD-101742,2024-10-30,East,Patna,Sports,Yoga Mat,Retail Store,Consumer,5,1802.9,0.1,8113.05,4579.44,-3521.0,Yes,CUST-1575
ORD-101743,2024-10-31,North,Jaipur,Apparel,Rain Jacket,Retail Store,Consumer,5,1145.45,0.0,5727.25,4033.12,1694.13,No,CUST-1178
ORD-101744,2024-10-31,North,Delhi,Electronics,4K Monitor,Online,Corporate,2,3759.15,0.0,7518.3,5554.1,1964.2,No,CUST-1115
ORD-101745,2024-10-31,South,Hyderabad,Beauty,Vitamin C Serum,Partner,Consumer,3,858.83,0.0,2576.49,1652.76,-1131.19,Yes,CUST-1199
ORD-101746,2024-11-01,North,Delhi,Electronics,Smart Watch,Partner,Corporate,4,5622.65,0.2,17992.48,8769.15,9223.33,No,CUST-1080
ORD-101747,2024-11-01,East,Kolkata,Home & Kitchen,Air Fryer,Online,Corporate,1,2251.05,0.3,1575.74,867.03,708.71,No,CUST-1799
ORD-101748,2024-11-01,West,Surat,Home & Kitchen,Espresso Machine,Retail Store,Consumer,7,3883.48,0.05,25825.14,18925.12,6900.02,No,CUST-1842
ORD-101749,2024-11-01,West,Pune,Electronics,4K Monitor,Retail Store,Consumer,1,7225.88,0.0,7225.88,4080.4,3145.48,No,CUST-1832
ORD-101750,2024-11-01,North,Delhi,Beauty,Vitamin C Serum,Online,Consumer,6,862.94,0.25,3883.23,1879.2,2004.03,No,CUST-1646
ORD-101751,2024-11-02,East,Bhubaneswar,Electronics,Bluetooth Speaker,Retail Store,Consumer,4,5540.03,0.15,18836.1,10353.88,8482.22,No,CUST-1207
ORD-101752,2024-11-02,North,Jaipur,Beauty,Face Wash,Online,Home Office,8,1178.29,0.15,8012.37,5738.56,2273.81,No,CUST-1682
ORD-101753,2024-11-02,West,Ahmedabad,Electronics,Wireless Earbuds,Partner,Consumer,6,6757.72,0.0,40546.32,24848.74,15697.58,No,CUST-1682
ORD-101754,2024-11-02,South,Kochi,Electronics,4K Monitor,Retail Store,Consumer,4,7045.15,0.3,19726.42,9993.78,9732.64,No,CUST-1212
ORD-101755,2024-11-02,North,Delhi,Apparel,Cotton T-Shirt,Partner,Consumer,6,747.98,0.0,4487.88,2482.55,2005.33,No,CUST-1752
ORD-101756,2024-11-03,North,Chandigarh,Beauty,Hair Oil,Retail Store,Consumer,1,1324.75,0.15,1126.04,861.06,264.98,No,CUST-1897
ORD-101757,2024-11-03,North,Lucknow,Electronics,4K Monitor,Online,Consumer,2,6560.72,0.15,11153.22,6608.8,4544.42,No,CUST-1339
ORD-101758,2024-11-03,North,Jaipur,Beauty,Hair Oil,Online,Corporate,4,1478.81,0.1,5323.72,3171.49,2152.23,No,CUST-1529
ORD-101759,2024-11-03,West,Surat,Electronics,4K Monitor,Retail Store,Consumer,7,4766.03,0.1,30025.99,15028.4,14997.59,No,CUST-1784
ORD-101760,2024-11-04,East,Guwahati,Apparel,Rain Jacket,Online,Corporate,7,1174.67,0.05,7811.56,4300.29,3511.27,No,CUST-1236
ORD-101761,2024-11-04,West,Pune,Apparel,Cotton T-Shirt,Retail Store,Consumer,4,1922.63,0.15,6536.94,4699.06,-1711.08,Yes,CUST-1889
ORD-101762,2024-11-04,North,,Electronics,Power Bank,Online,Consumer,3,5410.74,0.05,15420.61,10940.08,4480.53,No,CUST-1272
ORD-101763,2024-11-04,South,Hyderabad,Sports,Dumbbell Set,Online,Consumer,8,2980.75,0.1,21461.4,12741.95,8719.45,No,CUST-1871
ORD-101764,2024-11-04,North,Lucknow,Apparel,Denim Jeans,Online,Consumer,5,2374.69,0.2,9498.76,7075.68,2423.08,No,CUST-1210
ORD-101765,2024-11-04,South,Kochi,Home & Kitchen,Chef Knife,Retail Store,Consumer,1,4171.59,0.2,3337.27,1920.55,1416.72,No,CUST-1667
ORD-101766,2024-11-05,North,Chandigarh,Home & Kitchen,Cookware Set,Online,Corporate,2,4028.69,0.0,8057.38,5924.02,2133.36,No,CUST-1472
ORD-101767,2024-11-05,North,Delhi,Apparel,Rain Jacket,Retail Store,Home Office,7,2142.42,0.3,10497.86,4833.39,-2316.3,Yes,CUST-1334
ORD-101768,2024-11-05,South,Chennai,Home & Kitchen,Espresso Machine,Online,Consumer,8,4015.38,0.0,32123.04,18136.22,13986.82,No,CUST-1395
ORD-101769,2024-11-05,North,Lucknow,Sports,Yoga Mat,Retail Store,Consumer,8,2413.44,0.0,19307.52,14136.44,5171.08,No,CUST-1204
ORD-101770,2024-11-05,South,Hyderabad,Home & Kitchen,Cookware Set,Retail Store,Corporate,1,5228.0,0.05,4966.6,3712.2,1254.4,No,CUST-1604
ORD-101771,2024-11-07,East,Guwahati,Apparel,Wool Sweater,Online,Consumer,7,2455.6,0.0,17189.2,12025.91,5163.29,No,CUST-1893
ORD-101772,2024-11-07,North,Jaipur,Home & Kitchen,Espresso Machine,Online,Corporate,1,5273.58,0.05,5009.9,3361.92,-1516.2,Yes,CUST-1527
ORD-101773,2024-11-07,West,Surat,Home & Kitchen,Espresso Machine,Online,Consumer,7,4101.2,0.0,28708.4,20644.69,8063.71,No,CUST-1248
ORD-101774,2024-11-07,South,Bengaluru,Apparel,Cotton T-Shirt,Online,Corporate,8,1018.09,0.05,7737.48,5288.52,2448.96,No,CUST-1602
ORD-101775,2024-11-08,East,Kolkata,Home & Kitchen,Chef Knife,Retail Store,Consumer,3,4121.31,0.2,9891.14,5280.81,4610.33,No,CUST-1394
ORD-101776,2024-11-08,East,Patna,Apparel,Rain Jacket,Online,Consumer,2,1603.4,0.25,2405.1,1452.34,-1041.45,Yes,CUST-1829
ORD-101777,2024-11-08,East,Guwahati,Beauty,Sunscreen SPF50,Retail Store,Corporate,6,934.83,0.05,5328.53,3559.63,1768.9,No,CUST-1237
ORD-101778,2024-11-09,East,Patna,Sports,Yoga Mat,Retail Store,Consumer,1,2226.68,0.0,2226.68,1433.93,792.75,No,CUST-1466
ORD-101779,2024-11-09,West,Ahmedabad,Sports,Yoga Mat,Online,Corporate,5,2600.88,0.2,10403.52,7720.27,2683.25,No,CUST-1446
ORD-101780,2024-11-09,East,Patna,Beauty,Vitamin C Serum,Retail Store,Corporate,3,742.64,0.0,2227.92,1350.94,876.98,No,CUST-1797
ORD-101781,2024-11-10,North,Chandigarh,Home & Kitchen,Air Fryer,Retail Store,Consumer,4,3062.85,0.1,11026.26,5609.45,5416.81,No,CUST-1099
ORD-101782,2024-11-10,North,Lucknow,Beauty,Hair Oil,Online,Consumer,7,1222.14,0.0,8554.98,4455.54,4099.44,No,CUST-1555
ORD-101783,2024-11-10,East,Patna,Electronics,Wireless Earbuds,Retail Store,Consumer,8,4546.53,0.15,30916.4,22544.2,8372.2,No,CUST-1728
ORD-101784,2024-11-10,North,Delhi,Apparel,Cotton T-Shirt,Partner,Consumer,4,1926.93,0.0,7707.72,3490.66,4217.06,No,CUST-1325
ORD-101785,2024-11-11,North,Lucknow,Electronics,Smart Watch,Online,Corporate,3,6995.34,0.25,15739.52,11597.08,4142.44,No,CUST-1454
ORD-101786,2024-11-11,North,Chandigarh,Electronics,4K Monitor,Online,Corporate,7,6945.32,0.0,48617.24,22769.6,25847.64,No,CUST-1265
ORD-101787,2024-11-12,South,Bengaluru,Sports,Cricket Bat,Retail Store,Consumer,4,3073.69,0.1,11065.28,6409.53,4655.75,No,CUST-1377
ORD-101788,2024-11-12,North,Delhi,Beauty,Sunscreen SPF50,Online,Corporate,2,1028.25,0.15,1748.02,1248.19,499.83,No,CUST-1855
ORD-101789,2024-11-12,East,Guwahati,Apparel,Cotton T-Shirt,Retail Store,Corporate,8,2235.5,0.1,16095.6,9408.09,-5707.47,Yes,CUST-1326
ORD-101790,2024-11-12,East,Kolkata,Electronics,Wireless Earbuds,Retail Store,Corporate,8,7533.84,0.1,54243.65,39130.01,15113.64,No,CUST-1181
ORD-101791,2024-11-13,West,Pune,Home & Kitchen,Espresso Machine,Retail Store,Consumer,3,4670.71,0.0,14012.13,6769.24,7242.89,No,CUST-1521
ORD-101792,2024-11-13,North,Lucknow,Apparel,Denim Jeans,Online,Consumer,2,1149.5,0.2,1839.2,1138.11,701.09,No,CUST-1422
ORD-101793,2024-11-13,South,Chennai,Beauty,Vitamin C Serum,Online,Consumer,2,852.62,0.1,1534.72,985.62,549.1,No,CUST-1701
ORD-101794,2024-11-14,South,Bengaluru,Sports,Cricket Bat,Retail Store,Corporate,5,3020.44,0.0,15102.2,11235.83,3866.37,No,CUST-1032
ORD-101795,2024-11-14,South,Chennai,Apparel,Rain Jacket,Online,Corporate,3,1663.94,0.0,4991.82,2400.54,2591.28,No,CUST-1812
ORD-101796,2024-11-14,East,Kolkata,Electronics,Smart Watch,Online,Corporate,5,7855.92,0.05,37315.62,20961.61,16354.01,No,CUST-1631
ORD-101797,2024-11-15,North,Lucknow,Electronics,Bluetooth Speaker,Online,Consumer,7,5712.07,0.25,29988.37,20019.78,9968.59,No,CUST-1757
ORD-101798,2024-11-15,West,Mumbai,Electronics,Smart Watch,Online,Corporate,1,5902.18,0.3,4131.53,3195.23,936.3,No,CUST-1366
ORD-101799,2024-11-15,North,Lucknow,Apparel,Wool Sweater,Online,Corporate,7,2409.42,0.05,16022.64,11695.41,4327.23,No,CUST-1400
ORD-101800,2024-11-16,West,Pune,Electronics,Power Bank,Online,Consumer,1,5562.27,0.05,5284.16,3853.97,-823.92,Yes,CUST-1301
ORD-101801,2024-11-16,South,Bengaluru,Electronics,Wireless Earbuds,Retail Store,Consumer,1,6021.13,0.0,6021.13,3737.14,2283.99,No,CUST-1750
ORD-101802,2024-11-16,North,Chandigarh,Electronics,Power Bank,Retail Store,Consumer,6,6944.03,0.1,37497.76,23856.78,-9182.96,Yes,CUST-1063
ORD-101803,2024-11-16,East,Guwahati,Electronics,Wireless Earbuds,Partner,Consumer,5,3920.18,0.0,19600.9,14373.96,5226.94,No,CUST-1475
ORD-101804,2024-11-17,North,Lucknow,Home & Kitchen,Air Fryer,Retail Store,Consumer,8,4011.68,0.25,24070.08,17739.08,6331.0,No,CUST-1233
ORD-101805,2024-11-17,East,Bhubaneswar,Electronics,Power Bank,Online,Consumer,5,6858.13,0.1,30861.59,22058.34,8803.25,No,CUST-1574
ORD-101806,2024-11-18,South,Kochi,Beauty,Vitamin C Serum,Online,Consumer,4,980.79,0.0,3923.16,2825.18,1097.98,No,CUST-1867
ORD-101807,2024-11-18,North,Jaipur,Electronics,Power Bank,Retail Store,Corporate,6,7674.95,,32234.79,23862.7,8372.09,No,CUST-1607
ORD-101808,2024-11-18,North,Delhi,Electronics,Smart Watch,Online,Corporate,7,3791.04,0.25,19902.96,9703.65,10199.31,No,CUST-1039
ORD-101809,2024-11-19,East,Kolkata,Electronics,Power Bank,Online,Corporate,6,3645.99,0.0,21875.94,11956.75,9919.19,No,CUST-1359
ORD-101810,2024-11-20,North,Jaipur,Home & Kitchen,Air Fryer,Online,Home Office,3,5010.0,0.0,15030.0,11604.93,3425.07,No,CUST-1028
ORD-101811,2024-11-21,West,Pune,Electronics,Wireless Earbuds,Retail Store,Consumer,8,6911.61,0.0,55292.88,34822.14,20470.74,No,CUST-1437
ORD-101812,2024-11-22,East,Patna,Apparel,Wool Sweater,Online,Corporate,3,1853.27,0.05,5281.82,2684.4,2597.42,No,CUST-1156
ORD-101813,2024-11-22,East,Guwahati,Electronics,Smart Watch,Online,Consumer,3,6319.21,0.05,18009.75,11094.16,6915.59,No,CUST-1623
ORD-101814,2024-11-22,North,Lucknow,Sports,Cricket Bat,Online,Corporate,3,3058.48,,6881.58,4563.24,2318.34,No,CUST-1480
ORD-101815,2024-11-23,East,Kolkata,Electronics,4K Monitor,Retail Store,Home Office,3,4769.32,0.3,10015.57,7244.39,2771.18,No,CUST-1277
ORD-101816,2024-11-23,West,Pune,Apparel,Cotton T-Shirt,Online,Corporate,2,1635.63,0.2,2617.01,1879.06,737.95,No,CUST-1771
ORD-101817,2024-11-24,North,Lucknow,Beauty,Hair Oil,Retail Store,Consumer,5,1008.99,0.25,3783.71,1764.15,2019.56,No,CUST-1672
ORD-101818,2024-11-24,North,Delhi,Electronics,Smart Watch,Online,Consumer,6,6968.4,0.0,41810.4,25072.16,16738.24,No,CUST-1564
ORD-101819,2024-11-25,North,Jaipur,Electronics,Power Bank,Online,Consumer,4,4322.11,0.0,17288.44,7897.15,9391.29,No,CUST-1318
ORD-101820,2024-11-25,South,Kochi,Beauty,Hair Oil,Online,Consumer,8,926.84,0.3,5190.3,3856.87,1333.43,No,CUST-1245
ORD-101821,2024-11-26,East,Bhubaneswar,Electronics,Smart Watch,Online,Consumer,4,5502.69,0.15,18709.15,9492.82,9216.33,No,CUST-1526
ORD-101822,2024-11-26,South,Kochi,Electronics,Power Bank,Online,Consumer,4,6350.89,0.0,25403.56,16670.04,8733.52,No,CUST-1711
ORD-101823,2024-11-26,South,Hyderabad,Apparel,Denim Jeans,Retail Store,Consumer,1,1935.3,0.25,1451.48,926.49,524.99,No,CUST-1753
ORD-101824,2024-11-26,North,Lucknow,Electronics,4K Monitor,Online,Home Office,8,5119.27,0.0,40954.16,26883.32,14070.84,No,CUST-1699
ORD-101825,2024-11-26,North,Lucknow,Sports,Cricket Bat,Partner,Corporate,2,3355.44,0.2,5368.7,3414.1,1954.6,No,CUST-1020
ORD-101826,2024-11-26,North,Lucknow,Home & Kitchen,Chef Knife,Online,Corporate,2,3785.99,,5678.98,3896.6,1782.38,No,CUST-1886
ORD-101827,2024-11-27,West,Mumbai,Home & Kitchen,Cookware Set,Online,Consumer,8,4020.21,0.1,28945.51,19006.09,9939.42,No,CUST-1216
ORD-101828,2024-11-27,East,Bhubaneswar,Electronics,4K Monitor,Retail Store,Consumer,5,3783.37,0.15,16079.32,7714.84,8364.48,No,CUST-1009
ORD-101829,2024-11-28,South,Bengaluru,Home & Kitchen,Chef Knife,Retail Store,Consumer,1,3622.96,0.2,2898.37,1655.07,1243.3,No,CUST-1505
ORD-101830,2024-11-28,East,Kolkata,Home & Kitchen,Cookware Set,Online,Corporate,4,4786.41,0.25,14359.23,9051.71,5307.52,No,CUST-1409
ORD-101831,2024-11-28,North,Jaipur,Electronics,4K Monitor,Online,Consumer,5,6235.37,0.15,26500.32,14769.03,11731.29,No,CUST-1095
ORD-101832,2024-11-28,North,Chandigarh,Beauty,Vitamin C Serum,Retail Store,Corporate,1,1098.97,0.0,1098.97,770.28,328.69,No,CUST-1192
ORD-101833,2024-11-29,North,Jaipur,Home & Kitchen,Cookware Set,Online,Consumer,7,4821.75,0.0,33752.25,18729.33,15022.92,No,CUST-1185
ORD-101834,2024-11-29,West,Surat,Beauty,Face Wash,Retail Store,Consumer,6,1417.31,0.05,8078.67,5844.64,-2602.71,Yes,CUST-1395
ORD-101835,2024-11-29,East,Guwahati,Electronics,Smart Watch,Retail Store,Consumer,1,4869.39,0.0,4869.39,2427.01,2442.38,No,CUST-1674
ORD-101836,2024-12-01,East,Bhubaneswar,Electronics,Smart Watch,Online,Consumer,5,3341.86,0.2,13367.44,9409.33,3958.11,No,CUST-1613
ORD-101837,2024-12-01,North,Lucknow,Home & Kitchen,Air Fryer,Retail Store,Consumer,2,2946.63,0.05,5598.6,2858.33,2740.27,No,CUST-1023
ORD-101838,2024-12-02,North,Lucknow,Beauty,Sunscreen SPF50,Online,Corporate,6,731.53,0.2,3511.34,2191.94,1319.4,No,CUST-1156
ORD-101839,2024-12-02,East,Kolkata,Apparel,Rain Jacket,Partner,Consumer,4,1360.2,0.0,5440.8,3023.85,2416.95,No,CUST-1549
ORD-101840,2024-12-02,South,Hyderabad,Electronics,Smart Watch,Partner,Consumer,2,5301.81,0.0,10603.62,7001.79,3601.83,No,CUST-1722
ORD-101841,2024-12-03,West,Mumbai,Beauty,Sunscreen SPF50,Retail Store,Consumer,5,1104.57,0.05,5246.71,2729.36,2517.35,No,CUST-1030
ORD-101842,2024-12-03,East,Bhubaneswar,Electronics,4K Monitor,Partner,Home Office,4,6956.61,0.0,27826.44,19825.93,8000.51,No,CUST-1302
ORD-101843,2024-12-03,South,Chennai,Apparel,Rain Jacket,Retail Store,Corporate,3,1924.64,0.25,4330.44,2768.38,1562.06,No,CUST-1104
ORD-101844,2024-12-04,East,Patna,Home & Kitchen,Espresso Machine,Online,Corporate,8,5644.1,0.15,38379.88,29395.16,8984.72,No,CUST-1437
ORD-101845,2024-12-05,West,Surat,Electronics,Power Bank,Online,Consumer,6,4791.35,0.25,21561.08,14766.84,6794.24,No,CUST-1351
ORD-101846,2024-12-05,South,Kochi,Electronics,4K Monitor,Online,Corporate,4,3332.27,0.25,9996.81,6502.33,3494.48,No,CUST-1156
ORD-101847,2024-12-05,East,Patna,Electronics,Wireless Earbuds,Online,Consumer,2,6405.61,0.0,12811.22,9270.49,3540.73,No,CUST-1868
ORD-101848,2024-12-05,West,Pune,Sports,Cricket Bat,Retail Store,Corporate,5,1401.26,0.25,5254.72,2745.57,2509.15,No,CUST-1686
ORD-101849,2024-12-05,North,Chandigarh,Apparel,Wool Sweater,Online,Corporate,1,1446.07,0.0,1446.07,952.68,493.39,No,CUST-1491
ORD-101850,2024-12-05,West,Mumbai,Home & Kitchen,Chef Knife,Retail Store,Consumer,8,4279.85,0.25,25679.1,14863.92,10815.18,No,CUST-1688
ORD-101851,2024-12-05,North,Chandigarh,Sports,Running Shoes,Online,Consumer,1,2301.16,0.2,1840.93,1280.28,560.65,No,CUST-1281
ORD-101852,2024-12-06,East,Kolkata,Home & Kitchen,Air Fryer,Online,Consumer,6,3680.27,0.25,16561.22,7586.28,8974.94,No,CUST-1841
ORD-101853,2024-12-06,East,Bhubaneswar,Apparel,Denim Jeans,Online,Consumer,3,1284.45,0.1,3468.02,2050.1,1417.92,No,CUST-1370
ORD-101854,2024-12-07,East,Patna,Apparel,Wool Sweater,Partner,Consumer,6,1731.37,0.0,10388.22,6908.81,3479.41,No,CUST-1347
ORD-101855,2024-12-07,South,Hyderabad,Apparel,Rain Jacket,Online,Consumer,3,2119.05,0.0,6357.15,3827.07,2530.08,No,CUST-1511
ORD-101856,2024-12-07,East,Patna,Home & Kitchen,Chef Knife,Online,Consumer,1,3861.01,0.0,3861.01,2040.66,1820.35,No,CUST-1520
ORD-101857,2024-12-08,North,Delhi,Sports,Dumbbell Set,Online,Corporate,8,1926.05,0.25,11556.3,6971.17,4585.13,No,CUST-1557
ORD-101858,2024-12-09,North,Lucknow,Beauty,Face Wash,Partner,Consumer,7,629.99,0.1,3968.94,2898.98,1069.96,No,CUST-1749
ORD-101859,2024-12-09,North,Chandigarh,Apparel,Denim Jeans,Online,Corporate,1,1427.53,0.0,1427.53,739.83,687.7,No,CUST-1241
ORD-101860,2024-12-09,South,Hyderabad,Apparel,Wool Sweater,Retail Store,Consumer,1,1887.11,0.0,1887.11,1077.85,809.26,No,CUST-1636
ORD-101861,2024-12-09,South,Kochi,Beauty,Hair Oil,Online,Consumer,5,934.39,0.0,4671.95,3629.22,1042.73,No,CUST-1177
ORD-101862,2024-12-09,North,Chandigarh,Electronics,4K Monitor,Online,Consumer,8,4295.09,0.0,34360.72,25812.79,8547.93,No,CUST-1216
ORD-101863,2024-12-10,West,Pune,Beauty,Face Wash,Retail Store,Home Office,5,446.35,0.2,1785.4,823.44,961.96,No,CUST-1445
ORD-101864,2024-12-10,South,Hyderabad,Electronics,Wireless Earbuds,Retail Store,Consumer,1,5696.74,0.3,3987.72,2492.36,1495.36,No,CUST-1471
ORD-101865,2024-12-10,South,Hyderabad,Home & Kitchen,Espresso Machine,Retail Store,Corporate,6,3089.39,0.15,15755.89,7430.26,8325.63,No,CUST-1580
ORD-101866,2024-12-10,South,Kochi,Beauty,Vitamin C Serum,Online,Corporate,4,1001.22,0.3,2803.42,2116.27,-883.93,Yes,CUST-1125
ORD-101867,2024-12-11,North,Jaipur,Apparel,Wool Sweater,Partner,Corporate,6,1449.83,0.05,8264.03,4922.96,3341.07,No,CUST-1734
ORD-101868,2024-12-11,East,Bhubaneswar,Electronics,4K Monitor,Online,Consumer,3,4084.1,0.0,12252.3,7205.38,5046.92,No,CUST-1501
ORD-101869,2024-12-11,South,Hyderabad,Beauty,Sunscreen SPF50,Partner,Consumer,1,899.15,0.2,719.32,388.48,330.84,No,CUST-1533
ORD-101870,2024-12-11,North,Delhi,Apparel,Cotton T-Shirt,Online,Consumer,1,2642.47,0.0,2642.47,1685.13,957.34,No,CUST-1672
ORD-101871,2024-12-11,West,Mumbai,Apparel,Denim Jeans,Online,Corporate,6,2027.01,0.3,8513.44,4238.41,4275.03,No,CUST-1623
ORD-101872,2024-12-12,East,Kolkata,Apparel,Denim Jeans,Online,Corporate,6,1792.68,0.25,8067.06,5757.1,2309.96,No,CUST-1385
ORD-101873,2024-12-12,East,Bhubaneswar,Apparel,Rain Jacket,Retail Store,Corporate,396,1878.23,0.0,743779.08,461143.03,282636.05,No,CUST-1435
ORD-101874,2024-12-12,West,Pune,Home & Kitchen,Chef Knife,Retail Store,Consumer,1,2370.03,0.0,2370.03,1509.55,860.48,No,CUST-1209
ORD-101875,2024-12-12,West,Surat,Electronics,Wireless Earbuds,Online,Corporate,7,3934.18,0.15,23408.37,17028.78,6379.59,No,CUST-1510
ORD-101876,2024-12-13,North,Chandigarh,Apparel,Denim Jeans,Online,Consumer,2,779.55,0.2,1247.28,637.48,609.8,No,CUST-1182
ORD-101877,2024-12-13,East,Kolkata,Sports,Cricket Bat,Online,Home Office,2,3263.72,0.0,6527.44,3314.7,3212.74,No,CUST-1571
ORD-101878,2024-12-13,East,Kolkata,Electronics,Smart Watch,Online,Corporate,4,6982.85,0.2,22345.12,13158.25,9186.87,No,CUST-1376
ORD-101879,2024-12-14,North,Jaipur,Apparel,Denim Jeans,Retail Store,Consumer,6,1893.06,0.1,10222.52,7252.08,2970.44,No,CUST-1212
ORD-101880,2024-12-14,North,Lucknow,Home & Kitchen,Chef Knife,Online,Corporate,8,3973.67,0.2,25431.49,11935.51,13495.98,No,CUST-1428
ORD-101881,2024-12-14,North,Delhi,Beauty,Sunscreen SPF50,Online,Consumer,6,574.02,0.05,3271.91,2330.93,940.98,No,CUST-1840
ORD-101882,2024-12-15,East,Kolkata,Home & Kitchen,Air Fryer,Online,Consumer,8,3673.95,0.1,26452.44,16274.86,10177.58,No,CUST-1505
ORD-101883,2024-12-15,East,Kolkata,Beauty,Sunscreen SPF50,Online,Consumer,6,1215.57,0.05,6928.75,4402.4,2526.35,No,CUST-1310
ORD-101884,2024-12-15,East,Guwahati,Electronics,Smart Watch,Partner,Consumer,7,5382.87,0.0,37680.09,23973.86,13706.23,No,CUST-1405
ORD-101885,2024-12-16,North,Lucknow,Apparel,Denim Jeans,Online,Consumer,2,1527.49,0.0,3054.98,1431.37,1623.61,No,CUST-1544
ORD-101886,2024-12-16,North,Chandigarh,Sports,Dumbbell Set,Partner,Corporate,1,1451.77,0.0,1451.77,772.96,678.81,No,CUST-1138
ORD-101887,2024-12-16,South,Chennai,Beauty,Sunscreen SPF50,Retail Store,Consumer,6,1137.26,0.25,5117.67,3578.52,1539.15,No,CUST-1504
ORD-101888,2024-12-17,South,Bengaluru,Home & Kitchen,Espresso Machine,Online,Corporate,8,3804.33,0.05,28912.91,16944.37,11968.54,No,CUST-1030
ORD-101889,2024-12-17,West,Pune,Apparel,Rain Jacket,Online,Consumer,6,1070.75,0.05,6103.28,3875.4,2227.88,No,CUST-1768
ORD-101890,2024-12-17,West,Ahmedabad,Apparel,Rain Jacket,Retail Store,Corporate,3,1390.61,0.25,3128.87,2383.59,745.28,No,CUST-1548
ORD-101891,2024-12-18,West,Pune,Electronics,Bluetooth Speaker,Retail Store,Corporate,4,3765.44,,11296.32,5255.84,6040.48,No,CUST-1102
ORD-101892,2024-12-18,West,Ahmedabad,Sports,Cricket Bat,Online,Corporate,1,2301.03,,2301.03,1376.92,924.11,No,CUST-1419
ORD-101893,2024-12-19,West,Surat,Beauty,Sunscreen SPF50,Partner,Consumer,3,913.02,0.05,2602.11,1481.17,1120.94,No,CUST-1795
ORD-101894,2024-12-19,South,Bengaluru,Apparel,Wool Sweater,Online,Home Office,6,1553.29,0.05,8853.75,4295.2,4558.55,No,CUST-1868
ORD-101895,2024-12-19,North,Jaipur,Electronics,Smart Watch,Online,Consumer,2,6136.75,0.25,9205.12,7030.52,2174.6,No,CUST-1123
ORD-101896,2024-12-19,North,Delhi,Apparel,Cotton T-Shirt,Online,Corporate,4,1777.51,0.2,5688.03,4364.32,1323.71,No,CUST-1243
ORD-101897,2024-12-20,South,Hyderabad,Electronics,4K Monitor,Retail Store,Consumer,3,6467.72,0.1,17462.84,9653.3,7809.54,No,CUST-1130
ORD-101898,2024-12-21,North,Jaipur,Home & Kitchen,Espresso Machine,Online,Consumer,4,3565.96,0.0,14263.84,10874.99,3388.85,No,CUST-1331
ORD-101899,2024-12-22,North,Jaipur,Home & Kitchen,Chef Knife,Online,Corporate,7,6463.96,0.05,42985.33,19842.34,23142.99,No,CUST-1776
ORD-101900,2024-12-23,West,Mumbai,Electronics,Bluetooth Speaker,Online,Consumer,8,4593.65,0.0,36749.2,28432.7,8316.5,No,CUST-1635
ORD-101901,2024-12-23,North,Delhi,Home & Kitchen,Cookware Set,Online,Consumer,4,3102.46,0.2,9927.87,7206.22,2721.65,No,CUST-1231
ORD-101902,2024-12-23,West,Pune,Sports,Yoga Mat,Online,Consumer,7,1837.6,0.3,9004.24,4688.77,4315.47,No,CUST-1292
ORD-101903,2024-12-24,East,Bhubaneswar,Electronics,Bluetooth Speaker,Retail Store,Consumer,6,5004.0,0.25,22518.0,14588.3,7929.7,No,CUST-1550
ORD-101904,2024-12-24,East,Kolkata,Apparel,Rain Jacket,Online,Home Office,8,1087.64,0.0,8701.12,6207.72,-3761.09,Yes,CUST-1537
ORD-101905,2024-12-24,East,Kolkata,Apparel,Rain Jacket,Partner,Corporate,6,1863.12,0.1,10060.85,5587.48,4473.37,No,CUST-1417
ORD-101906,2024-12-25,North,Jaipur,Electronics,Bluetooth Speaker,Retail Store,Consumer,5,3049.4,0.3,10672.9,6048.74,4624.16,No,CUST-1379
ORD-101907,2024-12-25,East,Bhubaneswar,Apparel,Wool Sweater,Retail Store,Corporate,6,1812.55,0.05,10331.53,6793.61,-4885.46,Yes,CUST-1840
ORD-101908,2024-12-25,North,Jaipur,Home & Kitchen,Chef Knife,Partner,Consumer,3,2723.95,0.25,6128.89,3055.5,3073.39,No,CUST-1453
ORD-101909,2024-12-25,West,Pune,Electronics,Power Bank,Online,Corporate,6,4811.94,0.15,24540.89,12000.73,12540.16,No,CUST-1703
ORD-101910,2024-12-26,North,Delhi,Electronics,Smart Watch,Online,Consumer,6,5952.08,0.1,32141.23,17113.14,15028.09,No,CUST-1863
ORD-101911,2024-12-26,North,Chandigarh,Beauty,Face Wash,Online,Consumer,5,1319.59,0.15,5608.26,3895.59,1712.67,No,CUST-1301
ORD-101912,2024-12-26,East,Patna,Apparel,Denim Jeans,Online,Consumer,1,1336.26,,1336.26,762.97,573.29,No,CUST-1700
ORD-101913,2024-12-26,East,Patna,Home & Kitchen,Espresso Machine,Online,Corporate,5,3751.06,0.05,17817.54,11001.05,6816.49,No,CUST-1732
ORD-101914,2024-12-27,South,Hyderabad,Home & Kitchen,Cookware Set,Retail Store,Corporate,6,3262.18,0.0,19573.08,10070.32,9502.76,No,CUST-1197
ORD-101915,2024-12-27,East,Bhubaneswar,Beauty,Vitamin C Serum,Retail Store,Corporate,2,708.57,0.2,1133.71,582.79,550.92,No,CUST-1203
ORD-101916,2024-12-27,North,Jaipur,Home & Kitchen,Espresso Machine,Online,Consumer,7,3270.72,0.15,19460.78,12934.59,6526.19,No,CUST-1145
ORD-101917,2024-12-28,East,Kolkata,Beauty,Vitamin C Serum,Retail Store,Corporate,7,1035.45,0.05,6885.74,3344.84,3540.9,No,CUST-1554
ORD-101918,2024-12-28,North,Jaipur,Home & Kitchen,Air Fryer,Online,Consumer,5,3465.58,0.25,12995.92,8712.3,4283.62,No,CUST-1685
ORD-101919,2024-12-28,North,Chandigarh,Apparel,Denim Jeans,Online,Corporate,8,2621.43,0.1,18874.3,10989.21,7885.09,No,CUST-1676
ORD-101920,2024-12-29,North,Chandigarh,Apparel,Rain Jacket,Online,Consumer,7,1914.43,0.3,9380.71,6299.33,3081.38,No,CUST-1348
ORD-101921,2024-12-29,North,Lucknow,Apparel,Denim Jeans,Retail Store,Corporate,4,1364.41,0.15,4638.99,2671.92,1967.07,No,CUST-1632
ORD-101922,2024-12-30,North,Lucknow,Apparel,Rain Jacket,Online,Home Office,8,1612.94,0.25,9677.64,7056.91,2620.73,No,CUST-1026
ORD-101923,2024-12-31,South,Bengaluru,Electronics,Bluetooth Speaker,Online,Consumer,8,4335.62,0.3,24279.47,11370.89,12908.58,No,CUST-1591
ORD-101924,2024-12-31,North,Delhi,Apparel,Cotton T-Shirt,Online,Corporate,1,2063.95,0.0,2063.95,1537.21,526.74,No,CUST-1426
ORD-101925,2024-12-31,North,Jaipur,Apparel,Cotton T-Shirt,Online,Consumer,8,1122.47,0.0,8979.76,4837.02,4142.74,No,CUST-1746
ORD-101926,2024-12-31,South,Kochi,Electronics,Smart Watch,Retail Store,Consumer,1,3713.03,0.25,2784.77,1292.24,-390.38,Yes,CUST-1870
ORD-101927,2024-12-31,North,Lucknow,Electronics,Smart Watch,Online,Consumer,4,4582.09,0.0,18328.36,11649.39,6678.97,No,CUST-1500
ORD-101928,2024-12-31,East,Kolkata,Beauty,Face Wash,Retail Store,Corporate,8,1010.01,0.2,6464.06,3387.41,3076.65,No,CUST-1559
ORD-101929,2025-01-01,West,Mumbai,Home & Kitchen,Air Fryer,Retail Store,Consumer,6,3960.5,0.0,23763.0,14294.32,9468.68,No,CUST-1835
ORD-101930,2025-01-01,South,Hyderabad,Beauty,Sunscreen SPF50,Online,Consumer,3,917.28,0.25,2063.88,1475.19,588.69,No,CUST-1309
ORD-101931,2025-01-01,West,Ahmedabad,Home & Kitchen,Cookware Set,Online,Corporate,6,3479.6,0.2,16702.08,11878.69,4823.39,No,CUST-1130
ORD-101932,2025-01-02,North,Lucknow,Beauty,Face Wash,Partner,Consumer,2,690.97,0.1,1243.75,806.11,437.64,No,CUST-1455
ORD-101933,2025-01-02,North,Lucknow,Beauty,Hair Oil,Online,Corporate,2,826.98,0.1,1488.56,1150.21,338.35,No,CUST-1320
ORD-101934,2025-01-03,East,Kolkata,Electronics,Bluetooth Speaker,Online,Consumer,8,3160.58,0.15,21491.94,12960.45,8531.49,No,CUST-1571
ORD-101935,2025-01-03,East,Kolkata,Sports,Cricket Bat,Retail Store,Consumer,1,1135.62,0.05,1078.84,499.5,579.34,No,CUST-1704
ORD-101936,2025-01-03,West,Ahmedabad,Electronics,4K Monitor,Retail Store,Corporate,8,4631.44,0.05,35198.94,25357.68,-6679.46,Yes,CUST-1453
ORD-101937,2025-01-03,North,Chandigarh,Home & Kitchen,Chef Knife,Retail Store,Consumer,4,2429.19,0.0,9716.76,5082.13,4634.63,No,CUST-1277
ORD-101938,2025-01-04,East,Patna,Beauty,Vitamin C Serum,Retail Store,Consumer,1,694.36,0.0,694.36,352.85,341.51,No,CUST-1508
ORD-101939,2025-01-04,South,Hyderabad,Apparel,Denim Jeans,Online,Corporate,7,1446.27,0.3,7086.72,3352.75,3733.97,No,CUST-1398
ORD-101940,2025-01-04,North,Chandigarh,Home & Kitchen,Espresso Machine,Retail Store,Home Office,1,3291.18,0.2,2632.94,1469.73,1163.21,No,CUST-1167
ORD-101941,2025-01-06,North,Jaipur,Apparel,Wool Sweater,Online,Consumer,3,1700.45,0.05,4846.28,2702.44,2143.84,No,CUST-1695
ORD-101942,2025-01-06,West,,Electronics,Power Bank,Retail Store,Home Office,2,5003.8,0.25,7505.7,4127.49,3378.21,No,CUST-1299
ORD-101943,2025-01-07,North,Lucknow,Electronics,Power Bank,Online,Corporate,7,4411.7,0.15,26249.62,16950.79,9298.83,No,CUST-1484
ORD-101944,2025-01-07,West,Surat,Electronics,Smart Watch,Online,Consumer,4,3819.47,0.15,12986.2,9064.48,3921.72,No,CUST-1817
ORD-101945,2025-01-07,East,Kolkata,Electronics,Bluetooth Speaker,Online,Consumer,6,4331.89,0.0,25991.34,19739.46,-6676.21,Yes,CUST-1168
ORD-101946,2025-01-07,East,Bhubaneswar,Home & Kitchen,Chef Knife,Retail Store,Consumer,1,2714.06,0.1,2442.65,1175.0,1267.65,No,CUST-1384
ORD-101947,2025-01-07,East,Guwahati,Apparel,Rain Jacket,Online,Consumer,6,1350.0,0.0,8100.0,4046.97,4053.03,No,CUST-1157
ORD-101948,2025-01-08,West,Pune,Apparel,Cotton T-Shirt,Retail Store,Consumer,6,2224.04,0.2,10675.39,6881.87,3793.52,No,CUST-1393
ORD-101949,2025-01-11,North,Lucknow,Home & Kitchen,Chef Knife,Online,Consumer,3,3250.55,0.0,9751.65,4704.05,5047.6,No,CUST-1271
ORD-101950,2025-01-11,North,Lucknow,Electronics,4K Monitor,Online,Consumer,8,4654.41,0.1,33511.75,19180.52,14331.23,No,CUST-1823
ORD-101951,2025-01-11,South,Bengaluru,Electronics,4K Monitor,Online,Home Office,4,3578.2,0.05,13597.16,8921.13,4676.03,No,CUST-1272
ORD-101952,2025-01-12,South,Chennai,Beauty,Hair Oil,Online,Consumer,6,864.49,0.0,5186.94,3670.17,1516.77,No,CUST-1552
ORD-101953,2025-01-12,North,Lucknow,Sports,Dumbbell Set,Retail Store,Consumer,2,2237.3,0.1,4027.14,2101.39,-880.17,Yes,CUST-1123
ORD-101954,2025-01-14,North,Lucknow,Apparel,Cotton T-Shirt,Partner,Consumer,8,1651.0,0.0,13208.0,8855.11,4352.89,No,CUST-1410
ORD-101955,2025-01-14,North,Delhi,Electronics,Bluetooth Speaker,Retail Store,Consumer,2,4438.64,0.0,8877.28,5886.85,2990.43,No,CUST-1751
ORD-101956,2025-01-14,North,Lucknow,Beauty,Hair Oil,Online,Consumer,6,867.23,0.3,3642.37,2672.31,970.06,No,CUST-1604
ORD-101957,2025-01-14,North,Jaipur,Beauty,Hair Oil,Online,Corporate,1,904.29,0.05,859.08,475.53,383.55,No,CUST-1254
ORD-101958,2025-01-15,West,Ahmedabad,Apparel,Denim Jeans,Partner,Corporate,1,1501.46,0.05,1426.39,994.95,431.44,No,CUST-1874
ORD-101959,2025-01-15,North,Delhi,Electronics,Smart Watch,Retail Store,Consumer,2,4134.02,0.0,8268.04,5772.41,-2177.11,Yes,CUST-1722
ORD-101960,2025-01-16,West,Ahmedabad,Electronics,4K Monitor,Retail Store,Corporate,8,5076.4,0.0,40611.2,21480.65,19130.55,No,CUST-1362
ORD-101961,2025-01-17,West,Ahmedabad,Home & Kitchen,Air Fryer,Online,Consumer,2,2508.4,0.05,4765.96,3121.62,1644.34,No,CUST-1876
ORD-101962,2025-01-17,North,Chandigarh,Sports,Cricket Bat,Retail Store,Corporate,8,1616.26,0.2,10344.06,6959.52,3384.54,No,CUST-1168
ORD-101963,2025-01-17,East,Patna,Home & Kitchen,Espresso Machine,Online,Consumer,5,3095.48,0.0,15477.4,8366.48,7110.92,No,CUST-1298
ORD-101964,2025-01-18,East,Patna,Apparel,Wool Sweater,Retail Store,Corporate,1,872.77,0.3,610.94,366.01,244.93,No,CUST-1837
ORD-101965,2025-01-19,East,Patna,Home & Kitchen,Cookware Set,Partner,Home Office,4,3703.67,0.0,14814.68,8797.06,6017.62,No,CUST-1873
ORD-101966,2025-01-19,North,Chandigarh,Beauty,Vitamin C Serum,Partner,Corporate,4,557.71,0.15,1896.21,1337.32,558.89,No,CUST-1740
ORD-101967,2025-01-19,North,Lucknow,Apparel,Cotton T-Shirt,Online,Consumer,3,1268.62,0.0,3805.86,1713.51,2092.35,No,CUST-1172
ORD-101968,2025-01-20,North,Chandigarh,Beauty,Hair Oil,Retail Store,Consumer,5,674.62,0.25,2529.82,1556.7,973.12,No,CUST-1196
ORD-101969,2025-01-20,East,Bhubaneswar,Apparel,Denim Jeans,Online,Corporate,7,1428.13,0.2,7997.53,4085.4,3912.13,No,CUST-1582
ORD-101970,2025-01-20,West,Ahmedabad,Apparel,Cotton T-Shirt,Online,Consumer,8,1309.05,0.25,7854.3,5211.0,2643.3,No,CUST-1050
ORD-101971,2025-01-20,East,Patna,Home & Kitchen,Espresso Machine,Retail Store,Consumer,5,3089.69,0.3,10813.92,7294.22,3519.7,No,CUST-1892
ORD-101972,2025-01-20,East,Kolkata,Apparel,Wool Sweater,Online,Consumer,8,1397.98,0.25,8387.88,5161.66,3226.22,No,CUST-1847
ORD-101973,2025-01-20,West,Ahmedabad,Sports,Running Shoes,Online,Consumer,8,1733.68,0.15,11789.02,7413.76,4375.26,No,CUST-1727
ORD-101974,2025-01-22,East,Guwahati,Apparel,Rain Jacket,Retail Store,Consumer,1,1175.97,0.25,881.98,488.59,393.39,No,CUST-1871
ORD-101975,2025-01-22,North,Lucknow,Apparel,Denim Jeans,Retail Store,Consumer,6,1754.42,0.0,10526.52,5825.34,4701.18,No,CUST-1206
ORD-101976,2025-01-22,West,Mumbai,Apparel,Denim Jeans,Retail Store,Corporate,7,761.22,0.15,4529.26,3151.86,1377.4,No,CUST-1793
ORD-101977,2025-01-23,South,Hyderabad,Home & Kitchen,Cookware Set,Online,Consumer,1,2997.07,0.3,2097.95,1035.28,1062.67,No,CUST-1231
ORD-101978,2025-01-23,North,Delhi,Apparel,Denim Jeans,Retail Store,Consumer,5,1271.63,0.05,6040.24,4255.93,1784.31,No,CUST-1109
ORD-101979,2025-01-23,South,Kochi,Home & Kitchen,Espresso Machine,Online,Consumer,8,3429.45,0.3,19204.92,12793.44,6411.48,No,CUST-1236
ORD-101980,2025-01-23,West,Surat,Apparel,Cotton T-Shirt,Online,Home Office,3,964.56,0.1,2604.31,1932.08,672.23,No,CUST-1697
ORD-101981,2025-01-24,North,Delhi,Apparel,Rain Jacket,Online,Consumer,7,1262.6,0.1,7954.38,4262.34,3692.04,No,CUST-1848
ORD-101982,2025-01-24,South,Kochi,Home & Kitchen,Espresso Machine,Retail Store,Corporate,8,3070.87,0.0,24566.96,15158.77,9408.19,No,CUST-1550
ORD-101983,2025-01-24,North,Jaipur,Electronics,4K Monitor,Online,Corporate,6,5259.23,0.0,31555.38,14605.93,16949.45,No,CUST-1220
ORD-101984,2025-01-24,North,Lucknow,Home & Kitchen,Chef Knife,Online,Corporate,6,3372.27,0.25,15175.22,11398.52,3776.7,No,CUST-1540
ORD-101985,2025-01-25,North,Chandigarh,Apparel,Cotton T-Shirt,Partner,Consumer,5,1049.88,0.2,4199.52,2825.77,1373.75,No,CUST-1458
ORD-101986,2025-01-25,East,Kolkata,Apparel,Rain Jacket,Retail Store,Corporate,4,1267.43,0.05,4816.23,3157.27,1658.96,No,CUST-1466
ORD-101987,2025-01-26,West,Mumbai,Home & Kitchen,Espresso Machine,Retail Store,Consumer,4,3756.97,0.3,10519.52,7277.27,3242.25,No,CUST-1314
ORD-101988,2025-01-26,North,Jaipur,Beauty,Face Wash,Retail Store,Consumer,5,522.49,0.0,2612.45,1420.72,1191.73,No,CUST-1124
ORD-101989,2025-01-27,North,Delhi,Beauty,Face Wash,Partner,Consumer,4,697.89,0.25,2093.67,1359.37,734.3,No,CUST-1325
ORD-101990,2025-01-27,North,Delhi,Apparel,Cotton T-Shirt,Online,Home Office,7,1417.73,0.1,8931.7,6379.95,2551.75,No,CUST-1801
ORD-101991,2025-01-28,North,Lucknow,Apparel,Rain Jacket,Online,Consumer,7,1300.22,0.15,7736.31,3711.86,4024.45,No,CUST-1367
ORD-101992,2025-01-29,South,Kochi,Home & Kitchen,Cookware Set,Retail Store,Consumer,3,5012.69,0.0,15038.07,11525.32,3512.75,No,CUST-1018
ORD-101993,2025-01-29,East,Guwahati,Home & Kitchen,Cookware Set,Partner,Corporate,5,2861.31,0.15,12160.57,9051.39,3109.18,No,CUST-1310
ORD-101994,2025-01-29,East,Kolkata,Home & Kitchen,Espresso Machine,Retail Store,Consumer,2,3459.0,0.2,5534.4,4249.29,1285.11,No,CUST-1414
ORD-101995,2025-01-29,South,Bengaluru,Home & Kitchen,Chef Knife,Online,Consumer,2,2617.33,0.3,3664.26,2626.38,1037.88,No,CUST-1539
ORD-101996,2025-01-30,South,Kochi,Beauty,Sunscreen SPF50,Partner,Corporate,3,793.51,0.05,2261.5,1237.32,1024.18,No,CUST-1577
ORD-101997,2025-01-30,North,Jaipur,Electronics,Bluetooth Speaker,Retail Store,Corporate,1,5083.78,0.0,5083.78,3263.35,1820.43,No,CUST-1382
ORD-101998,2025-01-30,North,Delhi,Home & Kitchen,Espresso Machine,Online,Corporate,7,2742.14,0.0,19194.98,9398.89,9796.09,No,CUST-1128
ORD-101999,2025-01-31,West,Pune,Electronics,Smart Watch,Partner,Consumer,2,4216.43,0.0,8432.86,5893.52,-980.64,Yes,CUST-1396
ORD-102000,2025-01-31,East,Guwahati,Apparel,Denim Jeans,Retail Store,Consumer,3,1142.58,0.0,3427.74,1716.27,1711.47,No,CUST-1002
ORD-102001,2025-02-01,West,Ahmedabad,Home & Kitchen,Chef Knife,Retail Store,Consumer,3,2791.11,0.25,6280.0,4622.41,1657.59,No,CUST-1455
ORD-102002,2025-02-01,West,Pune,Apparel,Cotton T-Shirt,Partner,Consumer,2,2069.22,0.0,4138.44,2190.82,1947.62,No,CUST-1400
ORD-102003,2025-02-02,East,Patna,Apparel,Wool Sweater,Online,Consumer,3,1479.78,0.0,4439.34,2232.7,2206.64,No,CUST-1320
ORD-102004,2025-02-02,West,Ahmedabad,Beauty,Face Wash,Retail Store,Consumer,6,395.24,0.0,2371.44,1122.64,1248.8,No,CUST-1595
ORD-102005,2025-02-02,South,Kochi,Beauty,Sunscreen SPF50,Online,Consumer,8,1170.19,0.05,8893.44,6089.79,2803.65,No,CUST-1679
ORD-102006,2025-02-03,North,Jaipur,Apparel,Rain Jacket,Retail Store,Consumer,2,1388.46,0.15,2360.38,1207.21,1153.17,No,CUST-1237
ORD-102007,2025-02-04,North,Chandigarh,Sports,Dumbbell Set,Retail Store,Consumer,2,2164.41,0.0,4328.82,2230.34,2098.48,No,CUST-1453
ORD-102008,2025-02-04,North,Jaipur,Apparel,Wool Sweater,Retail Store,Consumer,4,2295.32,0.1,8263.15,4181.15,-1044.51,Yes,CUST-1458
ORD-102009,2025-02-04,North,Chandigarh,Beauty,Sunscreen SPF50,Retail Store,Consumer,3,817.08,0.0,2451.24,1350.42,1100.82,No,CUST-1458
ORD-102010,2025-02-04,South,Hyderabad,Electronics,4K Monitor,Retail Store,Consumer,7,4879.2,0.25,25615.8,19483.37,6132.43,No,CUST-1362
ORD-102011,2025-02-04,East,Guwahati,Electronics,Smart Watch,Online,Consumer,2,3694.15,0.0,7388.3,4511.19,2877.11,No,CUST-1188
ORD-102012,2025-02-04,East,Patna,Apparel,Rain Jacket,Online,Consumer,4,1080.6,0.0,4322.4,2317.19,2005.21,No,CUST-1154
ORD-102013,2025-02-05,South,Kochi,Electronics,Smart Watch,Online,Consumer,5,4878.1,0.15,20731.92,10495.1,10236.82,No,CUST-1027
ORD-102014,2025-02-05,North,Lucknow,Apparel,Rain Jacket,Retail Store,Corporate,4,1822.82,0.25,5468.46,2494.92,2973.54,No,CUST-1046
ORD-102015,2025-02-05,East,Kolkata,Electronics,Smart Watch,Retail Store,Consumer,5,5405.49,0.05,25676.08,14646.86,11029.22,No,CUST-1728
ORD-102016,2025-02-05,South,,Home & Kitchen,Espresso Machine,Retail Store,Consumer,7,3343.18,0.0,23402.26,11380.99,12021.27,No,CUST-1062
ORD-102017,2025-02-06,North,Delhi,Electronics,Power Bank,Online,Consumer,5,5089.2,0.1,22901.4,10509.77,12391.63,No,CUST-1769
ORD-102018,2025-02-06,North,Delhi,Electronics,Smart Watch,Retail Store,Consumer,4,3019.24,0.0,12076.96,5845.05,6231.91,No,CUST-1806
ORD-102019,2025-02-06,North,Lucknow,Sports,Cricket Bat,Online,Consumer,8,2524.87,0.0,20198.96,11212.69,8986.27,No,CUST-1217
ORD-102020,2025-02-07,North,Delhi,Home & Kitchen,Cookware Set,Partner,Consumer,8,3874.26,0.3,21695.86,15139.05,6556.81,No,CUST-1398
ORD-102021,2025-02-08,East,Patna,Sports,Running Shoes,Retail Store,Consumer,8,3289.32,0.3,18420.19,8696.27,9723.92,No,CUST-1324
ORD-102022,2025-02-08,East,Guwahati,Apparel,Cotton T-Shirt,Online,Corporate,1,1692.98,0.0,1692.98,1141.0,551.98,No,CUST-1354
ORD-102023,2025-02-08,East,Guwahati,Electronics,4K Monitor,Retail Store,Corporate,7,4019.65,0.15,23916.92,15660.3,8256.62,No,CUST-1322
ORD-102024,2025-02-09,North,Delhi,Home & Kitchen,Espresso Machine,Online,Consumer,8,3701.98,0.1,26654.26,19752.32,6901.94,No,CUST-1308
ORD-102025,2025-02-09,East,Bhubaneswar,Home & Kitchen,Cookware Set,Online,Consumer,7,3474.31,0.3,17024.12,8694.49,8329.63,No,CUST-1615
ORD-102026,2025-02-09,East,Bhubaneswar,Electronics,4K Monitor,Retail Store,Home Office,6,5559.0,0.3,23347.8,16626.16,6721.64,No,CUST-1371
ORD-102027,2025-02-10,North,Jaipur,Beauty,Hair Oil,Retail Store,Consumer,3,850.76,0.05,2424.67,1783.12,641.55,No,CUST-1168
ORD-102028,2025-02-10,East,Patna,Home & Kitchen,Chef Knife,Online,Home Office,6,2707.72,0.0,16246.32,12546.05,3700.27,No,CUST-1340
ORD-102029,2025-02-10,South,Chennai,Beauty,Vitamin C Serum,Online,Corporate,5,541.57,0.0,2707.85,1941.04,766.81,No,CUST-1880
ORD-102030,2025-02-10,South,Hyderabad,Apparel,Cotton T-Shirt,Online,Consumer,7,1790.2,0.0,12531.4,6150.96,6380.44,No,CUST-1889
ORD-102031,2025-02-10,North,Jaipur,Home & Kitchen,Chef Knife,Online,Consumer,3,4888.27,0.25,10998.61,8387.02,2611.59,No,CUST-1055
ORD-102032,2025-02-10,South,Hyderabad,Electronics,Power Bank,Online,Consumer,6,5167.19,0.2,24802.51,17831.7,6970.81,No,CUST-1518
ORD-102033,2025-02-11,North,Delhi,Sports,Cricket Bat,Online,Corporate,7,2708.93,0.25,14221.88,7396.33,6825.55,No,CUST-1876
ORD-102034,2025-02-11,North,Jaipur,Apparel,Cotton T-Shirt,Partner,Consumer,7,2070.69,0.0,14494.83,7312.86,7181.97,No,CUST-1174
ORD-102035,2025-02-11,North,Chandigarh,Electronics,Bluetooth Speaker,Online,Corporate,2,5379.14,,10758.28,8165.71,2592.57,No,CUST-1061
ORD-102036,2025-02-12,West,Ahmedabad,Electronics,Wireless Earbuds,Online,Consumer,7,4171.13,0.0,29197.91,14639.26,14558.65,No,CUST-1190
ORD-102037,2025-02-12,North,Jaipur,Home & Kitchen,Air Fryer,Online,Corporate,2,3912.56,0.15,6651.35,4698.81,1952.54,No,CUST-1285
ORD-102038,2025-02-12,South,Hyderabad,Sports,Cricket Bat,Online,Corporate,8,2910.26,0.0,23282.08,13590.58,9691.5,No,CUST-1841
ORD-102039,2025-02-13,North,Chandigarh,Sports,Cricket Bat,Retail Store,Consumer,1,2568.07,0.15,2182.86,1503.68,-950.3,Yes,CUST-1225
ORD-102040,2025-02-13,West,Pune,Home & Kitchen,Espresso Machine,Online,Consumer,2,4370.95,0.3,6119.33,2939.18,-863.03,Yes,CUST-1298
ORD-102041,2025-02-13,South,Bengaluru,Sports,Running Shoes,Online,Consumer,5,2066.55,0.0,10332.75,7122.05,3210.7,No,CUST-1233
ORD-102042,2025-02-14,West,Ahmedabad,Home & Kitchen,Espresso Machine,Partner,Corporate,5,3587.17,0.2,14348.68,8880.84,5467.84,No,CUST-1352
ORD-102043,2025-02-14,North,Lucknow,Apparel,Wool Sweater,Retail Store,Corporate,6,1651.46,0.1,8917.88,6662.77,2255.11,No,CUST-1895
ORD-102044,2025-02-14,North,Lucknow,Home & Kitchen,Air Fryer,Online,Consumer,4,3713.06,0.3,10396.57,5324.83,5071.74,No,CUST-1075
ORD-102045,2025-02-14,South,Hyderabad,Electronics,Smart Watch,Online,Corporate,1,6396.44,0.0,6396.44,3109.23,3287.21,No,CUST-1412
ORD-102046,2025-02-15,South,Kochi,Electronics,Wireless Earbuds,Retail Store,Consumer,5,2461.47,0.0,12307.35,6335.24,5972.11,No,CUST-1552
ORD-102047,2025-02-15,East,Patna,Apparel,Wool Sweater,Retail Store,Consumer,5,1708.22,0.0,8541.1,4064.96,4476.14,No,CUST-1107
ORD-102048,2025-02-15,West,Ahmedabad,Electronics,Smart Watch,Partner,Corporate,5,5002.2,0.2,20008.8,15475.8,4533.0,No,CUST-1039
ORD-102049,2025-02-15,South,Bengaluru,Sports,Running Shoes,Online,Consumer,4,1608.49,0.25,4825.47,2367.1,2458.37,No,CUST-1884
ORD-102050,2025-02-16,West,Ahmedabad,Sports,Running Shoes,Retail Store,Corporate,8,2644.39,0.0,21155.12,10921.98,10233.14,No,CUST-1242
ORD-102051,2025-02-16,South,Hyderabad,Apparel,Cotton T-Shirt,Online,Consumer,7,1427.25,0.1,8991.68,6448.8,2542.88,No,CUST-1218
ORD-102052,2025-02-16,North,Jaipur,Home & Kitchen,Espresso Machine,Online,Consumer,2,3464.81,0.2,5543.7,2946.08,-2381.74,Yes,CUST-1313
ORD-102053,2025-02-17,South,Kochi,Apparel,Rain Jacket,Retail Store,Consumer,1,2389.2,0.25,1791.9,937.8,854.1,No,CUST-1065
ORD-102054,2025-02-17,North,Lucknow,Electronics,Wireless Earbuds,Retail Store,Consumer,2,6228.31,0.3,8719.63,5858.39,2861.24,No,CUST-1132
ORD-102055,2025-02-17,East,Guwahati,Apparel,Cotton T-Shirt,Online,Consumer,1,1913.66,0.2,1530.93,890.38,640.55,No,CUST-1021
ORD-102056,2025-02-17,North,Jaipur,Electronics,Wireless Earbuds,Online,Corporate,6,5524.62,0.3,23203.4,16838.9,6364.5,No,CUST-1481
ORD-102057,2025-02-17,North,Delhi,Apparel,Wool Sweater,Retail Store,Consumer,5,1637.89,0.3,5732.62,3787.13,1945.49,No,CUST-1416
ORD-102058,2025-02-17,South,Bengaluru,Electronics,Bluetooth Speaker,Online,Consumer,4,7342.12,0.3,20557.94,11206.36,9351.58,No,CUST-1246
ORD-102059,2025-02-18,North,Jaipur,Electronics,Power Bank,Online,Consumer,5,6000.0,0.05,28500.0,18448.47,10051.53,No,CUST-1826
ORD-102060,2025-02-18,North,Jaipur,Electronics,Wireless Earbuds,Online,Consumer,7,4259.65,0.05,28326.67,20846.51,7480.16,No,CUST-1274
ORD-102061,2025-02-18,East,Guwahati,Sports,Yoga Mat,Online,Consumer,7,1596.98,0.05,10619.92,6056.32,4563.6,No,CUST-1015
ORD-102062,2025-02-18,North,Delhi,Electronics,Bluetooth Speaker,Retail Store,Corporate,4,5738.64,,16068.19,11135.82,4932.37,No,CUST-1089
ORD-102063,2025-02-19,South,Chennai,Apparel,Cotton T-Shirt,Online,Corporate,5,1680.14,0.0,8400.7,4933.1,3467.6,No,CUST-1652
ORD-102064,2025-02-19,North,Chandigarh,Apparel,Rain Jacket,Online,Consumer,5,1166.48,0.2,4665.92,2935.86,1730.06,No,CUST-1479
ORD-102065,2025-02-19,North,Jaipur,Apparel,Wool Sweater,Retail Store,Consumer,8,1862.02,0.15,12661.74,8763.46,3898.28,No,CUST-1234
ORD-102066,2025-02-20,North,Chandigarh,Apparel,Denim Jeans,Online,Consumer,7,1601.12,0.0,11207.84,5267.39,5940.45,No,CUST-1222
ORD-102067,2025-02-20,East,Guwahati,Electronics,Power Bank,Retail Store,Consumer,3,5702.47,0.1,15396.67,9240.06,6156.61,No,CUST-1197
ORD-102068,2025-02-20,West,Ahmedabad,Home & Kitchen,Espresso Machine,Online,Corporate,8,4135.88,0.0,33087.04,15928.78,17158.26,No,CUST-1379
ORD-102069,2025-02-21,North,Chandigarh,Home & Kitchen,Espresso Machine,Retail Store,Consumer,4,3265.62,0.2,10449.98,7202.67,3247.31,No,CUST-1633
ORD-102070,2025-02-21,West,Surat,Home & Kitchen,Chef Knife,Retail Store,Home Office,7,4295.69,0.1,27062.85,17606.44,-6024.32,Yes,CUST-1574
ORD-102071,2025-02-21,South,Bengaluru,Home & Kitchen,Chef Knife,Retail Store,Consumer,8,3358.2,0.05,25522.32,14238.57,11283.75,No,CUST-1673
ORD-102072,2025-02-22,East,Patna,Apparel,Wool Sweater,Online,Corporate,7,1541.21,0.0,10788.47,5126.39,5662.08,No,CUST-1037
ORD-102073,2025-02-22,East,Guwahati,Apparel,Wool Sweater,Retail Store,Corporate,1,1504.19,0.0,1504.19,1136.44,367.75,No,CUST-1503
ORD-102074,2025-02-23,East,Kolkata,Electronics,Smart Watch,Retail Store,Corporate,2,6383.8,0.2,10214.08,5658.1,4555.98,No,CUST-1688
ORD-102075,2025-02-23,East,Bhubaneswar,Apparel,Rain Jacket,Online,Corporate,7,1599.03,0.25,8394.91,4540.59,3854.32,No,CUST-1182
ORD-102076,2025-02-23,South,Bengaluru,Electronics,Bluetooth Speaker,Online,Consumer,1,6657.42,0.0,6657.42,3217.74,3439.68,No,CUST-1524
ORD-102077,2025-02-23,South,Bengaluru,Apparel,Rain Jacket,Online,Corporate,1,2373.65,0.25,1780.24,1140.29,639.95,No,CUST-1005
ORD-102078,2025-02-24,North,Lucknow,Home & Kitchen,Espresso Machine,Online,Consumer,3,3161.83,0.1,8536.94,4590.02,3946.92,No,CUST-1818
ORD-102079,2025-02-24,North,Delhi,Electronics,Smart Watch,Online,Consumer,4,1828.31,0.05,6947.58,5058.82,1888.76,No,CUST-1663
ORD-102080,2025-02-24,East,Bhubaneswar,Electronics,4K Monitor,Partner,Consumer,2,6292.42,0.1,11326.36,7648.84,3677.52,No,CUST-1560
ORD-102081,2025-02-25,North,Delhi,Home & Kitchen,Chef Knife,Partner,Consumer,2,3492.99,0.2,5588.78,2522.17,3066.61,No,CUST-1539
ORD-102082,2025-02-25,North,Delhi,Apparel,Cotton T-Shirt,Online,Home Office,3,1380.97,0.3,2900.04,1846.38,1053.66,No,CUST-1602
ORD-102083,2025-02-26,North,Delhi,Beauty,Face Wash,Partner,Consumer,5,742.67,0.1,3342.02,1759.59,1582.43,No,CUST-1380
ORD-102084,2025-02-26,North,Delhi,Sports,Yoga Mat,Retail Store,Consumer,5,2104.75,0.05,9997.56,4549.6,5447.96,No,CUST-1870
ORD-102085,2025-02-26,East,Guwahati,Sports,Cricket Bat,Online,Consumer,7,2977.55,0.2,16674.28,10911.5,5762.78,No,CUST-1192
ORD-102086,2025-02-27,East,Guwahati,Apparel,Denim Jeans,Partner,Corporate,8,1767.2,0.1,12723.84,6586.14,6137.7,No,CUST-1729
ORD-102087,2025-02-28,South,Bengaluru,Electronics,Smart Watch,Retail Store,Corporate,1,6568.68,0.05,6240.25,4660.72,1579.53,No,CUST-1685
ORD-102088,2025-02-28,North,Jaipur,Home & Kitchen,Chef Knife,Retail Store,Home Office,6,4192.39,0.1,22638.91,14471.15,8167.76,No,CUST-1753
ORD-102089,2025-03-01,South,Chennai,Home & Kitchen,Espresso Machine,Online,Consumer,2,4272.2,0.1,7689.96,3991.33,3698.63,No,CUST-1063
ORD-102090,2025-03-01,South,Hyderabad,Home & Kitchen,Air Fryer,Online,Consumer,3,4191.04,0.0,12573.12,9720.43,2852.69,No,CUST-1400
ORD-102091,2025-03-02,East,Patna,Apparel,Cotton T-Shirt,Partner,Consumer,3,2326.73,0.0,6980.19,4399.79,2580.4,No,CUST-1578
ORD-102092,2025-03-02,South,Hyderabad,Electronics,Bluetooth Speaker,Online,Consumer,6,7335.06,0.15,37408.81,18876.7,18532.11,No,CUST-1557
ORD-102093,2025-03-03,South,Kochi,Electronics,Wireless Earbuds,Online,Consumer,3,7577.32,0.0,22731.96,14109.5,8622.46,No,CUST-1619
ORD-102094,2025-03-05,South,Bengaluru,Electronics,Power Bank,Online,Home Office,8,5857.85,0.1,42176.52,32331.9,9844.62,No,CUST-1570
ORD-102095,2025-03-06,West,Mumbai,Electronics,Wireless Earbuds,Online,Consumer,4,6456.05,0.25,19368.15,11427.0,7941.15,No,CUST-1200
ORD-102096,2025-03-07,East,Patna,Sports,Running Shoes,Online,Consumer,7,3174.03,0.0,22218.21,13116.83,9101.38,No,CUST-1745
ORD-102097,2025-03-07,South,Chennai,Electronics,Smart Watch,Partner,Corporate,8,5693.08,0.05,43267.41,26054.41,17213.0,No,CUST-1434
ORD-102098,2025-03-08,South,Kochi,Home & Kitchen,Chef Knife,Online,Consumer,5,3444.28,0.3,12054.98,6539.03,5515.95,No,CUST-1873
ORD-102099,2025-03-08,North,Jaipur,Sports,Yoga Mat,Partner,Corporate,1,2314.8,0.0,2314.8,1165.24,1149.56,No,CUST-1468
ORD-102100,2025-03-08,West,Mumbai,Apparel,Rain Jacket,Retail Store,Consumer,6,1963.78,0.2,9426.14,6042.59,3383.55,No,CUST-1483
ORD-102101,2025-03-08,North,Lucknow,Apparel,Denim Jeans,Online,Consumer,4,2376.23,0.0,9504.92,7081.98,2422.94,No,CUST-1532
ORD-102102,2025-03-09,North,Chandigarh,Home & Kitchen,Chef Knife,Online,Consumer,3,5865.52,0.3,12317.59,8533.51,3784.08,No,CUST-1783
ORD-102103,2025-03-09,West,Surat,Apparel,Cotton T-Shirt,Online,Consumer,4,1455.76,0.05,5531.89,2664.94,2866.95,No,CUST-1811
ORD-102104,2025-03-09,East,Guwahati,Apparel,Wool Sweater,Retail Store,Corporate,3,1802.34,0.0,5407.02,3148.4,2258.62,No,CUST-1526
ORD-102105,2025-03-09,North,Delhi,Beauty,Hair Oil,Retail Store,Consumer,3,955.98,0.2,2294.35,1036.47,1257.88,No,CUST-1491
ORD-102106,2025-03-10,North,Chandigarh,Beauty,Hair Oil,Online,Consumer,8,1219.29,,9754.32,5380.68,4373.64,No,CUST-1049
ORD-102107,2025-03-11,North,Delhi,Beauty,Face Wash,Partner,Home Office,3,917.4,0.05,2614.59,1754.11,860.48,No,CUST-1060
ORD-102108,2025-03-11,South,Hyderabad,Sports,Yoga Mat,Retail Store,Consumer,4,2551.45,0.1,9185.22,5013.08,-2054.64,Yes,CUST-1662
ORD-102109,2025-03-11,North,Jaipur,Apparel,Rain Jacket,Online,Consumer,6,1431.55,0.2,6871.44,4998.18,1873.26,No,CUST-1310
ORD-102110,2025-03-12,West,Surat,Beauty,Face Wash,Retail Store,Home Office,2,1148.92,0.05,2182.95,1326.22,856.73,No,CUST-1393
ORD-102111,2025-03-12,West,Surat,Home & Kitchen,Chef Knife,Retail Store,Consumer,5,4436.36,0.25,16636.35,11160.09,5476.26,No,CUST-1565
ORD-102112,2025-03-12,South,Chennai,Home & Kitchen,Cookware Set,Retail Store,Corporate,8,3938.45,0.1,28356.84,21031.57,7325.27,No,CUST-1199
ORD-102113,2025-03-12,East,Patna,Home & Kitchen,Espresso Machine,Online,Consumer,7,4338.42,0.05,28850.49,19483.53,9366.96,No,CUST-1299
ORD-102114,2025-03-12,North,Delhi,Beauty,Hair Oil,Online,Corporate,1,1296.76,0.05,1231.92,919.16,312.76,No,CUST-1038
ORD-102115,2025-03-13,North,Delhi,Beauty,Vitamin C Serum,Online,Consumer,4,809.52,0.25,2428.56,1740.46,688.1,No,CUST-1691
ORD-102116,2025-03-13,East,Patna,Apparel,Rain Jacket,Online,Consumer,1,1693.95,0.15,1439.86,917.38,522.48,No,CUST-1457
ORD-102117,2025-03-14,North,Chandigarh,Home & Kitchen,Espresso Machine,Online,Home Office,5,5872.32,0.0,29361.6,16092.71,13268.89,No,CUST-1170
ORD-102118,2025-03-14,North,Jaipur,Electronics,Wireless Earbuds,Retail Store,Consumer,3,6342.57,0.2,15222.17,8347.64,6874.53,No,CUST-1536
ORD-102119,2025-03-14,North,Delhi,Home & Kitchen,Cookware Set,Online,Consumer,8,5283.96,,40158.1,29671.18,10486.92,No,CUST-1128
ORD-102120,2025-03-15,North,Jaipur,Beauty,Hair Oil,Online,Consumer,2,1132.01,0.05,2150.82,1006.11,1144.71,No,CUST-1702
ORD-102121,2025-03-16,South,Hyderabad,Beauty,Sunscreen SPF50,Retail Store,Consumer,7,1032.16,0.0,7225.12,5495.96,1729.16,No,CUST-1207
ORD-102122,2025-03-17,East,Patna,Apparel,Cotton T-Shirt,Online,Consumer,3,1921.36,0.3,4034.86,2251.17,1783.69,No,CUST-1243
ORD-102123,2025-03-17,East,Patna,Apparel,Cotton T-Shirt,Online,Consumer,8,2461.86,0.0,19694.88,13664.85,6030.03,No,CUST-1788
ORD-102124,2025-03-19,East,Guwahati,Apparel,Wool Sweater,Retail Store,Consumer,2,2613.71,0.3,3659.19,2045.16,1614.03,No,CUST-1668
ORD-102125,2025-03-19,West,Pune,Electronics,4K Monitor,Partner,Home Office,3,7734.95,0.0,23204.85,17742.18,5462.67,No,CUST-1612
ORD-102126,2025-03-19,South,Bengaluru,Electronics,Bluetooth Speaker,Online,Corporate,3,4617.22,0.1,12466.49,5759.97,6706.52,No,CUST-1541
ORD-102127,2025-03-20,West,Mumbai,Sports,Cricket Bat,Retail Store,Home Office,8,3637.46,0.0,29099.68,16487.74,-4082.65,Yes,CUST-1468
ORD-102128,2025-03-20,South,Chennai,Apparel,Wool Sweater,Partner,Consumer,6,1918.73,0.1,10361.14,7628.52,2732.62,No,CUST-1172
ORD-102129,2025-03-20,North,Chandigarh,Sports,Dumbbell Set,Retail Store,Consumer,7,2357.42,0.25,12376.46,6688.72,5687.74,No,CUST-1270
ORD-102130,2025-03-20,West,Mumbai,Electronics,Bluetooth Speaker,Partner,Consumer,5,6017.29,0.15,25573.48,13834.09,11739.39,No,CUST-1866
ORD-102131,2025-03-20,North,Jaipur,Home & Kitchen,Espresso Machine,Online,Consumer,7,5457.54,0.1,34382.5,25669.57,8712.93,No,CUST-1826
ORD-102132,2025-03-21,North,Chandigarh,Home & Kitchen,Cookware Set,Online,Consumer,6,5163.3,0.0,30979.8,22432.23,8547.57,No,CUST-1653
ORD-102133,2025-03-22,North,Lucknow,Home & Kitchen,Espresso Machine,Retail Store,Corporate,6,4356.01,0.3,18295.24,8871.44,9423.8,No,CUST-1799
ORD-102134,2025-03-22,South,Kochi,Home & Kitchen,Espresso Machine,Online,Corporate,7,5466.7,0.05,36353.56,23319.33,13034.23,No,CUST-1723
ORD-102135,2025-03-23,South,Chennai,Home & Kitchen,Chef Knife,Online,Consumer,8,4758.79,0.1,34263.29,17944.38,16318.91,No,CUST-1359
ORD-102136,2025-03-23,South,Chennai,Sports,Dumbbell Set,Online,Consumer,5,2473.31,0.3,8656.58,4510.04,4146.54,No,CUST-1643
ORD-102137,2025-03-24,West,Surat,Home & Kitchen,Cookware Set,Online,Consumer,4,3898.8,0.15,13255.92,8657.22,4598.7,No,CUST-1677
ORD-102138,2025-03-24,North,Chandigarh,Electronics,4K Monitor,Online,Consumer,6,6822.6,0.2,32748.48,16075.44,16673.04,No,CUST-1124
ORD-102139,2025-03-24,South,Chennai,Electronics,Smart Watch,Online,Consumer,6,6145.17,0.0,36871.02,22307.97,14563.05,No,CUST-1822
ORD-102140,2025-03-25,South,Hyderabad,Home & Kitchen,Espresso Machine,Partner,Corporate,8,3222.14,0.1,23199.41,12398.26,-2443.02,Yes,CUST-1443
ORD-102141,2025-03-25,West,Mumbai,Apparel,Denim Jeans,Online,Consumer,6,2475.85,0.1,13369.59,9783.79,3585.8,No,CUST-1282
ORD-102142,2025-03-25,North,Jaipur,Home & Kitchen,Air Fryer,Retail Store,Consumer,8,4133.38,0.0,33067.04,20930.88,12136.16,No,CUST-1426
ORD-102143,2025-03-25,North,Jaipur,Home & Kitchen,Chef Knife,Online,Corporate,6,6241.5,0.05,35576.55,18534.88,17041.67,No,CUST-1295
ORD-102144,2025-03-26,South,Kochi,Apparel,Denim Jeans,Online,Home Office,8,1443.43,0.25,8660.58,6545.09,2115.49,No,CUST-1299
ORD-102145,2025-03-27,East,Kolkata,Beauty,Face Wash,Partner,Corporate,7,1002.58,0.3,4912.64,3544.74,1367.9,No,CUST-1491
ORD-102146,2025-03-28,East,Patna,Home & Kitchen,Cookware Set,Online,Consumer,8,3912.4,0.25,23474.4,12618.58,10855.82,No,CUST-1897
ORD-102147,2025-03-28,South,Chennai,Home & Kitchen,Cookware Set,Online,Consumer,2,3632.72,0.3,5085.81,3901.56,-1231.35,Yes,CUST-1367
ORD-102148,2025-03-28,East,Kolkata,Home & Kitchen,Espresso Machine,Retail Store,Corporate,8,4130.56,0.3,23131.14,12452.74,10678.4,No,CUST-1193
ORD-102149,2025-03-29,South,Hyderabad,Sports,Running Shoes,Online,Corporate,3,3940.29,0.0,11820.87,6460.96,5359.91,No,CUST-1685
ORD-102150,2025-03-29,North,Chandigarh,Home & Kitchen,Cookware Set,Online,Home Office,7,4773.35,0.25,25060.09,14468.89,10591.2,No,CUST-1265
ORD-102151,2025-03-29,North,Delhi,Sports,Running Shoes,Partner,Consumer,4,2342.52,0.15,7964.57,4017.22,3947.35,No,CUST-1483
ORD-102152,2025-03-29,North,Delhi,Electronics,4K Monitor,Online,Corporate,4,3748.37,0.25,11245.11,7609.74,3635.37,No,CUST-1228
ORD-102153,2025-03-30,North,Delhi,Home & Kitchen,Air Fryer,Retail Store,Consumer,6,2876.33,0.15,14669.28,9299.17,5370.11,No,CUST-1190
ORD-102154,2025-03-30,South,Chennai,Home & Kitchen,Espresso Machine,Online,Consumer,5,4083.77,0.0,20418.85,15215.57,5203.28,No,CUST-1226
ORD-102155,2025-04-01,South,Bengaluru,Apparel,Rain Jacket,Online,Consumer,6,2114.8,0.15,10785.48,5710.79,5074.69,No,CUST-1320
ORD-102156,2025-04-02,South,Hyderabad,Electronics,Power Bank,Online,Consumer,1,7009.86,0.2,5607.89,2838.58,2769.31,No,CUST-1860
ORD-102157,2025-04-03,South,Bengaluru,Home & Kitchen,Espresso Machine,Retail Store,Consumer,7,2722.17,0.0,19055.19,10829.94,8225.25,No,CUST-1604
ORD-102158,2025-04-03,East,Patna,Apparel,Wool Sweater,Online,Consumer,4,2408.93,0.1,8672.15,4320.6,4351.55,No,CUST-1626
ORD-102159,2025-04-03,East,Patna,Sports,Running Shoes,Partner,Corporate,7,4091.59,0.15,24344.96,18556.45,5788.51,No,CUST-1048
ORD-102160,2025-04-03,North,Chandigarh,Apparel,Rain Jacket,Retail Store,Consumer,3,3337.3,0.1,9010.71,6188.17,2822.54,No,CUST-1009
ORD-102161,2025-04-03,South,Kochi,Electronics,Bluetooth Speaker,Online,Consumer,5,4303.57,0.25,16138.39,11502.53,4635.86,No,CUST-1307
ORD-102162,2025-04-03,South,Kochi,Home & Kitchen,Chef Knife,Online,Corporate,5,4486.83,0.0,22434.15,15633.34,6800.81,No,CUST-1798
ORD-102163,2025-04-04,South,Bengaluru,Apparel,Rain Jacket,Retail Store,Consumer,2,1998.02,0.05,3796.24,2012.5,1783.74,No,CUST-1014
ORD-102164,2025-04-05,North,Jaipur,Electronics,Bluetooth Speaker,Retail Store,Consumer,4,7619.02,0.3,21333.26,10590.19,10743.07,No,CUST-1689
ORD-102165,2025-04-05,North,Lucknow,Home & Kitchen,Air Fryer,Online,Home Office,6,3987.28,0.1,21531.31,12740.36,8790.95,No,CUST-1738
ORD-102166,2025-04-06,East,Guwahati,Apparel,Cotton T-Shirt,Retail Store,Consumer,7,3372.55,0.0,23607.85,17082.08,6525.77,No,CUST-1250
ORD-102167,2025-04-07,East,Bhubaneswar,Electronics,Bluetooth Speaker,Online,Consumer,8,7456.46,0.0,59651.68,33349.47,26302.21,No,CUST-1105
ORD-102168,2025-04-07,North,Lucknow,Home & Kitchen,Cookware Set,Partner,Corporate,4,5304.5,0.15,18035.3,8172.8,9862.5,No,CUST-1138
ORD-102169,2025-04-07,South,Kochi,Home & Kitchen,Chef Knife,Partner,Consumer,6,7363.78,0.3,30927.88,20654.26,10273.62,No,CUST-1069
ORD-102170,2025-04-08,West,Pune,Beauty,Hair Oil,Online,Consumer,2,1227.17,0.0,2454.34,1266.49,1187.85,No,CUST-1759
ORD-102171,2025-04-09,North,Jaipur,Apparel,Cotton T-Shirt,Online,Corporate,8,2680.37,0.0,21442.96,13490.53,7952.43,No,CUST-1707
ORD-102172,2025-04-09,West,Mumbai,Electronics,Wireless Earbuds,Online,Consumer,7,6170.52,0.05,41033.96,18666.78,22367.18,No,CUST-1605
ORD-102173,2025-04-09,North,Jaipur,Sports,Running Shoes,Online,Consumer,8,2335.92,0.0,18687.36,11547.3,7140.06,No,CUST-1080
ORD-102174,2025-04-09,South,Chennai,Home & Kitchen,Air Fryer,Retail Store,Home Office,4,4724.43,0.0,18897.72,10958.61,7939.11,No,CUST-1855
ORD-102175,2025-04-10,South,Chennai,Electronics,4K Monitor,Online,Consumer,3,10952.68,0.0,32858.04,24332.56,8525.48,No,CUST-1615
ORD-102176,2025-04-10,North,Jaipur,Beauty,Vitamin C Serum,Retail Store,Consumer,7,1404.32,0.15,8355.7,5750.38,2605.32,No,CUST-1745
ORD-102177,2025-04-12,West,Surat,Electronics,Smart Watch,Partner,Consumer,6,7843.82,0.25,35297.19,16303.39,18993.8,No,CUST-1341
ORD-102178,2025-04-12,South,Kochi,Beauty,Hair Oil,Partner,Consumer,2,968.17,0.0,1936.34,1375.85,560.49,No,CUST-1177
ORD-102179,2025-04-12,West,Ahmedabad,Home & Kitchen,Chef Knife,Online,Home Office,5,6556.27,0.2,26225.08,18648.79,7576.29,No,CUST-1739
ORD-102180,2025-04-13,North,Delhi,Sports,Cricket Bat,Partner,Corporate,6,2347.85,0.25,10565.32,7067.41,3497.91,No,CUST-1046
ORD-102181,2025-04-13,West,Pune,Sports,Dumbbell Set,Online,Consumer,4,2193.99,0.0,8775.96,6640.49,2135.47,No,CUST-1164
ORD-102182,2025-04-13,West,Ahmedabad,Electronics,4K Monitor,Online,Consumer,3,6492.5,,14608.12,10445.88,4162.24,No,CUST-1138
ORD-102183,2025-04-14,South,Bengaluru,Beauty,Face Wash,Online,Consumer,2,1764.57,0.0,3529.14,1843.05,1686.09,No,CUST-1075
ORD-102184,2025-04-14,North,Jaipur,Apparel,Cotton T-Shirt,Retail Store,Corporate,4,3498.94,0.2,11196.61,6448.24,4748.37,No,CUST-1496
ORD-102185,2025-04-14,East,Bhubaneswar,Home & Kitchen,Air Fryer,Online,Consumer,2,4923.74,0.2,7877.98,4454.8,-3420.17,Yes,CUST-1205
ORD-102186,2025-04-15,South,Kochi,Home & Kitchen,Cookware Set,Online,Home Office,3,4656.32,0.25,10476.72,6460.15,4016.57,No,CUST-1869
ORD-102187,2025-04-15,West,Surat,Electronics,Wireless Earbuds,Online,Consumer,2,4734.83,0.05,8996.18,6879.61,2116.57,No,CUST-1838
ORD-102188,2025-04-15,South,Chennai,Electronics,Bluetooth Speaker,Partner,Consumer,4,7536.69,0.15,25624.75,16736.74,8888.01,No,CUST-1151
ORD-102189,2025-04-16,North,Jaipur,Electronics,Power Bank,Retail Store,Home Office,6,7674.76,0.0,46048.56,25477.28,20571.28,No,CUST-1746
ORD-102190,2025-04-16,North,Jaipur,Electronics,Power Bank,Retail Store,Home Office,4,8699.19,,31317.08,23822.93,7494.15,No,CUST-1035
ORD-102191,2025-04-16,East,,Electronics,Bluetooth Speaker,Retail Store,Consumer,2,8898.1,0.3,12457.34,8484.56,3972.78,No,CUST-1257
ORD-102192,2025-04-17,West,Pune,Sports,Cricket Bat,Online,Consumer,7,3208.29,0.0,22458.03,12078.08,10379.95,No,CUST-1593
ORD-102193,2025-04-17,North,Jaipur,Apparel,Rain Jacket,Online,Home Office,4,2774.07,0.0,11096.28,8312.77,2783.51,No,CUST-1185
ORD-102194,2025-04-17,East,Kolkata,Beauty,Vitamin C Serum,Online,Corporate,5,1045.52,0.2,4182.08,2356.98,1825.1,No,CUST-1070
ORD-102195,2025-04-17,West,Pune,Beauty,Sunscreen SPF50,Online,Corporate,5,1382.29,0.1,6220.3,3858.76,2361.54,No,CUST-1141
ORD-102196,2025-04-18,North,Delhi,Home & Kitchen,Espresso Machine,Partner,,5,4864.56,0.1,21890.52,13312.58,8577.94,No,CUST-1592
ORD-102197,2025-04-18,North,Chandigarh,Apparel,Cotton T-Shirt,Online,Home Office,4,2723.22,0.0,10892.88,8221.93,2670.95,No,CUST-1199
ORD-102198,2025-04-18,East,Patna,Beauty,Vitamin C Serum,Retail Store,Consumer,7,1339.79,0.0,9378.53,5042.54,4335.99,No,CUST-1221
ORD-102199,2025-04-19,East,Patna,Beauty,Sunscreen SPF50,Retail Store,Consumer,7,1255.71,0.2,7031.98,3937.85,3094.13,No,CUST-1184
ORD-102200,2025-04-19,North,Jaipur,Beauty,Face Wash,Partner,Consumer,8,1453.43,0.05,11046.07,7377.15,3668.92,No,CUST-1793
ORD-102201,2025-04-19,West,Surat,Sports,Dumbbell Set,Online,Corporate,4,2198.22,0.2,7034.3,5223.55,1810.75,No,CUST-1799
ORD-102202,2025-04-19,South,Kochi,Home & Kitchen,Chef Knife,Partner,Consumer,3,4196.59,0.05,11960.28,5835.56,6124.72,No,CUST-1724
ORD-102203,2025-04-19,West,Pune,Apparel,Denim Jeans,Retail Store,Consumer,1,2328.41,0.05,2211.99,1148.6,1063.39,No,CUST-1017
ORD-102204,2025-04-20,West,Surat,Sports,Cricket Bat,Online,Corporate,4,2293.21,0.0,9172.84,6997.51,2175.33,No,CUST-1225
ORD-102205,2025-04-20,East,Guwahati,Apparel,Cotton T-Shirt,Retail Store,Consumer,8,2254.59,0.15,15331.21,10831.62,4499.59,No,CUST-1792
ORD-102206,2025-04-20,South,Kochi,Beauty,Hair Oil,Online,Home Office,3,1136.25,0.0,3408.75,1923.23,1485.52,No,CUST-1498
ORD-102207,2025-04-21,North,Jaipur,Electronics,Bluetooth Speaker,Retail Store,Consumer,7,9572.07,0.3,46903.14,26641.9,20261.24,No,CUST-1037
ORD-102208,2025-04-22,South,Chennai,Electronics,Power Bank,Retail Store,Corporate,7,7665.16,0.05,50973.31,30836.11,20137.2,No,CUST-1224
ORD-102209,2025-04-22,North,Delhi,Apparel,Wool Sweater,Retail Store,Consumer,6,3038.89,0.25,13675.0,9194.44,4480.56,No,CUST-1744
ORD-102210,2025-04-22,East,Patna,Electronics,4K Monitor,Retail Store,Consumer,5,7927.78,0.1,35675.01,22658.75,13016.26,No,CUST-1791
ORD-102211,2025-04-22,North,Jaipur,Sports,Yoga Mat,Retail Store,Consumer,7,2967.28,0.05,19732.41,13933.44,-9234.42,Yes,CUST-1383
ORD-102212,2025-04-22,South,Kochi,Electronics,Bluetooth Speaker,Online,Consumer,1,7655.4,0.1,6889.86,3223.59,3666.27,No,CUST-1136
ORD-102213,2025-04-23,North,Delhi,Home & Kitchen,Cookware Set,Online,Corporate,2,6370.74,0.05,12104.41,8718.61,3385.8,No,CUST-1069
ORD-102214,2025-04-23,North,Chandigarh,Electronics,Bluetooth Speaker,Retail Store,Corporate,2,9391.96,0.1,16905.53,7931.35,8974.18,No,CUST-1202
ORD-102215,2025-04-23,North,Jaipur,Sports,Dumbbell Set,Retail Store,Consumer,7,3267.76,0.25,17155.74,12707.62,4448.12,No,CUST-1719
ORD-102216,2025-04-23,East,Guwahati,Apparel,Rain Jacket,Partner,Consumer,4,1581.36,0.2,5060.35,2349.39,2710.96,No,CUST-1743
ORD-102217,2025-04-24,East,Kolkata,Electronics,Smart Watch,Online,Home Office,2,4629.72,0.0,9259.44,4557.35,4702.09,No,CUST-1230
ORD-102218,2025-04-24,North,Delhi,Electronics,Wireless Earbuds,Online,Consumer,1,6908.9,0.0,6908.9,3519.81,3389.09,No,CUST-1879
ORD-102219,2025-04-24,West,Pune,Home & Kitchen,Espresso Machine,Retail Store,Home Office,4,2668.61,0.0,10674.44,5589.21,5085.23,No,CUST-1790
ORD-102220,2025-04-25,West,Pune,Sports,Cricket Bat,Retail Store,Consumer,4,4698.5,0.2,15035.2,8759.23,6275.97,No,CUST-1888
ORD-102221,2025-04-25,South,Kochi,Sports,Cricket Bat,Online,Consumer,2,3811.2,0.0,7622.4,5078.87,2543.53,No,CUST-1677
ORD-102222,2025-04-25,East,Guwahati,Apparel,Denim Jeans,Online,Consumer,1,2135.46,0.05,2028.69,1510.48,518.21,No,CUST-1515
ORD-102223,2025-04-25,South,Bengaluru,Apparel,Denim Jeans,Partner,Consumer,7,1876.86,0.25,9853.52,6139.59,3713.93,No,CUST-1883
ORD-102224,2025-04-26,North,Jaipur,Electronics,Smart Watch,Retail Store,Corporate,7,9135.34,0.0,63947.38,40013.26,23934.12,No,CUST-1619
ORD-102225,2025-04-28,South,Hyderabad,Apparel,Cotton T-Shirt,Online,Corporate,2,1875.25,0.0,3750.5,2082.92,1667.58,No,CUST-1748
ORD-102226,2025-04-29,North,Jaipur,Home & Kitchen,Chef Knife,Online,Corporate,4,4268.43,0.0,17073.72,12194.47,4879.25,No,CUST-1362
ORD-102227,2025-04-29,West,Surat,Electronics,Smart Watch,Online,Corporate,3,6197.61,0.0,18592.83,9044.68,9548.15,No,CUST-1216
ORD-102228,2025-04-29,West,Pune,Home & Kitchen,Espresso Machine,Online,Corporate,4,5640.4,0.0,22561.6,12394.53,10167.07,No,CUST-1516
ORD-102229,2025-04-29,West,Ahmedabad,Sports,Yoga Mat,Online,Corporate,1,3833.54,,3258.51,1570.61,1687.9,No,CUST-1368
ORD-102230,2025-04-29,South,Bengaluru,Electronics,Bluetooth Speaker,Online,Corporate,8,9413.61,0.2,60247.1,31369.44,28877.66,No,CUST-1315
ORD-102231,2025-04-29,South,Bengaluru,Electronics,Bluetooth Speaker,Retail Store,Corporate,6,9172.7,0.0,55036.2,35420.05,19616.15,No,CUST-1626
ORD-102232,2025-04-30,West,Surat,Electronics,Smart Watch,Online,Consumer,8,7460.52,0.1,53715.74,26404.88,-6694.82,Yes,CUST-1549
ORD-102233,2025-04-30,North,Jaipur,Electronics,4K Monitor,Retail Store,Consumer,3,9135.35,0.0,27406.05,13242.71,14163.34,No,CUST-1284
ORD-102234,2025-04-30,North,Jaipur,Electronics,Wireless Earbuds,Online,Consumer,7,6360.05,0.0,44520.35,32168.2,12352.15,No,CUST-1217
ORD-102235,2025-05-01,South,Hyderabad,Home & Kitchen,Espresso Machine,Online,Consumer,5,3661.61,0.1,16477.24,8058.01,8419.23,No,CUST-1491
ORD-102236,2025-05-02,North,Delhi,Electronics,Power Bank,Online,Consumer,2,7055.37,0.2,11288.59,7345.01,3943.58,No,CUST-1294
ORD-102237,2025-05-02,North,Chandigarh,Home & Kitchen,Air Fryer,Online,Consumer,3,5026.67,0.0,15080.01,8537.75,6542.26,No,CUST-1213
ORD-102238,2025-05-03,North,Jaipur,Beauty,Face Wash,Retail Store,Consumer,7,1188.14,0.25,6237.74,4652.11,1585.63,No,CUST-1199
ORD-102239,2025-05-03,South,Bengaluru,Sports,Running Shoes,Partner,Consumer,7,2955.6,0.3,14482.44,9898.62,4583.82,No,CUST-1596
ORD-102240,2025-05-03,North,Jaipur,Home & Kitchen,Espresso Machine,Retail Store,Corporate,6,5493.16,0.0,32958.96,15477.92,17481.04,No,CUST-1373
ORD-102241,2025-05-03,North,Jaipur,Electronics,Wireless Earbuds,Retail Store,Corporate,2,9413.76,0.0,18827.52,14036.0,4791.52,No,CUST-1307
ORD-102242,2025-05-03,North,Delhi,Electronics,Wireless Earbuds,Retail Store,Consumer,6,11411.49,0.0,68468.94,40162.97,28305.97,No,CUST-1103
ORD-102243,2025-05-03,South,Hyderabad,Electronics,Bluetooth Speaker,Retail Store,Home Office,8,5141.03,0.25,30846.18,16916.51,13929.67,No,CUST-1049
ORD-102244,2025-05-03,West,Ahmedabad,Sports,Cricket Bat,Online,Home Office,1,2687.0,0.0,2687.0,1805.71,881.29,No,CUST-1625
ORD-102245,2025-05-04,North,Jaipur,Sports,Yoga Mat,Retail Store,Corporate,3,3096.82,0.1,8361.41,5743.72,2617.69,No,CUST-1870
ORD-102246,2025-05-04,East,Patna,Apparel,Wool Sweater,Online,Consumer,1,3228.89,0.1,2906.0,1598.51,1307.49,No,CUST-1292
ORD-102247,2025-05-05,East,Bhubaneswar,Apparel,Wool Sweater,Online,Consumer,1,2639.17,,2639.17,1493.89,1145.28,No,CUST-1759
ORD-102248,2025-05-05,North,Lucknow,Apparel,Denim Jeans,Retail Store,Consumer,8,2323.85,0.0,18590.8,9324.94,9265.86,No,CUST-1541
ORD-102249,2025-05-05,West,Mumbai,Electronics,4K Monitor,Retail Store,Corporate,2,9601.63,0.0,19203.26,12402.16,6801.1,No,CUST-1273
ORD-102250,2025-05-05,East,Patna,Sports,Cricket Bat,Online,Corporate,2,4542.1,0.0,9084.2,6956.5,2127.7,No,CUST-1510
ORD-102251,2025-05-06,South,Chennai,Electronics,Smart Watch,Partner,Corporate,1,8262.12,0.1,7435.91,4368.49,3067.42,No,CUST-1116
ORD-102252,2025-05-06,North,Chandigarh,Apparel,Wool Sweater,Online,Corporate,8,2269.21,0.3,12707.58,9896.0,2811.58,No,CUST-1303
ORD-102253,2025-05-07,North,Lucknow,Apparel,Rain Jacket,Retail Store,Home Office,4,2930.78,0.05,11136.96,5659.99,5476.97,No,CUST-1661
ORD-102254,2025-05-07,West,Pune,Electronics,Wireless Earbuds,Partner,Consumer,7,7874.17,0.0,55119.19,39284.15,-6193.37,Yes,CUST-1766
ORD-102255,2025-05-07,East,Guwahati,Apparel,Rain Jacket,Online,Home Office,3,2620.4,0.0,7861.2,5945.23,1915.97,No,CUST-1198
ORD-102256,2025-05-07,West,Mumbai,Beauty,Hair Oil,Partner,Corporate,6,1227.78,0.3,5156.68,3491.37,1665.31,No,CUST-1819
ORD-102257,2025-05-07,West,Ahmedabad,Electronics,4K Monitor,Retail Store,Consumer,8,9993.69,0.3,55964.66,27203.17,28761.49,No,CUST-1544
ORD-102258,2025-05-08,North,Lucknow,Home & Kitchen,Espresso Machine,Retail Store,Corporate,6,6466.97,0.15,32981.55,18395.74,14585.81,No,CUST-1206
ORD-102259,2025-05-08,East,Guwahati,Apparel,Denim Jeans,Partner,Consumer,5,3399.68,0.1,15298.56,7316.84,7981.72,No,CUST-1701
ORD-102260,2025-05-09,South,Bengaluru,Electronics,Smart Watch,Retail Store,Consumer,2,10750.02,0.0,21500.04,13944.43,7555.61,No,CUST-1792
ORD-102261,2025-05-12,East,Guwahati,Electronics,Wireless Earbuds,Online,Home Office,2,9147.9,0.3,12807.06,9981.68,2825.38,No,CUST-1245
ORD-102262,2025-05-12,North,Jaipur,Electronics,Wireless Earbuds,Retail Store,Consumer,5,7384.19,0.0,36920.95,21180.41,15740.54,No,CUST-1095
ORD-102263,2025-05-12,North,Lucknow,Electronics,Power Bank,Online,Consumer,4,10213.65,0.0,40854.6,20581.4,20273.2,No,CUST-1256
ORD-102264,2025-05-13,East,Kolkata,Apparel,Wool Sweater,Online,Home Office,1,3054.75,0.2,2443.8,1316.36,1127.44,No,CUST-1680
ORD-102265,2025-05-14,East,Guwahati,Beauty,Vitamin C Serum,Online,Consumer,2,2179.27,0.0,4358.54,2782.34,1576.2,No,CUST-1055
ORD-102266,2025-05-14,East,Bhubaneswar,Home & Kitchen,Cookware Set,Online,Consumer,4,6556.1,0.0,26224.4,16724.8,9499.6,No,CUST-1260
ORD-102267,2025-05-14,North,Delhi,Sports,Dumbbell Set,Retail Store,Consumer,2,4339.66,,7377.42,3879.35,3498.07,No,CUST-1287
ORD-102268,2025-05-15,North,Lucknow,Apparel,Cotton T-Shirt,Partner,Consumer,5,2949.71,0.0,14748.55,10290.54,4458.01,No,CUST-1015
ORD-102269,2025-05-15,West,Surat,Home & Kitchen,Chef Knife,Partner,Consumer,3,6006.3,0.0,18018.9,8631.85,9387.05,No,CUST-1537
ORD-102270,2025-05-15,South,Chennai,Home & Kitchen,Air Fryer,Online,Consumer,3,5791.45,0.15,14768.2,9682.08,5086.12,No,CUST-1725
ORD-102271,2025-05-15,South,Hyderabad,Electronics,Power Bank,Online,Corporate,1,8860.12,0.0,8860.12,5231.73,3628.39,No,CUST-1140
ORD-102272,2025-05-16,South,Kochi,Apparel,Denim Jeans,Online,Consumer,5,3092.32,0.2,12369.28,6085.29,6283.99,No,CUST-1797
ORD-102273,2025-05-16,South,Hyderabad,Apparel,Wool Sweater,Online,Consumer,2,3479.31,0.0,6958.62,4588.14,2370.48,No,CUST-1857
ORD-102274,2025-05-16,South,Bengaluru,Beauty,Sunscreen SPF50,Retail Store,Consumer,6,1481.81,0.15,7557.23,5079.26,2477.97,No,CUST-1783
ORD-102275,2025-05-17,South,Bengaluru,Apparel,Cotton T-Shirt,Online,Consumer,8,2492.84,0.0,19942.72,11870.04,8072.68,No,CUST-1650
ORD-102276,2025-05-17,West,Pune,Electronics,Wireless Earbuds,Partner,Corporate,8,7728.88,0.2,49464.83,35285.12,14179.71,No,CUST-1403
ORD-102277,2025-05-18,West,,Sports,Running Shoes,Online,Consumer,6,2671.24,0.2,12821.95,7924.92,4897.03,No,CUST-1183
ORD-102278,2025-05-18,West,Pune,Electronics,Bluetooth Speaker,Retail Store,Consumer,7,11374.64,0.25,59716.86,32503.83,27213.03,No,CUST-1821
ORD-102279,2025-05-19,South,Hyderabad,Sports,Dumbbell Set,Partner,Consumer,8,3320.27,0.0,26562.16,20311.78,6250.38,No,CUST-1477
ORD-102280,2025-05-19,South,Hyderabad,Beauty,Sunscreen SPF50,Retail Store,Consumer,6,1684.37,0.0,10106.22,7696.24,2409.98,No,CUST-1406
ORD-102281,2025-05-19,East,Kolkata,Beauty,Vitamin C Serum,Online,Consumer,3,1473.51,0.3,3094.37,1490.11,1604.26,No,CUST-1352
ORD-102282,2025-05-19,West,Mumbai,Beauty,Vitamin C Serum,Online,Consumer,5,1482.03,0.2,5928.12,4518.45,1409.67,No,CUST-1196
ORD-102283,2025-05-19,South,Bengaluru,Electronics,Bluetooth Speaker,Partner,Consumer,7,8121.09,0.0,56847.63,40129.26,16718.37,No,CUST-1344
ORD-102284,2025-05-19,East,Guwahati,Home & Kitchen,Air Fryer,Online,Consumer,6,5087.46,,30524.76,14810.39,15714.37,No,CUST-1718
ORD-102285,2025-05-19,East,Patna,Beauty,Hair Oil,Online,Consumer,3,1093.69,0.05,3117.02,1936.85,1180.17,No,CUST-1503
ORD-102286,2025-05-20,East,Guwahati,Beauty,Face Wash,Partner,Corporate,2,1918.62,0.15,3261.65,1505.36,1756.29,No,CUST-1355
ORD-102287,2025-05-20,East,Guwahati,Electronics,Smart Watch,Retail Store,Consumer,2,8550.64,0.05,16246.22,10467.81,5778.41,No,CUST-1097
ORD-102288,2025-05-21,North,Chandigarh,Electronics,Bluetooth Speaker,Retail Store,Consumer,4,10408.09,0.25,31224.27,23666.5,7557.77,No,CUST-1373
ORD-102289,2025-05-21,South,Bengaluru,Apparel,Wool Sweater,Online,Consumer,7,3628.76,0.1,22861.19,13065.38,9795.81,No,CUST-1193
ORD-102290,2025-05-21,South,Bengaluru,Apparel,Cotton T-Shirt,Online,Consumer,5,2530.32,0.3,8856.12,5471.72,3384.4,No,CUST-1357
ORD-102291,2025-05-23,North,Delhi,Home & Kitchen,Cookware Set,Retail Store,Consumer,1,6734.52,0.25,5050.89,2652.2,-825.92,Yes,CUST-1134
ORD-102292,2025-05-24,West,Ahmedabad,Beauty,Sunscreen SPF50,Online,Consumer,8,1405.07,0.1,10116.5,6358.34,3758.16,No,CUST-1853
ORD-102293,2025-05-24,East,Guwahati,Beauty,Hair Oil,Online,Consumer,4,1037.25,0.25,3111.75,2224.43,887.32,No,CUST-1156
ORD-102294,2025-05-24,North,Chandigarh,Home & Kitchen,Cookware Set,Online,Consumer,4,5911.81,0.1,21282.52,11088.94,10193.58,No,CUST-1111
ORD-102295,2025-05-24,East,Bhubaneswar,Electronics,Wireless Earbuds,Retail Store,Consumer,7,9430.99,0.0,66016.93,41765.65,24251.28,No,CUST-1589
ORD-102296,2025-05-24,East,Guwahati,Apparel,Cotton T-Shirt,Online,Home Office,4,2478.59,0.0,9914.36,5621.76,4292.6,No,CUST-1309
ORD-102297,2025-05-24,East,Patna,Apparel,Cotton T-Shirt,Retail Store,Corporate,5,2585.68,0.05,12281.98,8558.06,3723.92,No,CUST-1896
ORD-102298,2025-05-25,South,Kochi,Electronics,Wireless Earbuds,Online,Consumer,8,8036.63,0.3,45005.13,30678.77,14326.36,No,CUST-1363
ORD-102299,2025-05-25,West,Mumbai,Electronics,Wireless Earbuds,Online,Home Office,5,12238.49,0.25,45894.34,31235.71,14658.63,No,CUST-1585
ORD-102300,2025-05-25,South,Kochi,Apparel,Rain Jacket,Partner,Consumer,5,1661.84,0.0,8309.2,4775.09,3534.11,No,CUST-1750
ORD-102301,2025-05-25,South,Bengaluru,Electronics,4K Monitor,Partner,Consumer,3,9281.59,0.0,27844.77,18036.79,9807.98,No,CUST-1886
ORD-102302,2025-05-25,North,Delhi,Home & Kitchen,Air Fryer,Retail Store,Consumer,8,5826.79,0.1,41952.89,27892.72,14060.17,No,CUST-1728
ORD-102303,2025-05-25,East,Bhubaneswar,Electronics,4K Monitor,Partner,Home Office,1,7183.06,0.1,6464.75,4361.56,2103.19,No,CUST-1519
ORD-102304,2025-05-26,East,Kolkata,Electronics,Power Bank,Online,Consumer,3,7851.59,0.2,18843.82,12056.93,6786.89,No,CUST-1732
ORD-102305,2025-05-26,South,Chennai,Electronics,4K Monitor,Online,Corporate,8,9592.12,0.0,76736.96,56481.9,20255.06,No,CUST-1254
ORD-102306,2025-05-26,South,Bengaluru,Home & Kitchen,Cookware Set,Online,Corporate,4,7158.59,,21475.77,11427.33,10048.44,No,CUST-1783
ORD-102307,2025-05-26,East,Guwahati,Home & Kitchen,Chef Knife,Online,Consumer,2,6428.06,0.05,12213.31,5720.91,6492.4,No,CUST-1785
ORD-102308,2025-05-27,East,Patna,Apparel,Rain Jacket,Retail Store,Consumer,4,3459.84,0.05,13147.39,10092.28,3055.11,No,CUST-1345
ORD-102309,2025-05-27,North,Lucknow,Electronics,Bluetooth Speaker,Retail Store,Consumer,3,10705.28,0.05,30510.05,14341.01,16169.04,No,CUST-1060
ORD-102310,2025-05-27,West,Mumbai,Sports,Dumbbell Set,Online,Corporate,5,4466.67,0.3,15633.34,11693.35,3939.99,No,CUST-1616
ORD-102311,2025-05-27,East,Bhubaneswar,Home & Kitchen,Espresso Machine,Online,Consumer,2,5436.56,0.05,10329.46,6735.37,3594.09,No,CUST-1092
ORD-102312,2025-05-27,West,Pune,Home & Kitchen,Chef Knife,Partner,Consumer,4,6852.21,0.15,23297.51,17547.32,5750.19,No,CUST-1015
ORD-102313,2025-05-27,West,Pune,Apparel,Rain Jacket,Retail Store,Consumer,8,3097.93,0.3,17348.41,11041.13,6307.28,No,CUST-1852
ORD-102314,2025-05-28,West,Ahmedabad,Beauty,Face Wash,Online,Corporate,1,1145.42,0.0,1145.42,825.77,319.65,No,CUST-1510
ORD-102315,2025-05-28,East,Patna,Sports,Yoga Mat,Online,Corporate,7,2481.03,0.1,15630.49,10754.18,4876.31,No,CUST-1585
ORD-102316,2025-05-28,East,Guwahati,Apparel,Denim Jeans,Online,Consumer,1,1549.88,0.2,1239.9,772.81,467.09,No,CUST-1792
ORD-102317,2025-05-28,North,Delhi,Home & Kitchen,Espresso Machine,Online,Consumer,4,6279.65,0.3,17583.02,10020.51,7562.51,No,CUST-1836
ORD-102318,2025-05-28,South,Kochi,Electronics,Wireless Earbuds,Online,Consumer,6,8929.88,0.0,53579.28,24161.23,-21780.83,Yes,CUST-1860
ORD-102319,2025-05-31,East,Patna,Home & Kitchen,Chef Knife,Online,Consumer,8,4578.02,0.2,29299.33,15610.65,13688.68,No,CUST-1119
ORD-102320,2025-05-31,South,Chennai,Apparel,Wool Sweater,Online,Consumer,3,3437.34,0.25,7734.02,5909.43,1824.59,No,CUST-1291
ORD-102321,2025-06-01,West,Ahmedabad,Electronics,Wireless Earbuds,Online,Corporate,1,8976.72,0.05,8527.88,4612.75,3915.13,No,CUST-1691
ORD-102322,2025-06-01,North,Lucknow,Sports,Dumbbell Set,Online,Consumer,7,5096.61,0.2,28541.02,19924.81,8616.21,No,CUST-1025
ORD-102323,2025-06-02,South,Hyderabad,Beauty,Face Wash,Online,Consumer,8,1566.12,0.1,11276.06,6966.4,4309.66,No,CUST-1211
ORD-102324,2025-06-02,South,Chennai,Electronics,Bluetooth Speaker,Online,Consumer,5,6651.19,0.15,28267.56,15598.32,12669.24,No,CUST-1463
ORD-102325,2025-06-02,South,Kochi,Sports,Running Shoes,Partner,Consumer,1,4328.06,0.05,4111.66,3195.01,916.65,No,CUST-1309
ORD-102326,2025-06-03,North,Lucknow,Apparel,Denim Jeans,Retail Store,Consumer,5,3324.6,,16623.0,7738.03,8884.97,No,CUST-1155
ORD-102327,2025-06-03,North,Chandigarh,Apparel,Denim Jeans,Online,Corporate,4,2548.75,0.25,7646.25,4909.55,2736.7,No,CUST-1809
ORD-102328,2025-06-03,West,Mumbai,Beauty,Sunscreen SPF50,Online,Consumer,4,989.4,0.0,3957.6,2383.67,1573.93,No,CUST-1403
ORD-102329,2025-06-03,South,Chennai,Apparel,Rain Jacket,Retail Store,Consumer,1,2962.71,0.0,2962.71,1408.04,1554.67,No,CUST-1370
ORD-102330,2025-06-04,North,Chandigarh,Apparel,Wool Sweater,Online,Consumer,3,2260.82,0.25,5086.85,2648.48,2438.37,No,CUST-1591
ORD-102331,2025-06-04,North,Jaipur,Home & Kitchen,Espresso Machine,Retail Store,Consumer,8,8003.86,0.3,44821.62,30438.36,14383.26,No,CUST-1603
ORD-102332,2025-06-04,South,Hyderabad,Electronics,4K Monitor,Partner,Corporate,1,7920.79,0.15,6732.67,3270.38,3462.29,No,CUST-1443
ORD-102333,2025-06-05,North,Chandigarh,Apparel,Cotton T-Shirt,Online,Corporate,8,4000.96,0.15,27206.53,19434.67,7771.86,No,CUST-1798
ORD-102334,2025-06-06,East,Kolkata,Apparel,Denim Jeans,Online,Corporate,5,1545.27,0.05,7340.03,4817.04,2522.99,No,CUST-1266
ORD-102335,2025-06-06,East,Bhubaneswar,Home & Kitchen,Espresso Machine,Online,Corporate,5,6614.93,0.15,28113.45,13586.75,-5115.33,Yes,CUST-1783
ORD-102336,2025-06-08,North,Chandigarh,Electronics,Bluetooth Speaker,Online,Corporate,8,11442.88,0.15,77811.58,42379.99,35431.59,No,CUST-1781
ORD-102337,2025-06-08,South,Bengaluru,Electronics,Smart Watch,Online,Consumer,2,7001.3,0.1,12602.34,6241.54,6360.8,No,CUST-1008
ORD-102338,2025-06-08,North,Chandigarh,Home & Kitchen,Air Fryer,Retail Store,Consumer,8,6202.18,0.15,42174.82,30079.44,12095.38,No,CUST-1679
ORD-102339,2025-06-08,North,Chandigarh,Electronics,Wireless Earbuds,Online,Corporate,3,7937.01,0.1,21429.93,13412.49,-4121.49,Yes,CUST-1142
ORD-102340,2025-06-09,West,Mumbai,Apparel,Denim Jeans,Retail Store,Consumer,3,2466.74,0.25,5550.16,2502.76,3047.4,No,CUST-1437
ORD-102341,2025-06-09,South,Hyderabad,Home & Kitchen,Air Fryer,Retail Store,Consumer,4,6776.22,0.2,21683.9,13642.6,8041.3,No,CUST-1826
ORD-102342,2025-06-09,West,Pune,Beauty,Sunscreen SPF50,Online,Home Office,5,1038.33,0.05,4932.07,3005.23,1926.84,No,CUST-1175
ORD-102343,2025-06-10,North,Jaipur,Electronics,Bluetooth Speaker,Partner,Consumer,3,8501.69,0.15,21679.31,14356.37,7322.94,No,CUST-1506
ORD-102344,2025-06-10,North,Chandigarh,Beauty,Sunscreen SPF50,Retail Store,Consumer,7,1617.52,0.0,11322.64,5225.38,6097.26,No,CUST-1699
ORD-102345,2025-06-11,South,Bengaluru,Home & Kitchen,Chef Knife,Online,Consumer,1,6129.54,0.0,6129.54,2829.95,3299.59,No,CUST-1432
ORD-102346,2025-06-12,South,Bengaluru,Apparel,Wool Sweater,Partner,Consumer,6,2266.64,0.25,10199.88,5765.91,4433.97,No,CUST-1070
ORD-102347,2025-06-12,West,Pune,Beauty,Sunscreen SPF50,Retail Store,Consumer,6,1782.64,,9091.46,6156.9,2934.56,No,CUST-1058
ORD-102348,2025-06-12,North,Lucknow,Home & Kitchen,Air Fryer,Online,Consumer,5,7471.01,0.0,37355.05,25026.55,12328.5,No,CUST-1466
ORD-102349,2025-06-12,West,Mumbai,Home & Kitchen,Cookware Set,Retail Store,Consumer,5,4963.18,0.05,23575.1,12773.63,10801.47,No,CUST-1022
ORD-102350,2025-06-12,West,Surat,Home & Kitchen,Cookware Set,Retail Store,Consumer,6,4605.65,0.3,19343.73,10083.93,9259.8,No,CUST-1013
ORD-102351,2025-06-13,South,Bengaluru,Home & Kitchen,Cookware Set,Retail Store,Consumer,8,5091.12,0.15,34619.62,23383.18,11236.44,No,CUST-1858
ORD-102352,2025-06-13,South,Chennai,Sports,Yoga Mat,Partner,Consumer,2,4421.08,0.25,6631.62,3043.56,3588.06,No,CUST-1479
ORD-102353,2025-06-14,South,Chennai,Home & Kitchen,Cookware Set,Online,Consumer,4,6832.21,0.1,24595.96,15587.41,9008.55,No,CUST-1426
ORD-102354,2025-06-14,North,Jaipur,Beauty,Vitamin C Serum,Online,Consumer,5,1707.66,,8538.3,5037.19,3501.11,No,CUST-1090
ORD-102355,2025-06-15,East,Kolkata,Beauty,Face Wash,Online,Corporate,3,1350.6,0.0,4051.8,2142.99,1908.81,No,CUST-1707
ORD-102356,2025-06-15,South,Kochi,Beauty,Sunscreen SPF50,Retail Store,Consumer,8,1159.17,0.0,9273.36,5765.23,3508.13,No,CUST-1459
ORD-102357,2025-06-15,West,Pune,Sports,Running Shoes,Online,Home Office,5,4749.05,0.2,18996.2,9909.66,9086.54,No,CUST-1198
ORD-102358,2025-06-16,East,Patna,Electronics,Smart Watch,Online,Corporate,5,7670.49,0.2,30681.96,19520.66,11161.3,No,CUST-1677
ORD-102359,2025-06-16,South,Hyderabad,Electronics,Bluetooth Speaker,Online,Consumer,2,9093.72,0.1,16368.7,8170.62,8198.08,No,CUST-1213
ORD-102360,2025-06-16,East,Bhubaneswar,Home & Kitchen,Cookware Set,Retail Store,Consumer,4,4249.59,0.2,13598.69,7939.98,5658.71,No,CUST-1452
ORD-102361,2025-06-16,South,Chennai,Apparel,Denim Jeans,Online,Consumer,6,2547.49,0.1,13756.45,8507.55,5248.9,No,CUST-1504
ORD-102362,2025-06-16,West,Ahmedabad,Home & Kitchen,Chef Knife,Online,Consumer,4,7882.71,,25224.67,11614.99,-11491.78,Yes,CUST-1251
ORD-102363,2025-06-17,North,Lucknow,Beauty,Hair Oil,Online,Home Office,7,1227.18,0.2,6872.21,4477.5,-3092.35,Yes,CUST-1788
ORD-102364,2025-06-17,West,Surat,Sports,Running Shoes,Online,Corporate,2,4663.21,0.1,8393.78,5855.53,2538.25,No,CUST-1633
ORD-102365,2025-06-17,East,Patna,Apparel,Cotton T-Shirt,Online,,2,1419.8,0.15,2413.66,1847.67,565.99,No,CUST-1259
ORD-102366,2025-06-18,West,Mumbai,Home & Kitchen,Espresso Machine,Online,Corporate,3,5659.86,0.0,16979.58,8778.98,8200.6,No,CUST-1140
ORD-102367,2025-06-18,South,Hyderabad,Electronics,Smart Watch,Retail Store,Home Office,3,8415.93,0.2,20198.23,10480.24,9717.99,No,CUST-1295
ORD-102368,2025-06-19,West,Pune,Apparel,Rain Jacket,Online,Home Office,7,4033.38,0.3,19763.56,10881.7,8881.86,No,CUST-1418
ORD-102369,2025-06-20,North,Lucknow,Electronics,Wireless Earbuds,Online,Consumer,7,6498.23,0.0,45487.61,33840.6,11647.01,No,CUST-1495
ORD-102370,2025-06-20,East,Patna,Apparel,Denim Jeans,Retail Store,Consumer,4,3347.04,0.2,10710.53,6257.76,4452.77,No,CUST-1360
ORD-102371,2025-06-20,North,Lucknow,Home & Kitchen,Air Fryer,Online,Consumer,5,7960.8,0.0,39804.0,21875.96,17928.04,No,CUST-1036
ORD-102372,2025-06-21,North,Delhi,Home & Kitchen,Chef Knife,Online,Consumer,3,5434.53,0.05,15488.41,10758.09,4730.32,No,CUST-1608
ORD-102373,2025-06-21,South,Chennai,Home & Kitchen,Espresso Machine,Online,Consumer,5,5929.93,0.2,23719.72,10971.24,12748.48,No,CUST-1340
ORD-102374,2025-06-22,North,Chandigarh,Apparel,Denim Jeans,Online,Consumer,6,3009.17,0.0,18055.02,11394.68,6660.34,No,CUST-1301
ORD-102375,2025-06-22,South,Hyderabad,Electronics,Bluetooth Speaker,Online,Corporate,6,5902.2,0.0,35413.2,21197.02,14216.18,No,CUST-1500
ORD-102376,2025-06-23,West,Pune,Electronics,Bluetooth Speaker,Partner,Consumer,8,7880.51,0.05,59891.88,39301.24,20590.64,No,CUST-1751
ORD-102377,2025-06-23,North,Delhi,Sports,Running Shoes,Online,Corporate,5,5074.61,0.0,25373.05,17539.45,7833.6,No,CUST-1004
ORD-102378,2025-06-23,East,Kolkata,Sports,Dumbbell Set,Online,Consumer,3,4418.48,0.15,11267.12,6278.56,4988.56,No,CUST-1864
ORD-102379,2025-06-23,North,Chandigarh,Apparel,Rain Jacket,Partner,Consumer,1,2819.69,0.0,2819.69,1861.05,958.64,No,CUST-1574
ORD-102380,2025-06-24,East,Guwahati,Electronics,Wireless Earbuds,Online,Corporate,6,8980.49,0.0,53882.94,33570.61,20312.33,No,CUST-1492
ORD-102381,2025-06-24,East,Guwahati,Apparel,Rain Jacket,Retail Store,Consumer,7,3294.61,0.0,23062.27,11397.59,11664.68,No,CUST-1045
ORD-102382,2025-06-24,South,Kochi,Home & Kitchen,Chef Knife,Online,Corporate,5,7568.85,0.3,26490.98,19629.01,6861.97,No,CUST-1640
ORD-102383,2025-06-24,East,Kolkata,Apparel,Denim Jeans,Retail Store,Corporate,8,2564.43,0.3,14360.81,10038.42,4322.39,No,CUST-1647
ORD-102384,2025-06-26,West,Surat,Electronics,Smart Watch,Partner,Consumer,3,11728.03,0.0,35184.09,26533.94,-12951.82,Yes,CUST-1504
ORD-102385,2025-06-26,East,Guwahati,Apparel,Denim Jeans,Online,Consumer,1,3769.49,0.0,3769.49,2592.4,1177.09,No,CUST-1721
ORD-102386,2025-06-26,South,Kochi,Electronics,Wireless Earbuds,Partner,Consumer,6,10077.06,0.2,48369.89,25674.07,22695.82,No,CUST-1754
ORD-102387,2025-06-26,South,Kochi,Apparel,Rain Jacket,Online,Consumer,1,2381.63,0.0,2381.63,1410.1,971.53,No,CUST-1754
ORD-102388,2025-06-26,East,Bhubaneswar,Electronics,Bluetooth Speaker,Retail Store,Home Office,1,6803.83,0.15,5783.26,3340.8,2442.46,No,CUST-1294
ORD-102389,2025-06-27,North,Jaipur,Home & Kitchen,Chef Knife,Online,Corporate,6,6010.87,0.3,25245.65,11658.98,13586.67,No,CUST-1606
ORD-102390,2025-06-27,East,Kolkata,Apparel,Cotton T-Shirt,Online,Consumer,4,2964.27,0.0,11857.08,6942.09,4914.99,No,CUST-1051
ORD-102391,2025-06-28,North,Delhi,Electronics,Bluetooth Speaker,Online,Corporate,5,5362.03,0.3,18767.1,10585.36,8181.74,No,CUST-1505
ORD-102392,2025-06-28,East,Patna,Home & Kitchen,Cookware Set,Partner,Home Office,6,7184.21,0.0,43105.26,19453.18,23652.08,No,CUST-1131
ORD-102393,2025-06-28,North,Delhi,Apparel,Rain Jacket,Retail Store,Consumer,4,3755.37,0.0,15021.48,10958.93,4062.55,No,CUST-1276
ORD-102394,2025-06-29,North,Jaipur,Beauty,Hair Oil,Retail Store,Consumer,5,1649.05,0.1,7420.72,3691.65,3729.07,No,CUST-1609
ORD-102395,2025-06-29,West,Pune,Sports,Cricket Bat,Online,Corporate,5,3381.93,0.25,12682.24,7803.56,4878.68,No,CUST-1382
ORD-102396,2025-06-29,West,Ahmedabad,Electronics,4K Monitor,Online,Corporate,5,7248.26,0.1,32617.17,23123.74,9493.43,No,CUST-1777
ORD-102397,2025-06-29,West,Surat,Beauty,Face Wash,Online,Consumer,6,1560.68,0.0,9364.08,6081.77,3282.31,No,CUST-1078
ORD-102398,2025-06-30,West,Ahmedabad,Home & Kitchen,Espresso Machine,Online,Consumer,4,6266.12,0.0,25064.48,12679.77,12384.71,No,CUST-1874
ORD-102399,2025-06-30,South,Kochi,Home & Kitchen,Espresso Machine,Online,Consumer,5,7117.95,0.2,28471.8,18620.83,9850.97,No,CUST-1636
